-- Adminer 4.7.8 MySQL dump

SET NAMES utf8;
SET time_zone = '+00:00';
SET foreign_key_checks = 0;
SET sql_mode = 'NO_AUTO_VALUE_ON_ZERO';

SET NAMES utf8mb4;

DROP TABLE IF EXISTS `doctors`;
CREATE TABLE `doctors` (
  `id` bigint(20) unsigned NOT NULL AUTO_INCREMENT,
  `full_name` varchar(191) COLLATE utf8mb4_unicode_ci NOT NULL,
  `phone` varchar(191) COLLATE utf8mb4_unicode_ci DEFAULT NULL,
  `email` varchar(191) COLLATE utf8mb4_unicode_ci DEFAULT NULL,
  `password` varchar(191) COLLATE utf8mb4_unicode_ci NOT NULL,
  `token` text COLLATE utf8mb4_unicode_ci,
  `dob` varchar(191) COLLATE utf8mb4_unicode_ci NOT NULL,
  `gender` varchar(191) COLLATE utf8mb4_unicode_ci NOT NULL,
  `token_firebase` varchar(191) COLLATE utf8mb4_unicode_ci DEFAULT NULL,
  `type` varchar(191) COLLATE utf8mb4_unicode_ci NOT NULL,
  `height` varchar(191) COLLATE utf8mb4_unicode_ci DEFAULT NULL,
  `blood_type` varchar(191) COLLATE utf8mb4_unicode_ci DEFAULT NULL,
  `smoking` tinyint(1) DEFAULT NULL,
  `alcohol` tinyint(1) DEFAULT NULL,
  `login` tinyint(1) NOT NULL DEFAULT '0',
  `serial_key` varchar(191) COLLATE utf8mb4_unicode_ci NOT NULL,
  `avatar` varchar(191) COLLATE utf8mb4_unicode_ci NOT NULL DEFAULT 'doctor.png',
  `verified_email` tinyint(1) DEFAULT '1',
  `created_at` timestamp NULL DEFAULT NULL,
  `updated_at` timestamp NULL DEFAULT NULL,
  PRIMARY KEY (`id`),
  UNIQUE KEY `doctors_phone_unique` (`phone`),
  UNIQUE KEY `doctors_email_unique` (`email`)
) ENGINE=InnoDB DEFAULT CHARSET=utf8mb4 COLLATE=utf8mb4_unicode_ci;

INSERT INTO `doctors` (`id`, `full_name`, `phone`, `email`, `password`, `token`, `dob`, `gender`, `token_firebase`, `type`, `height`, `blood_type`, `smoking`, `alcohol`, `login`, `serial_key`, `avatar`, `verified_email`, `created_at`, `updated_at`) VALUES
(29,	'Doctor Abdelo',	'01056334943',	'ddd@gmail.com',	'$2y$10$g6JFLUNBz7w9t.6HC0gzeuy.hm88fCX53/IolZjl8yru7FOT2.eLm',	'eyJ0eXAiOiJKV1QiLCJhbGciOiJIUzI1NiJ9.eyJpc3MiOiJodHRwOi8vcGhwbGFyYXZlbC02OTUwMTgtMjMwMDQ3NC5jbG91ZHdheXNhcHBzLmNvbS9hcGkvbG9naW4iLCJpYXQiOjE2NDE5OTQxMDIsIm5iZiI6MTY0MTk5NDEwMiwianRpIjoiSjljRldFbTBVZ2k2SmRhWCIsInN1YiI6MjksInBydiI6ImUxNDc4N2FhYjY2Njg4Y2UwNmM0NzEyZTY3M2UxYTFjNDRmNDkwOTQiLCJ0eXBlIjoiZG9jdG9yIn0.S1eqRjS7QIDU_qjN81m3gFiVXO0vZEX45nvdUCOjELU',	'12/01/2022',	'Male',	NULL,	'doctor',	NULL,	NULL,	NULL,	NULL,	1,	'41641994077',	'doctor.png',	1,	'2022-01-12 13:27:57',	'2022-01-12 13:28:22'),
(30,	'Mohammed Reda',	'01011770878',	'dentist.redasalem2@gmail.com',	'$2y$10$GJBWe5OeZZxeApsrQoAMjOBueKnXGz1RiGXVyqvunsYlbbr7KgqBe',	NULL,	'06/11/1992',	'Male',	NULL,	'doctor',	'182',	'O',	1,	0,	0,	'01642006895',	'doctor.png',	1,	'2022-01-12 17:01:35',	'2022-01-17 10:29:43'),
(31,	'Hussein Mansour Abdelkareem',	'01002032873',	'husseinmansour124@gmail.com',	'$2y$10$e2wfV.0AI64LBU6G7nQa0OutlUyVWdrmgFHtbVZI9amsS0d37C7hO',	'eyJ0eXAiOiJKV1QiLCJhbGciOiJIUzI1NiJ9.eyJpc3MiOiJodHRwOi8vcGhwbGFyYXZlbC02OTUwMTgtMjMwMDQ3NC5jbG91ZHdheXNhcHBzLmNvbS9hcGkvbG9naW4iLCJpYXQiOjE2NDIwMDc0ODksIm5iZiI6MTY0MjAwNzQ4OSwianRpIjoiRHJxYUdzMmlaaUduYktiRyIsInN1YiI6MzEsInBydiI6ImUxNDc4N2FhYjY2Njg4Y2UwNmM0NzEyZTY3M2UxYTFjNDRmNDkwOTQiLCJ0eXBlIjoiZG9jdG9yIn0.eG1RDnekzD5QnKDuqsg80f5l2EtIYe7vV9nLTaN-55w',	'25/08/1999',	'Male',	NULL,	'doctor',	NULL,	NULL,	NULL,	NULL,	1,	'31642007474',	'doctor.png',	1,	'2022-01-12 17:11:14',	'2022-01-12 17:11:29'),
(32,	'Omar Muhammad',	'01202947047',	'Oa611202@outlook.com',	'$2y$10$V3qqqREGcxx90E9WTtvt1etwHuXr8F6SMpZqC9xa1alOLoh2KegCG',	'eyJ0eXAiOiJKV1QiLCJhbGciOiJIUzI1NiJ9.eyJpc3MiOiJodHRwOi8vcGhwbGFyYXZlbC02OTUwMTgtMjMwMDQ3NC5jbG91ZHdheXNhcHBzLmNvbS9hcGkvbG9naW4iLCJpYXQiOjE2NDIwMDc2MzYsIm5iZiI6MTY0MjAwNzYzNiwianRpIjoic2c1cHViYkZjUXY3NWFoRiIsInN1YiI6MzIsInBydiI6ImUxNDc4N2FhYjY2Njg4Y2UwNmM0NzEyZTY3M2UxYTFjNDRmNDkwOTQiLCJ0eXBlIjoiZG9jdG9yIn0.9nciuKI3fol2pD64ifs8p1ouEcA-tJ4PlT_z5VGJY0o',	'22/04/1998',	'Male',	NULL,	'doctor',	NULL,	NULL,	NULL,	NULL,	1,	'31642007621',	'doctor.png',	1,	'2022-01-12 17:13:41',	'2022-01-12 17:13:56'),
(33,	'على محمود مصطفىالرويني',	'01010206300',	'alimelrweny@gmail.com',	'$2y$10$Z0elf1klL/EyYxWqmHL6hejb.mlQZmSVSDNaehfVGloOr6bxl/7P.',	'eyJ0eXAiOiJKV1QiLCJhbGciOiJIUzI1NiJ9.eyJpc3MiOiJodHRwOi8vcGhwbGFyYXZlbC02OTUwMTgtMjMwMDQ3NC5jbG91ZHdheXNhcHBzLmNvbS9hcGkvbG9naW4iLCJpYXQiOjE2NDIwMDc2NTUsIm5iZiI6MTY0MjAwNzY1NSwianRpIjoiSDM2cGYxMUhnZkV1azBiciIsInN1YiI6MzMsInBydiI6ImUxNDc4N2FhYjY2Njg4Y2UwNmM0NzEyZTY3M2UxYTFjNDRmNDkwOTQiLCJ0eXBlIjoiZG9jdG9yIn0.emlG-WWTB5xec7LkPN6P9oRNSXT6kSUkSVsfgvT7D58',	'20/01/1998',	'Male',	NULL,	'doctor',	NULL,	NULL,	NULL,	NULL,	1,	'91642007642',	'doctor.png',	1,	'2022-01-12 17:14:02',	'2022-01-12 17:14:15'),
(34,	'mohamedaboelsoud',	'01117138889',	'mm4686021@gmail.com',	'$2y$10$tkU/cpUqG5K57IlINWwkYenqyw.73MkXY9bdftEwIEHh2MlONRXn2',	NULL,	'01/01/1995',	'Male',	NULL,	'doctor',	NULL,	NULL,	NULL,	NULL,	0,	'11642008816',	'doctor.png',	1,	'2022-01-12 17:33:36',	'2022-01-12 17:33:37'),
(35,	'jdhhdhhd',	'1549646846576',	'ggg@gmail.com',	'$2y$10$RiBAgwY4HIxqafzTb7ioKOhGhJK/QQ/wS8/.whRL/R./Jfm.fT.7i',	NULL,	'12/01/2022',	'Male',	NULL,	'doctor',	NULL,	NULL,	NULL,	NULL,	0,	'51642008961',	'doctor.png',	1,	'2022-01-12 17:36:01',	'2022-01-12 17:36:01'),
(36,	'ايتتيتتي',	'1269548976',	'gwggw@gmail.com',	'$2y$10$YK1ZLorFjbyUzNpv2LsVd.SEenzfmUTGcv1l03MyaSxbXQCG4IkzG',	NULL,	'12/01/2022',	'Male',	NULL,	'doctor',	NULL,	NULL,	NULL,	NULL,	0,	'101642009205',	'doctor.png',	1,	'2022-01-12 17:40:05',	'2022-01-12 17:40:05'),
(37,	'khalid Elderiny',	'01013977573',	'khalidgamal126@gmail.com',	'$2y$10$OAX4Fh4.qvtbK/FRVCEZeOvwpMT54fCUdjcpD4AhoUKEoiu7xIAyW',	NULL,	'21/06/1999',	'Male',	NULL,	'doctor',	NULL,	NULL,	NULL,	NULL,	0,	'21642044556',	'doctor.png',	1,	'2022-01-13 03:29:16',	'2022-01-18 20:32:02'),
(38,	'Ali Mohamed Ali',	'01097311467',	'ali411998114@gmail.com',	'$2y$10$8wTqQvh6oM8K9wd3WjB2oeRuLkGRWdaxC.tCZm51rvN7SLxCztbOu',	'eyJ0eXAiOiJKV1QiLCJhbGciOiJIUzI1NiJ9.eyJpc3MiOiJodHRwOi8vcGhwbGFyYXZlbC02OTUwMTgtMjMwMDQ3NC5jbG91ZHdheXNhcHBzLmNvbS9hcGkvbG9naW4iLCJpYXQiOjE2NDIwNTY2NTUsIm5iZiI6MTY0MjA1NjY1NSwianRpIjoiU1puZmNYTHBpMWZqSHQ0VSIsInN1YiI6MzgsInBydiI6ImUxNDc4N2FhYjY2Njg4Y2UwNmM0NzEyZTY3M2UxYTFjNDRmNDkwOTQiLCJ0eXBlIjoiZG9jdG9yIn0.f3qvZCnI7OSQ1dimgyZRXxIUt-tKXg_RUud-ze_Ase4',	'04/01/2022',	'Male',	NULL,	'doctor',	NULL,	NULL,	NULL,	NULL,	1,	'91642056635',	'doctor.png',	1,	'2022-01-13 06:50:35',	'2022-01-13 06:50:55'),
(39,	'Alaa Amin',	'01022307073',	'alaaaminahmed@gmail.com',	'$2y$10$q/a3MJPtR1k6NR6cLQpcO.810RYl4RaZov.szoPWtJ/s3wkxEHlqG',	'eyJ0eXAiOiJKV1QiLCJhbGciOiJIUzI1NiJ9.eyJpc3MiOiJodHRwOi8vcGhwbGFyYXZlbC02OTUwMTgtMjMwMDQ3NC5jbG91ZHdheXNhcHBzLmNvbS9hcGkvbG9naW4iLCJpYXQiOjE2NDIxMDA2MDIsIm5iZiI6MTY0MjEwMDYwMiwianRpIjoiN2dpYVQwOElGd3N2Wk5nOSIsInN1YiI6MzksInBydiI6ImUxNDc4N2FhYjY2Njg4Y2UwNmM0NzEyZTY3M2UxYTFjNDRmNDkwOTQiLCJ0eXBlIjoiZG9jdG9yIn0.CA7TRR9aJhlUV5Ms-HmMsSqn7UWddkTA5N91rWA0b2w',	'27/08/2001',	'Female',	NULL,	'doctor',	NULL,	NULL,	NULL,	NULL,	1,	'71642100563',	'doctor.png',	1,	'2022-01-13 19:02:43',	'2022-01-13 19:03:22'),
(40,	'محمد أيمن',	'01024251571',	'mohamedaymangomaa@gmail.com',	'$2y$10$3OvApP3UiOvFpzqqor2ey.CiEBIPz2VTROOfkDC6h1hdamw7dMsEa',	'eyJ0eXAiOiJKV1QiLCJhbGciOiJIUzI1NiJ9.eyJpc3MiOiJodHRwOi8vcGhwbGFyYXZlbC02OTUwMTgtMjMwMDQ3NC5jbG91ZHdheXNhcHBzLmNvbS9hcGkvbG9naW4iLCJpYXQiOjE2NDIyMzQ3MDgsIm5iZiI6MTY0MjIzNDcwOCwianRpIjoiMkVGNDE1V002ZUYwQ0lMSCIsInN1YiI6NDAsInBydiI6ImUxNDc4N2FhYjY2Njg4Y2UwNmM0NzEyZTY3M2UxYTFjNDRmNDkwOTQiLCJ0eXBlIjoiZG9jdG9yIn0.a-uq-Ywd0SWNMrzJZLeSEzM07yovNNI4SuWx6tl5alE',	'05/12/1998',	'Male',	NULL,	'doctor',	NULL,	NULL,	NULL,	NULL,	1,	'51642234678',	'doctor.png',	1,	'2022-01-15 08:17:58',	'2022-01-15 08:18:28'),
(41,	'Dr Beder',	'01123316425',	'tarek.beder50@gmail.com',	'$2y$10$9O0nS3Etl0npNfgvJj7eIOSYrDL8nLxxgnwAuI6q5SodwYbIFEjRa',	'eyJ0eXAiOiJKV1QiLCJhbGciOiJIUzI1NiJ9.eyJpc3MiOiJodHRwOi8vcGhwbGFyYXZlbC02OTUwMTgtMjMwMDQ3NC5jbG91ZHdheXNhcHBzLmNvbS9hcGkvbG9naW4iLCJpYXQiOjE2NDIyMzczNDMsIm5iZiI6MTY0MjIzNzM0MywianRpIjoiaVNlTU1xUGhZYk02c3RNWCIsInN1YiI6NDEsInBydiI6ImUxNDc4N2FhYjY2Njg4Y2UwNmM0NzEyZTY3M2UxYTFjNDRmNDkwOTQiLCJ0eXBlIjoiZG9jdG9yIn0.NNZUl1z89Eb572erdbYWaiH2e29gw5bnnyU1udtLH5k',	'25/02/1998',	'Male',	NULL,	'doctor',	NULL,	NULL,	NULL,	NULL,	1,	'31642237329',	'doctor.png',	1,	'2022-01-15 09:02:09',	'2022-01-15 09:02:23'),
(42,	'Mahmoud Magdy',	'01094976435',	'mahmoudelghandour135@gmail.com',	'$2y$10$aZam5Ahcc8G4RghT/VfzlODwhnbsjmoHZiBRWNGKfLjWnONJn3N6i',	'eyJ0eXAiOiJKV1QiLCJhbGciOiJIUzI1NiJ9.eyJpc3MiOiJodHRwOi8vcGhwbGFyYXZlbC02OTUwMTgtMjMwMDQ3NC5jbG91ZHdheXNhcHBzLmNvbS9hcGkvbG9naW4iLCJpYXQiOjE2NDIyNDE0MTMsIm5iZiI6MTY0MjI0MTQxMywianRpIjoiWHFod0hKMk9zZU9LeUFXViIsInN1YiI6NDIsInBydiI6ImUxNDc4N2FhYjY2Njg4Y2UwNmM0NzEyZTY3M2UxYTFjNDRmNDkwOTQiLCJ0eXBlIjoiZG9jdG9yIn0.MC3KIMCYc2QVAxz43drMcxCHaX9O86j8FIOkn_YSW54',	'25/10/2000',	'Male',	NULL,	'doctor',	NULL,	NULL,	NULL,	NULL,	1,	'51642241373',	'doctor.png',	1,	'2022-01-15 10:09:33',	'2022-01-15 10:10:13'),
(43,	'Usama Alkilany',	'01023901018',	'Oa1808226@gmail.com',	'$2y$10$EIgb8XQclP7WuZPH9bWBMe7Ifen.kOwpabbBZVAvHc7yA1zyxqekG',	'eyJ0eXAiOiJKV1QiLCJhbGciOiJIUzI1NiJ9.eyJpc3MiOiJodHRwOi8vcGhwbGFyYXZlbC02OTUwMTgtMjMwMDQ3NC5jbG91ZHdheXNhcHBzLmNvbS9hcGkvbG9naW4iLCJpYXQiOjE2NDIyNDYwNzYsIm5iZiI6MTY0MjI0NjA3NiwianRpIjoiUTJLY1J6VnpYU0JPYjkxRiIsInN1YiI6NDMsInBydiI6ImUxNDc4N2FhYjY2Njg4Y2UwNmM0NzEyZTY3M2UxYTFjNDRmNDkwOTQiLCJ0eXBlIjoiZG9jdG9yIn0.zUk21hFddVCf7IyxkD5Vamn64d9qpvNOZdMUrWhtGgw',	'01/08/1998',	'Male',	NULL,	'doctor',	NULL,	NULL,	NULL,	NULL,	1,	'81642246019',	'doctor.png',	1,	'2022-01-15 11:26:59',	'2022-01-15 11:27:56'),
(44,	'Said',	'0597289337',	'1saidhazem@gmail.com',	'$2y$10$a5lYmEEtEExlmPtZy86BeeY6szadLgVx9BXAEOwtC9a4OqLccEGmO',	'eyJ0eXAiOiJKV1QiLCJhbGciOiJIUzI1NiJ9.eyJpc3MiOiJodHRwOi8vcGhwbGFyYXZlbC02OTUwMTgtMjMwMDQ3NC5jbG91ZHdheXNhcHBzLmNvbS9hcGkvbG9naW4iLCJpYXQiOjE2NDIyNTM0MDgsIm5iZiI6MTY0MjI1MzQwOCwianRpIjoiM01VbmdCcEtYbjg0WDVUcyIsInN1YiI6NDQsInBydiI6ImUxNDc4N2FhYjY2Njg4Y2UwNmM0NzEyZTY3M2UxYTFjNDRmNDkwOTQiLCJ0eXBlIjoiZG9jdG9yIn0.CAu1R47-B0p2Cend-KTSbxnQPXmS7QtUxf0Z-TT6-N8',	'11/01/2022',	'Male',	NULL,	'doctor',	'178',	'O',	0,	1,	1,	'41642253391',	'6976541642253600.jpg',	1,	'2022-01-15 13:29:51',	'2022-01-15 13:33:20'),
(45,	'Mohamed El Beheira',	'01150095032',	'basemomar@yahoo.com',	'$2y$10$8A7FdwmKen8rvLfY97jUDeT15mkw12ikGY.5otwPbOIgt1J5L/fDO',	'eyJ0eXAiOiJKV1QiLCJhbGciOiJIUzI1NiJ9.eyJpc3MiOiJodHRwOi8vcGhwbGFyYXZlbC02OTUwMTgtMjMwMDQ3NC5jbG91ZHdheXNhcHBzLmNvbS9hcGkvbG9naW4iLCJpYXQiOjE2NDIyNTY2NTAsIm5iZiI6MTY0MjI1NjY1MCwianRpIjoiMVRsS1BNakxWRGhuWnJKTCIsInN1YiI6NDUsInBydiI6ImUxNDc4N2FhYjY2Njg4Y2UwNmM0NzEyZTY3M2UxYTFjNDRmNDkwOTQiLCJ0eXBlIjoiZG9jdG9yIn0.AtuLQBor3Yj8a9g9Im09Jx9rxydGzORbn22yd6_6-jY',	'15/01/2022',	'Male',	NULL,	'doctor',	NULL,	NULL,	NULL,	NULL,	1,	'11642256637',	'doctor.png',	1,	'2022-01-15 14:23:57',	'2022-01-15 14:24:10'),
(46,	'Mohamed Abdo',	'01550681400',	'mohamedabdou681400@gmail.com',	'$2y$10$/Ane9cQzwV57.IoWZgZ1iebuj56S//86jMl0aAAX4l0wuSf7zLIZm',	'eyJ0eXAiOiJKV1QiLCJhbGciOiJIUzI1NiJ9.eyJpc3MiOiJodHRwOi8vcGhwbGFyYXZlbC02OTUwMTgtMjMwMDQ3NC5jbG91ZHdheXNhcHBzLmNvbS9hcGkvbG9naW4iLCJpYXQiOjE2NDIyNjAwMjksIm5iZiI6MTY0MjI2MDAyOSwianRpIjoiZm8wUXpqcE5PNVkwanZzWSIsInN1YiI6NDYsInBydiI6ImUxNDc4N2FhYjY2Njg4Y2UwNmM0NzEyZTY3M2UxYTFjNDRmNDkwOTQiLCJ0eXBlIjoiZG9jdG9yIn0.C7H4luNSIBAfYSLaE7uJ8n87w8S3_Dw6M4upDhx60K0',	'20/12/1996',	'Male',	NULL,	'doctor',	NULL,	NULL,	NULL,	NULL,	1,	'91642259965',	'doctor.png',	1,	'2022-01-15 15:19:25',	'2022-01-15 15:20:29'),
(47,	'Ammar Ismail',	'01119490188',	'ammaryasserismail@gmail.com',	'$2y$10$wcsUIjMdHrMo00x19WMZNe8xe3y/l75kOta.OIy8B.pnICTCIu3xW',	'eyJ0eXAiOiJKV1QiLCJhbGciOiJIUzI1NiJ9.eyJpc3MiOiJodHRwOi8vcGhwbGFyYXZlbC02OTUwMTgtMjMwMDQ3NC5jbG91ZHdheXNhcHBzLmNvbS9hcGkvbG9naW4iLCJpYXQiOjE2NDIyNjkyMzgsIm5iZiI6MTY0MjI2OTIzOCwianRpIjoiRW91YUhJczBZQlRyOTA0ZCIsInN1YiI6NDcsInBydiI6ImUxNDc4N2FhYjY2Njg4Y2UwNmM0NzEyZTY3M2UxYTFjNDRmNDkwOTQiLCJ0eXBlIjoiZG9jdG9yIn0.Etq9JP6JTU29wbgB6HNTeYewKgB2MRXDyZiUDiArfH8',	'25/03/1994',	'Male',	NULL,	'doctor',	NULL,	NULL,	NULL,	NULL,	1,	'101642269223',	'doctor.png',	1,	'2022-01-15 17:53:43',	'2022-01-15 17:53:58'),
(48,	'hh',	'0596666666',	'yay_died@hotmail.com',	'$2y$10$WEgzYHfdWQEL5TfUssXcMeOpk5/dlsPvzC7K.HBKzotBYwK4xaj1a',	NULL,	'13/01/1988',	'Male',	NULL,	'doctor',	'169',	'O',	1,	0,	0,	'41642274179',	'4896541642274464.jpg',	1,	'2022-01-15 19:16:19',	'2022-01-15 19:25:10'),
(49,	'Islam',	'01000272423',	'islam.magdy@hotmail.com',	'$2y$10$sdUL10oxudkoe6KXKlEAp.V2P6Q2psLE42KxA8N/0ql3MidMdFhlS',	'eyJ0eXAiOiJKV1QiLCJhbGciOiJIUzI1NiJ9.eyJpc3MiOiJodHRwOi8vcGhwbGFyYXZlbC02OTUwMTgtMjMwMDQ3NC5jbG91ZHdheXNhcHBzLmNvbS9hcGkvbG9naW4iLCJpYXQiOjE2NDIyOTM3MTEsIm5iZiI6MTY0MjI5MzcxMSwianRpIjoiejR4NG9pc2NsU0RiN0J1diIsInN1YiI6NDksInBydiI6ImUxNDc4N2FhYjY2Njg4Y2UwNmM0NzEyZTY3M2UxYTFjNDRmNDkwOTQiLCJ0eXBlIjoiZG9jdG9yIn0.QnLyJpw3wWGI9-kXcNKW01ez7s7pKDW5D0lP9O5nJzc',	'16/01/2022',	'Male',	NULL,	'doctor',	NULL,	NULL,	NULL,	NULL,	1,	'31642293693',	'doctor.png',	1,	'2022-01-16 00:41:33',	'2022-01-16 00:41:51'),
(50,	'islam Abdelbadia',	'01014262068',	'ausvna944@gmail.com',	'$2y$10$IS78L2d7li8Yd/JzwIZwk.A.tNowfZudPsNMGbPIBlFXp7PKBWdWK',	'eyJ0eXAiOiJKV1QiLCJhbGciOiJIUzI1NiJ9.eyJpc3MiOiJodHRwOi8vcGhwbGFyYXZlbC02OTUwMTgtMjMwMDQ3NC5jbG91ZHdheXNhcHBzLmNvbS9hcGkvbG9naW4iLCJpYXQiOjE2NDIyOTU5MTQsIm5iZiI6MTY0MjI5NTkxNCwianRpIjoiTlJjTzhKYTNUcDFoejVzZyIsInN1YiI6NTAsInBydiI6ImUxNDc4N2FhYjY2Njg4Y2UwNmM0NzEyZTY3M2UxYTFjNDRmNDkwOTQiLCJ0eXBlIjoiZG9jdG9yIn0.4jLomjkoKeZtghnYGlqzC5h0S8lg-h0VR5_WQF132Vc',	'16/10/1999',	'Male',	NULL,	'doctor',	NULL,	NULL,	NULL,	NULL,	1,	'101642295901',	'doctor.png',	1,	'2022-01-16 01:18:21',	'2022-01-16 01:18:34'),
(51,	'Abdelbaky Alhawy',	'01005416822',	'abdo.owies277@gmail.com',	'$2y$10$zdXKS34uIbLMOxd6FS0XBeGdQ6/I.SILlfLT2AmgUlMDoh5qReHmC',	'eyJ0eXAiOiJKV1QiLCJhbGciOiJIUzI1NiJ9.eyJpc3MiOiJodHRwOi8vcGhwbGFyYXZlbC02OTUwMTgtMjMwMDQ3NC5jbG91ZHdheXNhcHBzLmNvbS9hcGkvbG9naW4iLCJpYXQiOjE2NDIzMTE0OTQsIm5iZiI6MTY0MjMxMTQ5NCwianRpIjoiVzNYczN5S2tsRVJQcjFwMCIsInN1YiI6NTEsInBydiI6ImUxNDc4N2FhYjY2Njg4Y2UwNmM0NzEyZTY3M2UxYTFjNDRmNDkwOTQiLCJ0eXBlIjoiZG9jdG9yIn0.sazEos2UUi0wgbm8C3WgTcqI2DmZeo8XlUaq0ZnTHtM',	'10/05/1998',	'Male',	NULL,	'doctor',	NULL,	NULL,	NULL,	NULL,	1,	'51642311442',	'9778521642311631.jpg',	1,	'2022-01-16 05:37:22',	'2022-01-16 05:40:31'),
(52,	'Mohamed Salah',	'01157809215',	'mohammadsalahabomustafa@yahoo.com',	'$2y$10$CkI6uFed8ktDlAQbIhwMAeT9/2D4K02/RCkTeJSxV8v/EsB/yebLC',	'eyJ0eXAiOiJKV1QiLCJhbGciOiJIUzI1NiJ9.eyJpc3MiOiJodHRwOi8vcGhwbGFyYXZlbC02OTUwMTgtMjMwMDQ3NC5jbG91ZHdheXNhcHBzLmNvbS9hcGkvcmVnaXN0ZXIiLCJpYXQiOjE2NDIzNTA3ODAsIm5iZiI6MTY0MjM1MDc4MCwianRpIjoiOEVZd1VqMG1TVWtBM1RHRiIsInN1YiI6NTIsInBydiI6ImUxNDc4N2FhYjY2Njg4Y2UwNmM0NzEyZTY3M2UxYTFjNDRmNDkwOTQiLCJ0eXBlIjoiZG9jdG9yIn0.ku-gw82-cLMBRVAt8oBZkLcXccXT1jMQxTkYztFu_LQ',	'16/01/1997',	'Male',	NULL,	'doctor',	NULL,	NULL,	NULL,	NULL,	1,	'101642350780',	'doctor.png',	1,	'2022-01-16 16:33:00',	'2022-01-16 16:33:00'),
(53,	'hossam AbdelWahab',	'01119765698',	'hsamb4308@gmail.com',	'$2y$10$gDbuUfNUNmyKBIzvdAiPYOp7c0YY2CkYGVL457YCCJ3PtWjfoBxGm',	'eyJ0eXAiOiJKV1QiLCJhbGciOiJIUzI1NiJ9.eyJpc3MiOiJodHRwOi8vcGhwbGFyYXZlbC02OTUwMTgtMjMwMDQ3NC5jbG91ZHdheXNhcHBzLmNvbS9hcGkvbG9naW4iLCJpYXQiOjE2NDIzNTE0MDcsIm5iZiI6MTY0MjM1MTQwNywianRpIjoiT01WZzBuamZNUDVBbFljUSIsInN1YiI6NTMsInBydiI6ImUxNDc4N2FhYjY2Njg4Y2UwNmM0NzEyZTY3M2UxYTFjNDRmNDkwOTQiLCJ0eXBlIjoiZG9jdG9yIn0.TeMwghopaKvecBnKzoL1NLikMZ4JITW2c6CenE2EiGw',	'20/10/1996',	'Male',	NULL,	'doctor',	NULL,	NULL,	NULL,	NULL,	1,	'41642351395',	'doctor.png',	1,	'2022-01-16 16:43:15',	'2022-01-16 16:43:27'),
(54,	'Ahmed SaadAllah',	'01006818903',	'dr.saadallah@yahoo.com',	'$2y$10$0RB9/G.UdB7mPZmuOBwWLevsNdzWKTTSsaPG8wMrfwe.Gbst2ZzSK',	NULL,	'19/05/1986',	'Male',	NULL,	'doctor',	NULL,	NULL,	NULL,	NULL,	0,	'51642369919',	'doctor.png',	1,	'2022-01-16 21:51:59',	'2022-01-17 00:05:40'),
(55,	'ibrahim',	'01095907313',	'ahmedali1623@gmail.com',	'$2y$10$MYcjIwSnVgmUwAzYCC9SouusAGvyjfp/CVUlEQE9Y/ba5ttNnF25C',	'eyJ0eXAiOiJKV1QiLCJhbGciOiJIUzI1NiJ9.eyJpc3MiOiJodHRwOi8vcGhwbGFyYXZlbC02OTUwMTgtMjMwMDQ3NC5jbG91ZHdheXNhcHBzLmNvbS9hcGkvbG9naW4iLCJpYXQiOjE2NDIzNzE3NzYsIm5iZiI6MTY0MjM3MTc3NiwianRpIjoiNnA0aDVQRHp0TVp2a0NLMSIsInN1YiI6NTUsInBydiI6ImUxNDc4N2FhYjY2Njg4Y2UwNmM0NzEyZTY3M2UxYTFjNDRmNDkwOTQiLCJ0eXBlIjoiZG9jdG9yIn0.XCDP7HKZwRnJFNlvWN1ElSzj60tV5WE5wu8o8_zCwRs',	'11/08/1993',	'Male',	NULL,	'doctor',	NULL,	NULL,	NULL,	NULL,	1,	'21642371754',	'doctor.png',	1,	'2022-01-16 22:22:34',	'2022-01-16 22:22:56'),
(56,	'احمد حلمي عبد العزيز الدسوقي',	'01064169206',	'ahmedhelmy20182019h@gmail.com',	'$2y$10$mXcdYkHVq9xpxm0O3jgIqOd/RToSV/qg8YIvQlDZxiny0ih5q3906',	'eyJ0eXAiOiJKV1QiLCJhbGciOiJIUzI1NiJ9.eyJpc3MiOiJodHRwOi8vcGhwbGFyYXZlbC02OTUwMTgtMjMwMDQ3NC5jbG91ZHdheXNhcHBzLmNvbS9hcGkvbG9naW4iLCJpYXQiOjE2NDIzOTY5NzYsIm5iZiI6MTY0MjM5Njk3NiwianRpIjoiMkw0Tnl0cHVvTWZQT0NZUSIsInN1YiI6NTYsInBydiI6ImUxNDc4N2FhYjY2Njg4Y2UwNmM0NzEyZTY3M2UxYTFjNDRmNDkwOTQiLCJ0eXBlIjoiZG9jdG9yIn0.DBK3qB1aiWSbNymSZ7nBASN3Xt9aP3sDxK_httiLtVM',	'03/11/1995',	'Male',	NULL,	'doctor',	'175',	'A',	0,	0,	1,	'51642396951',	'doctor.png',	1,	'2022-01-17 05:22:31',	'2022-01-17 05:23:44'),
(57,	'Mohammed Jamal Sewilam',	'+79009264973',	'jamalsweilam@mail.ru',	'$2y$10$kLewYngsTkI00iRt/VHNge27yrMNgX8.b6X9Wvh0DTUxz.K./U7Wa',	'eyJ0eXAiOiJKV1QiLCJhbGciOiJIUzI1NiJ9.eyJpc3MiOiJodHRwOi8vcGhwbGFyYXZlbC02OTUwMTgtMjMwMDQ3NC5jbG91ZHdheXNhcHBzLmNvbS9hcGkvcmVnaXN0ZXIiLCJpYXQiOjE2NDI0MDY4OTcsIm5iZiI6MTY0MjQwNjg5NywianRpIjoiZWpzZ2hINGRpMkxKNm5FbiIsInN1YiI6NTcsInBydiI6ImUxNDc4N2FhYjY2Njg4Y2UwNmM0NzEyZTY3M2UxYTFjNDRmNDkwOTQiLCJ0eXBlIjoiZG9jdG9yIn0.8nGKpETycOvHW-rJwkfQa9bQ1EjOAYWs3LlBrlcFCMI',	'15/12/2002',	'Male',	NULL,	'doctor',	NULL,	NULL,	NULL,	NULL,	1,	'81642406897',	'doctor.png',	1,	'2022-01-17 08:08:17',	'2022-01-17 08:08:17'),
(58,	'sally Saad Ismail Ibrahim Abouelzain',	'01023865852',	'sallyesmail2468@gmail.com',	'$2y$10$nX9wZgPZp8Nk4DXc6/qU0OjGAUmHbLwmo6ewty6YIP/TsqTURYN/W',	'eyJ0eXAiOiJKV1QiLCJhbGciOiJIUzI1NiJ9.eyJpc3MiOiJodHRwOi8vcGhwbGFyYXZlbC02OTUwMTgtMjMwMDQ3NC5jbG91ZHdheXNhcHBzLmNvbS9hcGkvbG9naW4iLCJpYXQiOjE2NDI0MTA2NTMsIm5iZiI6MTY0MjQxMDY1MywianRpIjoiNDJGV0JTYjBnU2ZLeFgxYSIsInN1YiI6NTgsInBydiI6ImUxNDc4N2FhYjY2Njg4Y2UwNmM0NzEyZTY3M2UxYTFjNDRmNDkwOTQiLCJ0eXBlIjoiZG9jdG9yIn0.C-FGFTywCC_jea-CBNoZK4a_vBZiZ90sg7YLOambGcc',	'17/06/2002',	'Female',	NULL,	'doctor',	NULL,	NULL,	NULL,	NULL,	1,	'31642410631',	'doctor.png',	1,	'2022-01-17 09:10:31',	'2022-01-17 09:10:53'),
(59,	'أحمد إبراهيم رجب محمد',	'01100291144',	'm01100291144@gmail.com',	'$2y$10$r3Tua9b.lVM6CFnGRSXhZObHaFRt4nvceoThqLjNEQdA2jwmIejoC',	NULL,	'03/12/2000',	'Male',	NULL,	'doctor',	NULL,	NULL,	NULL,	NULL,	0,	'81642422087',	'doctor.png',	1,	'2022-01-17 12:21:27',	'2022-01-17 12:21:27'),
(60,	'أحمد إبراهيم رجب محمد',	'1100291144',	'ahmed2015073@yahoo.com',	'$2y$10$CFvA5nppOjOPX698NDjV6uDpcwjnkwePulnu1k09YeqTIHfk5kaCi',	NULL,	'03/12/2000',	'Male',	NULL,	'doctor',	NULL,	NULL,	NULL,	NULL,	0,	'01642422204',	'doctor.png',	1,	'2022-01-17 12:23:24',	'2022-01-17 12:23:25'),
(61,	'hcgjcid',	'+9642734343548',	'vshxudid8e@yahoo.com',	'$2y$10$blijDugxsYrYPlN6CXTWD.LYqJxpEDAVMp.EA2YvRLYuhcm2iaFb2',	'eyJ0eXAiOiJKV1QiLCJhbGciOiJIUzI1NiJ9.eyJpc3MiOiJodHRwOi8vcGhwbGFyYXZlbC02OTUwMTgtMjMwMDQ3NC5jbG91ZHdheXNhcHBzLmNvbS9hcGkvbG9naW4iLCJpYXQiOjE2NDI0MjM4NzksIm5iZiI6MTY0MjQyMzg3OSwianRpIjoiTjRYTEhJZzdEaVY5Zzc1eSIsInN1YiI6NjEsInBydiI6ImUxNDc4N2FhYjY2Njg4Y2UwNmM0NzEyZTY3M2UxYTFjNDRmNDkwOTQiLCJ0eXBlIjoiZG9jdG9yIn0.Fw2PmJnuZ-ZDnYMjk4A3Sak0cNfYepZXDGiJJtUo_Mk',	'17/01/2022',	'Male',	NULL,	'doctor',	NULL,	NULL,	NULL,	NULL,	1,	'71642423867',	'doctor.png',	1,	'2022-01-17 12:51:07',	'2022-01-17 12:51:19'),
(62,	'ph',	'01827499931',	'ahmedns12345678@gmail.com',	'$2y$10$yrelcaEgMfvqLPnmmRAVieoEEPqkTaUSfuG.xwB4U0rU6A.0qXKSy',	NULL,	'17/01/2022',	'Male',	NULL,	'doctor',	NULL,	NULL,	NULL,	NULL,	0,	'41642434096',	'doctor.png',	1,	'2022-01-17 15:41:36',	'2022-01-17 15:44:54'),
(63,	'Mostafa Saad',	'01143858555',	'drsafysaad@yahoo.com',	'$2y$10$5htk0ngKszuCaaNxp0BSueQ066S6Yk1KIfUlsy4FP98jWyPckC7Fq',	'eyJ0eXAiOiJKV1QiLCJhbGciOiJIUzI1NiJ9.eyJpc3MiOiJodHRwOi8vcGhwbGFyYXZlbC02OTUwMTgtMjMwMDQ3NC5jbG91ZHdheXNhcHBzLmNvbS9hcGkvbG9naW4iLCJpYXQiOjE2NDI0NDE4MjMsIm5iZiI6MTY0MjQ0MTgyMywianRpIjoiaXZGbmZSb2VaQjBEM0RDdCIsInN1YiI6NjMsInBydiI6ImUxNDc4N2FhYjY2Njg4Y2UwNmM0NzEyZTY3M2UxYTFjNDRmNDkwOTQiLCJ0eXBlIjoiZG9jdG9yIn0.ma3KfaiBz143rLD8uxs5rnJ4CzuBD8igvp3_u984KiU',	'29/09/1988',	'Male',	NULL,	'doctor',	'185',	'O',	0,	0,	1,	'61642441805',	'doctor.png',	1,	'2022-01-17 17:50:05',	'2022-01-17 17:51:16'),
(64,	'serhan',	'01285039823',	'sehsled@gmail.com',	'$2y$10$sH8xUtM8z5ck2oDXhU6GduhDaobRn7CbkItj68zsHBHS1NcjcmFI.',	'eyJ0eXAiOiJKV1QiLCJhbGciOiJIUzI1NiJ9.eyJpc3MiOiJodHRwOi8vcGhwbGFyYXZlbC02OTUwMTgtMjMwMDQ3NC5jbG91ZHdheXNhcHBzLmNvbS9hcGkvbG9naW4iLCJpYXQiOjE2NDI1MjY4OTksIm5iZiI6MTY0MjUyNjg5OSwianRpIjoiV2Q4dzNWRkloTGFyWjJKUCIsInN1YiI6NjQsInBydiI6ImUxNDc4N2FhYjY2Njg4Y2UwNmM0NzEyZTY3M2UxYTFjNDRmNDkwOTQiLCJ0eXBlIjoiZG9jdG9yIn0.PDtdJGITUBqol0t-hNA50m8HRCxd5B-eTX6vLfhCrd0',	'30/10/1998',	'Male',	NULL,	'doctor',	'190',	'O',	0,	0,	1,	'11642526888',	'doctor.png',	1,	'2022-01-18 17:28:08',	'2022-01-20 10:05:32'),
(65,	'bbb',	'+375293755486',	'bremopro4@gmail.com',	'$2y$10$juR2oQp7iPz5OuFS9yzh8.2fZoM6d1q.MHozUi0zHmCtFXHZM1dx.',	'eyJ0eXAiOiJKV1QiLCJhbGciOiJIUzI1NiJ9.eyJpc3MiOiJodHRwOi8vcGhwbGFyYXZlbC02OTUwMTgtMjMwMDQ3NC5jbG91ZHdheXNhcHBzLmNvbS9hcGkvbG9naW4iLCJpYXQiOjE2NDI1NzM1MTcsIm5iZiI6MTY0MjU3MzUxNywianRpIjoiQTNobGdpRlZFUzFFZVUxbCIsInN1YiI6NjUsInBydiI6ImUxNDc4N2FhYjY2Njg4Y2UwNmM0NzEyZTY3M2UxYTFjNDRmNDkwOTQiLCJ0eXBlIjoiZG9jdG9yIn0.b5KIgf8ROX0Sju6AP6-mIcU7LsNdo9gBuodT5fWsPWA',	'19/01/2022',	'Male',	NULL,	'doctor',	NULL,	NULL,	NULL,	NULL,	1,	'01642573424',	'doctor.png',	1,	'2022-01-19 06:23:44',	'2022-01-19 06:25:17'),
(66,	'H',	'02137777777',	'h@gmail.com',	'$2y$10$HcFWu6x.RT3JFHTIALfx2OgJTCCDEW3hgPllGYUk6uHjPdtWObsAq',	'eyJ0eXAiOiJKV1QiLCJhbGciOiJIUzI1NiJ9.eyJpc3MiOiJodHRwOi8vcGhwbGFyYXZlbC02OTUwMTgtMjMwMDQ3NC5jbG91ZHdheXNhcHBzLmNvbS9hcGkvbG9naW4iLCJpYXQiOjE2NDI1Nzc2NjcsIm5iZiI6MTY0MjU3NzY2NywianRpIjoiUHYxRGRkNTB4M0JwZHAweSIsInN1YiI6NjYsInBydiI6ImUxNDc4N2FhYjY2Njg4Y2UwNmM0NzEyZTY3M2UxYTFjNDRmNDkwOTQiLCJ0eXBlIjoiZG9jdG9yIn0.6iaqqUUAY8rpcx9KKrQC0DeuSFItTsH66R51YEewLL8',	'21/01/2009',	'Male',	NULL,	'doctor',	NULL,	NULL,	NULL,	NULL,	1,	'81642577644',	'doctor.png',	1,	'2022-01-19 07:34:04',	'2022-01-19 07:34:27');

DROP TABLE IF EXISTS `doctor_family_histories`;
CREATE TABLE `doctor_family_histories` (
  `id` bigint(20) unsigned NOT NULL AUTO_INCREMENT,
  `doctor_id` bigint(20) unsigned NOT NULL,
  `name` varchar(191) COLLATE utf8mb4_unicode_ci NOT NULL,
  `relation` varchar(191) COLLATE utf8mb4_unicode_ci NOT NULL,
  `diagnosis` varchar(191) COLLATE utf8mb4_unicode_ci NOT NULL,
  `note` varchar(191) COLLATE utf8mb4_unicode_ci DEFAULT NULL,
  `created_at` timestamp NULL DEFAULT NULL,
  `updated_at` timestamp NULL DEFAULT NULL,
  PRIMARY KEY (`id`),
  KEY `doctor_family_histories_doctor_id_foreign` (`doctor_id`),
  CONSTRAINT `doctor_family_histories_doctor_id_foreign` FOREIGN KEY (`doctor_id`) REFERENCES `doctors` (`id`) ON DELETE CASCADE ON UPDATE CASCADE
) ENGINE=InnoDB DEFAULT CHARSET=utf8mb4 COLLATE=utf8mb4_unicode_ci;


DROP TABLE IF EXISTS `doctor_forget_emails`;
CREATE TABLE `doctor_forget_emails` (
  `id` bigint(20) unsigned NOT NULL AUTO_INCREMENT,
  `email` varchar(191) COLLATE utf8mb4_unicode_ci NOT NULL,
  `token` varchar(191) COLLATE utf8mb4_unicode_ci NOT NULL,
  `verified` tinyint(1) NOT NULL DEFAULT '0',
  `created_at` timestamp NULL DEFAULT NULL,
  `updated_at` timestamp NULL DEFAULT NULL,
  PRIMARY KEY (`id`)
) ENGINE=InnoDB DEFAULT CHARSET=utf8mb4 COLLATE=utf8mb4_unicode_ci;


DROP TABLE IF EXISTS `doctor_medical_reports`;
CREATE TABLE `doctor_medical_reports` (
  `id` bigint(20) unsigned NOT NULL AUTO_INCREMENT,
  `doctor_id` bigint(20) unsigned NOT NULL,
  `images` text COLLATE utf8mb4_unicode_ci NOT NULL,
  `created_at` timestamp NULL DEFAULT NULL,
  `updated_at` timestamp NULL DEFAULT NULL,
  PRIMARY KEY (`id`),
  KEY `doctor_medical_reports_doctor_id_foreign` (`doctor_id`),
  CONSTRAINT `doctor_medical_reports_doctor_id_foreign` FOREIGN KEY (`doctor_id`) REFERENCES `doctors` (`id`) ON DELETE CASCADE ON UPDATE CASCADE
) ENGINE=InnoDB DEFAULT CHARSET=utf8mb4 COLLATE=utf8mb4_unicode_ci;


DROP TABLE IF EXISTS `doctor_personal_histories`;
CREATE TABLE `doctor_personal_histories` (
  `id` bigint(20) unsigned NOT NULL AUTO_INCREMENT,
  `doctor_id` bigint(20) unsigned NOT NULL,
  `disease` varchar(191) COLLATE utf8mb4_unicode_ci NOT NULL,
  `diagnosis_date` varchar(191) COLLATE utf8mb4_unicode_ci NOT NULL,
  `medicines` varchar(191) COLLATE utf8mb4_unicode_ci NOT NULL,
  `note` text COLLATE utf8mb4_unicode_ci,
  `created_at` timestamp NULL DEFAULT NULL,
  `updated_at` timestamp NULL DEFAULT NULL,
  PRIMARY KEY (`id`),
  KEY `doctor_personal_histories_doctor_id_foreign` (`doctor_id`),
  CONSTRAINT `doctor_personal_histories_doctor_id_foreign` FOREIGN KEY (`doctor_id`) REFERENCES `doctors` (`id`) ON DELETE CASCADE ON UPDATE CASCADE
) ENGINE=InnoDB DEFAULT CHARSET=utf8mb4 COLLATE=utf8mb4_unicode_ci;

INSERT INTO `doctor_personal_histories` (`id`, `doctor_id`, `disease`, `diagnosis_date`, `medicines`, `note`, `created_at`, `updated_at`) VALUES
(6,	30,	'كسر في عظمتي الساعد والزند',	'08/05/2018',	'meronam,augmentin',	NULL,	'2022-01-12 17:09:37',	'2022-01-12 17:09:37'),
(7,	48,	'hh',	'15/01/2022',	'nvg,bvg',	'bb',	'2022-01-15 19:23:01',	'2022-01-15 19:23:01'),
(8,	62,	'leukemia',	'05/01/2022',	'l',	NULL,	'2022-01-17 15:43:31',	'2022-01-17 15:43:31');

DROP TABLE IF EXISTS `doctor_travel_histories`;
CREATE TABLE `doctor_travel_histories` (
  `id` bigint(20) unsigned NOT NULL AUTO_INCREMENT,
  `doctor_id` bigint(20) unsigned NOT NULL,
  `destination` varchar(191) COLLATE utf8mb4_unicode_ci NOT NULL,
  `date` varchar(191) COLLATE utf8mb4_unicode_ci NOT NULL,
  `note` varchar(191) COLLATE utf8mb4_unicode_ci DEFAULT NULL,
  `created_at` timestamp NULL DEFAULT NULL,
  `updated_at` timestamp NULL DEFAULT NULL,
  PRIMARY KEY (`id`),
  KEY `doctor_travel_histories_doctor_id_foreign` (`doctor_id`),
  CONSTRAINT `doctor_travel_histories_doctor_id_foreign` FOREIGN KEY (`doctor_id`) REFERENCES `doctors` (`id`) ON DELETE CASCADE ON UPDATE CASCADE
) ENGINE=InnoDB DEFAULT CHARSET=utf8mb4 COLLATE=utf8mb4_unicode_ci;


DROP TABLE IF EXISTS `doctor_verify_emails`;
CREATE TABLE `doctor_verify_emails` (
  `id` bigint(20) unsigned NOT NULL AUTO_INCREMENT,
  `email` varchar(191) COLLATE utf8mb4_unicode_ci NOT NULL,
  `token` varchar(191) COLLATE utf8mb4_unicode_ci NOT NULL,
  `created_at` timestamp NULL DEFAULT NULL,
  `updated_at` timestamp NULL DEFAULT NULL,
  PRIMARY KEY (`id`)
) ENGINE=InnoDB DEFAULT CHARSET=utf8mb4 COLLATE=utf8mb4_unicode_ci;


DROP TABLE IF EXISTS `emergencs`;
CREATE TABLE `emergencs` (
  `id` bigint(20) unsigned NOT NULL AUTO_INCREMENT,
  `created_at` timestamp NULL DEFAULT NULL,
  `updated_at` timestamp NULL DEFAULT NULL,
  PRIMARY KEY (`id`)
) ENGINE=InnoDB DEFAULT CHARSET=utf8mb4 COLLATE=utf8mb4_unicode_ci;


DROP TABLE IF EXISTS `emergenc_children`;
CREATE TABLE `emergenc_children` (
  `id` bigint(20) unsigned NOT NULL AUTO_INCREMENT,
  `emergenc_id` bigint(20) unsigned NOT NULL,
  `created_at` timestamp NULL DEFAULT NULL,
  `updated_at` timestamp NULL DEFAULT NULL,
  PRIMARY KEY (`id`),
  KEY `emergenc_children_emergenc_id_foreign` (`emergenc_id`),
  CONSTRAINT `emergenc_children_emergenc_id_foreign` FOREIGN KEY (`emergenc_id`) REFERENCES `emergencs` (`id`) ON DELETE CASCADE ON UPDATE CASCADE
) ENGINE=InnoDB DEFAULT CHARSET=utf8mb4 COLLATE=utf8mb4_unicode_ci;


DROP TABLE IF EXISTS `emergenc_child_translations`;
CREATE TABLE `emergenc_child_translations` (
  `id` bigint(20) unsigned NOT NULL AUTO_INCREMENT,
  `title` varchar(191) COLLATE utf8mb4_unicode_ci NOT NULL,
  `description` text COLLATE utf8mb4_unicode_ci NOT NULL,
  `emergenc_child_id` bigint(20) unsigned NOT NULL,
  `locale` varchar(191) COLLATE utf8mb4_unicode_ci NOT NULL,
  `created_at` timestamp NULL DEFAULT NULL,
  `updated_at` timestamp NULL DEFAULT NULL,
  PRIMARY KEY (`id`),
  UNIQUE KEY `emergenc_child_translations_emergenc_child_id_locale_unique` (`emergenc_child_id`,`locale`),
  KEY `emergenc_child_translations_locale_index` (`locale`),
  CONSTRAINT `emergenc_child_translations_emergenc_child_id_foreign` FOREIGN KEY (`emergenc_child_id`) REFERENCES `emergenc_children` (`id`) ON DELETE CASCADE ON UPDATE CASCADE
) ENGINE=InnoDB DEFAULT CHARSET=utf8mb4 COLLATE=utf8mb4_unicode_ci;


DROP TABLE IF EXISTS `emergenc_translations`;
CREATE TABLE `emergenc_translations` (
  `id` bigint(20) unsigned NOT NULL AUTO_INCREMENT,
  `name` varchar(191) COLLATE utf8mb4_unicode_ci NOT NULL,
  `emergenc_id` bigint(20) unsigned NOT NULL,
  `locale` varchar(191) COLLATE utf8mb4_unicode_ci NOT NULL,
  PRIMARY KEY (`id`),
  UNIQUE KEY `emergenc_translations_emergenc_id_locale_unique` (`emergenc_id`,`locale`),
  KEY `emergenc_translations_locale_index` (`locale`),
  CONSTRAINT `emergenc_translations_emergenc_id_foreign` FOREIGN KEY (`emergenc_id`) REFERENCES `emergencs` (`id`) ON DELETE CASCADE ON UPDATE CASCADE
) ENGINE=InnoDB DEFAULT CHARSET=utf8mb4 COLLATE=utf8mb4_unicode_ci;


DROP TABLE IF EXISTS `failed_jobs`;
CREATE TABLE `failed_jobs` (
  `id` bigint(20) unsigned NOT NULL AUTO_INCREMENT,
  `connection` text COLLATE utf8mb4_unicode_ci NOT NULL,
  `queue` text COLLATE utf8mb4_unicode_ci NOT NULL,
  `payload` longtext COLLATE utf8mb4_unicode_ci NOT NULL,
  `exception` longtext COLLATE utf8mb4_unicode_ci NOT NULL,
  `failed_at` timestamp NOT NULL DEFAULT CURRENT_TIMESTAMP,
  PRIMARY KEY (`id`)
) ENGINE=InnoDB DEFAULT CHARSET=utf8mb4 COLLATE=utf8mb4_unicode_ci;


DROP TABLE IF EXISTS `first_aids`;
CREATE TABLE `first_aids` (
  `id` bigint(20) unsigned NOT NULL AUTO_INCREMENT,
  `created_at` timestamp NULL DEFAULT NULL,
  `updated_at` timestamp NULL DEFAULT NULL,
  PRIMARY KEY (`id`)
) ENGINE=InnoDB DEFAULT CHARSET=utf8mb4 COLLATE=utf8mb4_unicode_ci;

INSERT INTO `first_aids` (`id`, `created_at`, `updated_at`) VALUES
(1,	'2022-01-04 20:02:46',	'2022-01-04 20:02:46'),
(2,	'2022-01-07 14:51:24',	'2022-01-07 14:51:24'),
(3,	'2022-01-07 14:51:52',	'2022-01-07 14:51:52'),
(4,	'2022-01-07 15:58:05',	'2022-01-07 15:58:05'),
(5,	'2022-01-07 16:18:48',	'2022-01-07 16:18:48'),
(6,	'2022-01-07 16:22:33',	'2022-01-07 16:22:33'),
(7,	'2022-01-07 16:24:17',	'2022-01-07 16:24:17'),
(8,	'2022-01-07 16:27:01',	'2022-01-07 16:27:01'),
(9,	'2022-01-07 17:30:24',	'2022-01-07 17:30:24'),
(10,	'2022-01-09 13:42:52',	'2022-01-09 13:42:52'),
(11,	'2022-01-09 13:53:00',	'2022-01-09 13:53:00'),
(12,	'2022-01-09 13:55:30',	'2022-01-09 13:55:30'),
(13,	'2022-01-09 13:57:37',	'2022-01-09 13:57:37'),
(14,	'2022-01-13 15:13:57',	'2022-01-13 15:13:57'),
(15,	'2022-01-13 15:48:10',	'2022-01-13 15:48:10');

DROP TABLE IF EXISTS `first_aid_children`;
CREATE TABLE `first_aid_children` (
  `id` bigint(20) unsigned NOT NULL AUTO_INCREMENT,
  `first_id` bigint(20) unsigned NOT NULL,
  `created_at` timestamp NULL DEFAULT NULL,
  `updated_at` timestamp NULL DEFAULT NULL,
  PRIMARY KEY (`id`),
  KEY `first_aid_children_first_id_foreign` (`first_id`),
  CONSTRAINT `first_aid_children_first_id_foreign` FOREIGN KEY (`first_id`) REFERENCES `first_aids` (`id`) ON DELETE CASCADE ON UPDATE CASCADE
) ENGINE=InnoDB DEFAULT CHARSET=utf8mb4 COLLATE=utf8mb4_unicode_ci;

INSERT INTO `first_aid_children` (`id`, `first_id`, `created_at`, `updated_at`) VALUES
(2,	1,	'2022-01-04 20:29:49',	'2022-01-04 20:29:49'),
(3,	1,	'2022-01-06 01:09:03',	'2022-01-06 01:09:03'),
(4,	1,	'2022-01-06 01:34:09',	'2022-01-06 01:34:09'),
(5,	1,	'2022-01-07 15:18:38',	'2022-01-07 15:18:38'),
(6,	1,	'2022-01-07 16:39:17',	'2022-01-07 16:39:17'),
(7,	1,	'2022-01-07 16:47:17',	'2022-01-07 16:47:17'),
(8,	4,	'2022-01-07 17:20:41',	'2022-01-07 17:20:41'),
(9,	5,	'2022-01-07 17:29:08',	'2022-01-07 17:29:08'),
(10,	7,	'2022-01-07 17:47:46',	'2022-01-07 17:47:46'),
(11,	9,	'2022-01-07 17:53:38',	'2022-01-07 17:53:38'),
(12,	6,	'2022-01-07 17:58:04',	'2022-01-07 17:58:04'),
(13,	7,	'2022-01-07 18:08:16',	'2022-01-07 18:08:16'),
(14,	9,	'2022-01-07 18:10:08',	'2022-01-07 18:10:08'),
(15,	2,	'2022-01-07 18:29:57',	'2022-01-07 18:29:57'),
(16,	4,	'2022-01-08 13:31:34',	'2022-01-08 13:31:34'),
(17,	8,	'2022-01-08 13:34:22',	'2022-01-08 13:34:22'),
(18,	8,	'2022-01-08 13:35:51',	'2022-01-08 13:35:51'),
(19,	8,	'2022-01-08 13:37:29',	'2022-01-08 13:37:29'),
(20,	8,	'2022-01-08 13:38:54',	'2022-01-08 13:38:54'),
(21,	8,	'2022-01-08 13:39:59',	'2022-01-08 13:39:59'),
(22,	8,	'2022-01-08 13:40:58',	'2022-01-08 13:40:58'),
(23,	8,	'2022-01-08 13:42:23',	'2022-01-08 13:42:23'),
(24,	4,	'2022-01-08 13:44:10',	'2022-01-08 13:44:10'),
(25,	5,	'2022-01-08 14:41:16',	'2022-01-08 14:41:16'),
(26,	8,	'2022-01-08 14:56:05',	'2022-01-08 14:56:05'),
(27,	2,	'2022-01-08 15:02:27',	'2022-01-08 15:02:27'),
(28,	10,	'2022-01-09 13:44:55',	'2022-01-09 13:44:55'),
(29,	2,	'2022-01-09 13:47:39',	'2022-01-09 13:47:39'),
(30,	11,	'2022-01-09 13:54:14',	'2022-01-09 13:54:14'),
(31,	1,	'2022-01-09 14:10:54',	'2022-01-09 14:10:54'),
(32,	1,	'2022-01-09 14:15:47',	'2022-01-09 14:15:47'),
(33,	1,	'2022-01-09 14:18:55',	'2022-01-09 14:18:55'),
(34,	2,	'2022-01-13 13:46:01',	'2022-01-13 13:46:01'),
(35,	2,	'2022-01-13 13:48:40',	'2022-01-13 13:48:40'),
(36,	2,	'2022-01-13 13:50:01',	'2022-01-13 13:50:01'),
(37,	2,	'2022-01-13 13:51:18',	'2022-01-13 13:51:18'),
(38,	12,	'2022-01-13 13:59:44',	'2022-01-13 13:59:44'),
(39,	13,	'2022-01-13 14:04:42',	'2022-01-13 14:04:42'),
(40,	13,	'2022-01-13 14:07:27',	'2022-01-13 14:07:27'),
(41,	13,	'2022-01-13 14:10:02',	'2022-01-13 14:10:02'),
(42,	4,	'2022-01-13 14:12:10',	'2022-01-13 14:12:10'),
(43,	4,	'2022-01-13 14:15:33',	'2022-01-13 14:15:33'),
(44,	4,	'2022-01-13 14:17:42',	'2022-01-13 14:17:42'),
(45,	4,	'2022-01-13 14:19:51',	'2022-01-13 14:19:51'),
(46,	3,	'2022-01-13 14:30:48',	'2022-01-13 14:30:48'),
(47,	3,	'2022-01-13 14:32:56',	'2022-01-13 14:32:56'),
(48,	3,	'2022-01-13 14:43:05',	'2022-01-13 14:43:05'),
(49,	3,	'2022-01-13 14:47:18',	'2022-01-13 14:47:18'),
(50,	3,	'2022-01-13 14:52:59',	'2022-01-13 14:52:59'),
(51,	3,	'2022-01-13 14:55:46',	'2022-01-13 14:55:46'),
(52,	9,	'2022-01-13 14:58:23',	'2022-01-13 14:58:23'),
(53,	14,	'2022-01-13 15:19:03',	'2022-01-13 15:19:03'),
(54,	14,	'2022-01-13 15:21:10',	'2022-01-13 15:21:10'),
(55,	14,	'2022-01-13 15:22:33',	'2022-01-13 15:22:33'),
(56,	14,	'2022-01-13 15:23:41',	'2022-01-13 15:23:41'),
(57,	14,	'2022-01-13 15:44:34',	'2022-01-13 15:44:34'),
(58,	14,	'2022-01-13 15:46:41',	'2022-01-13 15:46:41'),
(59,	15,	'2022-01-13 15:51:48',	'2022-01-13 15:51:48'),
(60,	15,	'2022-01-13 15:55:26',	'2022-01-13 15:55:26'),
(61,	6,	'2022-01-13 15:58:40',	'2022-01-13 15:58:40'),
(62,	6,	'2022-01-13 16:03:02',	'2022-01-13 16:03:02'),
(63,	15,	'2022-01-13 16:05:44',	'2022-01-13 16:05:44'),
(64,	15,	'2022-01-13 16:08:45',	'2022-01-13 16:08:45'),
(65,	15,	'2022-01-13 16:11:34',	'2022-01-13 16:11:34'),
(66,	15,	'2022-01-13 16:15:21',	'2022-01-13 16:15:21');

DROP TABLE IF EXISTS `first_aid_child_translations`;
CREATE TABLE `first_aid_child_translations` (
  `id` bigint(20) unsigned NOT NULL AUTO_INCREMENT,
  `first_aid_child_id` bigint(20) unsigned NOT NULL,
  `locale` varchar(191) COLLATE utf8mb4_unicode_ci NOT NULL,
  `title` varchar(191) COLLATE utf8mb4_unicode_ci NOT NULL,
  `description` text COLLATE utf8mb4_unicode_ci NOT NULL,
  PRIMARY KEY (`id`),
  UNIQUE KEY `first_aid_child_translations_first_aid_child_id_locale_unique` (`first_aid_child_id`,`locale`),
  KEY `first_aid_child_translations_locale_index` (`locale`),
  CONSTRAINT `first_aid_child_translations_first_aid_child_id_foreign` FOREIGN KEY (`first_aid_child_id`) REFERENCES `first_aid_children` (`id`) ON DELETE CASCADE ON UPDATE CASCADE
) ENGINE=InnoDB DEFAULT CHARSET=utf8mb4 COLLATE=utf8mb4_unicode_ci;

INSERT INTO `first_aid_child_translations` (`id`, `first_aid_child_id`, `locale`, `title`, `description`) VALUES
(3,	2,	'ar',	'الآم مقدمة الرأس (الآم خفيفة او متوسطة)',	'<p>أولا يجب تقدير الالم على مقياس من 1 - 10 ثم تحديد مدى انتشار الالم :</p>\r\n\r\n<p>&nbsp;اذا كان الالم على المقياس بين 1 الى 5 فهذا الم يتراوح بين الالم الخفيف الى الالم المتوسط ويجب تحديد اذا كان الالم مرتبط بالتالي :</p>\r\n\r\n<p>&nbsp; &nbsp;أ - اذا كان الالم مرتبط بمقدمة الرأس&nbsp;&nbsp;الى منطقة العينين وجانبهما وكان هناك تاريخ سابق بأي نوع من اصابات العينين او ضعف النظر او غيرهما&nbsp;فهذه ليست من حالات الطوارئ غالبا ويتم مراجعتها في عيادة طبيب الرمد مع امكانية استخدام احدى المسكنات التي تحتوي على مادة&nbsp;&nbsp;<strong>الباراسيتامول</strong> او مادة <strong>الايبوبروفين</strong> في جرعة خفيفة تساعد المريض حتى وقت زيارة الطبيب المختص</p>\r\n\r\n<p>ب - اذا كان الالم مرتبط بمقدمة الرأس ومنطقة الجبهه بالكامل بالاضافة الى الانف و عظام الخدين وكان هناك تاريخ سابق بأي نوع من حساسية الجيوب الأنفية فهذه غالبا ليست من حالات الطوارئ ويتم مراجعتها في عيادة الانف والاذن والحنجرة مع امكانية استخدام احدى المسكنات التي تحتوي على مادة <strong>الباراسيتامول</strong> او مادة <strong>الايبوبروفين</strong> في جرعة خفيفة تساعد الامريض حتى وقت زيارة الطبيب المختص&nbsp;</p>'),
(4,	2,	'en',	'pain in the front area of the head (light to moderate)',	'<p>First, the pain should be evaluated on a scale of 1-10, and then the extent of the pain should be determined:</p>\r\n\r\n<p>&nbsp;If the pain is on the scale between 1 to 5, then this pain ranges from mild to moderate pain, and it must be determined if the pain is related to the following:</p>\r\n\r\n<p>&nbsp; &nbsp;a - If the pain is related to the front of the head to the area and the side of the eyes, and there is a previous history of any kind of eye injury, poor vision, or other</p>\r\n\r\n<p>&nbsp; &nbsp;These are often not emergency cases and are reviewed at the ophthalmologist&rsquo;s clinic, with the possibility of using an analgesic that contains<strong> paracetamol </strong>or <strong>ibuprofen </strong>in a light dose that helps the patient until the time of visiting the specialist&nbsp;</p>\r\n\r\n<p>B - If the pain is related to the front of the head and the entire forehead area in addition to the nose and cheekbones, and there was a previous history of any type of sinus allergy, then this is often not an emergency and is reviewed in the ENT clinic with the possibility of using one of the analgesics that contain <strong>Paracetamol </strong>Or <strong>ibuprofen </strong>in a light dose that helps the patient until the time of visiting the specialist</p>\r\n\r\n<p>&nbsp;</p>'),
(5,	3,	'ar',	'الآم مقدمة الرأس (الآم شديدة أو مفاجأة)',	'<p>يجب أولا تحديد شدة الالم على مقياس من 1 - 10 فاذا كان الالم بين 5 - 10 بالنسبة للمريض فهو على كذا منحى :</p>\r\n\r\n<p>اذا بدأ الالم بسيطا واصبح شديدا فجأة مع الوقت ولا تؤثر بيه المسكنات او ادوية اخرى تم وصفها بناءا على تشخيصات سابقة فيجب مراجعة الطبيب فورا لاستبعاد التشخصيات الخطيرة وخاصة التي يرافقها أعراض أخرى وهذه بعض الامثلة على ذلك :</p>\r\n\r\n<p>أ&nbsp; - الآم مقدمة الرأس ويرفقها <strong>(عدم اتزان - صعوبة في المشي وخاصة في ناحية واحدة في الجسم - تشويش في الحواس)</strong> وفي اقصى الحالات يكون معها <strong>بدايات شلل نصفي و ارتفاع في ضغط الدم و انحراف في زاوية الفم مع وجود تاريخ مرضي بالتدخين او امراض السكري والضغط المرتفع المزمنين او سابقة حدوث جلطات دماغية او كبر السن عندها :</strong></p>\r\n\r\n<p><strong>يكون هناك احتمالية كبرى في حدوث جلطة دماغية ويجب التوجه مباشرة الى اقرب مركز صحي او مستشفى للطوارئ&nbsp;</strong></p>\r\n\r\n<p>ب - لو رافق الآم مقدمة الرأس ذات الوتيرة الشديدة <strong>(درجات حرارة مرتفعة - الآم في الظهر والرقبة - تغير في درجة الوعي - غثيان وقئ - رهاب من الضوء)</strong>&nbsp;خاصة في الاطفال فيجب التوجه على الفور الى اقرب مستشفى للطوارئ (اشتباه في حالة التهاب السحايا الدماغية)</p>'),
(6,	3,	'en',	'pain in the front area of the head (sever or sudden)',	'<p>First, the severity of the pain must be determined on a scale of 1-10. If the pain is between 5-10 for the patient, then it is on such a scale:</p>\r\n\r\n<p>If the pain begins to be mild and suddenly becomes severe over time, and the painkillers or other medications that were prescribed based on previous diagnoses do not affect it, the doctor should be consulted immediately to rule out serious diagnoses, especially those accompanied by other symptoms. Here are some examples of that:</p>\r\n\r\n<p>A - Pain in the front of the head and accompanied by it (imbalance - difficulty walking, especially on one side of the body - confusion in the senses) and in the most extreme cases, it has the beginnings of hemiplegia, high blood pressure and deviation in the corner of the mouth with a history of smoking or diabetes Chronic high blood pressure, a history of stroke, or old age:</p>\r\n\r\n<p>There is a high possibility of a stroke, and you must go directly to the nearest health center or emergency hospital</p>\r\n\r\n<p>B - If the&nbsp;high frequency pain&nbsp;in the front of the head accompanies with (high temperatures - pain in the back and neck - change in the degree of consciousness - nausea and vomiting - photophobia), especially in children, it is necessary to go immediately to the nearest emergency hospital (suspected meningities)</p>'),
(7,	4,	'ar',	'الآم المنطقة الوسط من الرأس والجانبيين',	'<p>الآم وسط الرأس تتراوح بين الخطيرة الشديدة والمتوسطه او الخفيفة العادية وهي كالتالي :</p>\r\n\r\n<p>أ - الآم&nbsp;الرأس شديد ويرفقها <strong>(عدم اتزان - صعوبة في المشي وخاصة في ناحية واحدة في الجسم - تشويش في الحواس)</strong> وفي اقصى الحالات يكون معها <strong>بدايات شلل نصفي و ارتفاع في ضغط الدم و انحراف في زاوية الفم مع وجود تاريخ مرضي بالتدخين او امراض السكري والضغط المرتفع المزمنين او سابقة حدوث جلطات دماغية او كبر السن عندها :</strong></p>\r\n\r\n<p><strong>يكون هناك احتمالية كبرى في حدوث جلطة دماغية ويجب التوجه مباشرة الى اقرب مركز صحي او مستشفى للطوارئ&nbsp;</strong></p>\r\n\r\n<p>ب - الآم الرأس الخفيفة الى المتوسطة وتكون غالبا ذات طابع بسيط وتكون عادة بسبب <strong>صداع التوتر او بسبب العداوى البسيطة مثل الجيوب الانفية او الارتفاع الطفيف في ضغط الدم</strong> ويتم التعامل معها بهدوء <strong>ولا تحتاج الى التوجه الى الطوارئ</strong> ويمكن مراجعتها مع الطبيب المختص واذا عانى منها الشخص يمكن عمل التالي :</p>\r\n\r\n<p><strong>أولا قياس ضغط الدم واذا كان مرتفعا بمقدار بسيط أو متوسط يمكن الاكتفاء بأخذ دواء يحتوي على مادة كابتوبريل بتركيز 25 ملجم ثم مراجعة الطبيب</strong></p>\r\n\r\n<p><strong>ثانيا اذا لم يكن هناك ارتفاع في ضغط الدم يتم الاكتفاء بأخذ دواء مسكن يحتوي على مادة الباراسيتامول أو الايبوبروفين ومراجعة الطبيب المختص</strong></p>'),
(8,	4,	'en',	'Pain in the middle area of ​​the head and sides',	'<p>The pain in the middle of the head ranges from severe to moderate or mild to normal, and they are as follows:</p>\r\n\r\n<p>a - The pain in the front of the head is severe and accompanied by <strong>(unbalance - difficulty walking, especially on one side of the body - confusion in the senses)</strong> and in the most extreme cases, it has the <strong>beginnings of hemiplegia, high blood pressure and a deviation in the corner of the mouth with a history of smoking or diabetes and pressure diseases Chronically high altitude, a history of stroke, or old age in whom:</strong></p>\r\n\r\n<p><strong>There is a high possibility of a stroke, and you must go directly to the nearest health center or emergency hospital</strong></p>\r\n\r\n<p>B - Headaches that are light to moderate and are often of<strong> a simple nature and are usually due to tension headaches or due to minor infections such as sinuses or a slight rise in blood pressure</strong>. Next work:</p>\r\n\r\n<p><strong>First, measure the blood pressure, and if it is slightly or moderately high, it is sufficient to take a drug containing captopril at a concentration of 25 mg, and then consult a doctor.</strong></p>\r\n\r\n<p><strong>Secondly, if there is no high blood pressure, it is sufficient to take an analgesic drug containing paracetamol or ibuprofen and refer to the specialist doctor</strong></p>'),
(9,	5,	'ar',	'الإغماء',	'<h1>أعراض وعلامات فقدان الوعي</h1>\r\n\r\n<p><strong>قد يسبق حدوث الإغماء ظهور عدد من الأعراض والعلامات، ومنها ما يلي</strong></p>\r\n\r\n<ul>\r\n	<li>الشعور بالغثيان<span dir=\"LTR\">.</span></li>\r\n	<li>عدم وضوح الكلام<span dir=\"LTR\">.</span></li>\r\n	<li>تغير مفاجئ في حرارة الجسم<span dir=\"LTR\">.</span></li>\r\n	<li>التعرّق المفاجئ<span dir=\"LTR\">.</span></li>\r\n	<li>شحوب الجلد&nbsp;حدوثأ&nbsp;اضطراب في الرؤية<span dir=\"LTR\">.</span></li>\r\n	<li>الشعور بالدوار والدوخة<span dir=\"LTR\">.</span></li>\r\n	<li>الشعور بالخدران<span dir=\"LTR\">.</span></li>\r\n	<li>تسارع دقات القلب<span dir=\"LTR\">.</span></li>\r\n</ul>\r\n\r\n<p><strong>كيفية التعامل مع حالات فقدان الوعي</strong></p>\r\n\r\n<ul>\r\n	<li>تمديد المريض على ظهره</li>\r\n	<li>رفع قدمي المريض عن مستوى القلب بما يقارب 30 سم لزيادة كمية الدم المتدفق باتجاه الدماغ<span dir=\"LTR\">.</span></li>\r\n	<li>محاولة تخفيف الضغط من خلال إزالة القلادات، والأحزمة، وربطة العنق، والملابس الضيقة<span dir=\"LTR\">.</span></li>\r\n	<li>منع الشخص من النهوض مباشرة بعد استعادته للوعي<span dir=\"LTR\">.</span></li>\r\n	<li>الاتصال بالطوارئ وطلب المساعدة الطبية في حال عدم استعادة الشخص للوعي بعد مرور دقيقة واحدة<span dir=\"LTR\">.</span></li>\r\n	<li>التأكد من عدم وجود ما يعيق المجرى التنفسيّ في حال توقف نَفَس الشخص المغمى عليه، وفي حال عدم استعادة الشخص قدرته على التنفس الطبيعيّ يجب القيام بعمل إنعاش القلب والرئتين (بالإنجليزية<span dir=\"LTR\">: Cardiopulmonary resuscitation) </span>اختصاراً<span dir=\"LTR\"> (CPR)</span>، إلى أنْ يستعيد الشخص قدرته على التنفس أو حتى تصل المساعدة الطبيّة<span dir=\"LTR\">.</span><br />\r\n	<br />\r\n	<br />\r\n	<br />\r\n	&nbsp;</li>\r\n</ul>\r\n\r\n<p>&nbsp;</p>\r\n\r\n<h2>&nbsp;</h2>'),
(10,	5,	'en',	'coma',	'<h2><strong>Fainting may be preceded by a number of symptoms and signs, including the following:</strong><br />\r\n&bull; Feeling sick.<br />\r\n&bull; Lack of clarity of speech.<br />\r\n&bull; Sudden change in body temperature.<br />\r\n&bull; Sudden sweating.<br />\r\n&bull; Pale skin and a disturbance in vision.<br />\r\n&bull; Feeling dizzy and lightheaded.<br />\r\n&bull; Feeling numb.<br />\r\n&bull; Accelerated heart rate.</h2>\r\n\r\n<h2><br />\r\n<strong>How to deal with cases of loss of consciousness</strong><br />\r\n&bull; Extend the patient on his back<br />\r\n&bull; Raise the patient&#39;s feet about 30 cm above the level of the heart to increase the amount of blood flowing towards the brain.<br />\r\n&bull; Try to relieve stress by removing necklaces, belts, ties, and tight clothing.<br />\r\n&bull; Preventing the person from getting up immediately after regaining consciousness.<br />\r\n&bull; Call 911 and seek medical help if the person does not regain consciousness after one minute.<br />\r\n&bull; Ensure that there is nothing obstructing the airway if the unconscious person stops breathing, and if the person does not regain his ability to breathe normally, cardiopulmonary resuscitation (CPR) must be performed until the person regains his ability to breathe. Or until medical help arrives.</h2>'),
(11,	6,	'ar',	'ضربة الشمس',	'<p>اخرج من الحرارة بسرعة إلى مكان بارد ، أو على الأقل في الظل.</p>\r\n\r\n<p>استلقِ وارفع ساقيك لتدفق الدم إلى قلبك.</p>\r\n\r\n<p>اخلع أي ملابس ضيقة أو زائدة.</p>\r\n\r\n<p>ضع مناشف باردة على بشرتك أو خذ حمامًا باردًا. ...</p>\r\n\r\n<p>اشرب السوائل مثل الماء أو العصائر .</p>\r\n\r\n<p>يمكن استخدام <strong>كريمات </strong>الوقاية من الشمس قبل التعرض المباشر للشمس</p>'),
(12,	6,	'en',	'sunstroke',	'<ol>\r\n	<li>Get out of the heat quickly and into a cool place, or at least shade.</li>\r\n	<li>Lie down and elevate your legs to get blood flowing to your heart.</li>\r\n	<li>Take off any tight or extra clothing.</li>\r\n	<li>Apply cool towels to your skin or take a cool bath.&nbsp;</li>\r\n	<li>Drink fluids, such as water or a sports drink.</li>\r\n	<li><strong>Sunscreens </strong>can be used before direct exposure to the sun</li>\r\n</ol>'),
(13,	7,	'ar',	'نزيف الأنف',	'<p>الاسترخاء.</p>\r\n\r\n<p>اجلس في وضع مستقيم وقم بإمالة جسمك ورأسك للأمام قليلاً.</p>\r\n\r\n<p>تنفس من فمك.</p>\r\n\r\n<p>استخدم منديلًا أو قطعة قماش مبللة لتنشيف&nbsp;الدم.</p>\r\n\r\n<p>استخدم إبهامك وإصبعك السبابة لقرص الجزء الرخو من أنفك معًا.</p>'),
(14,	7,	'en',	'nose bleeding',	'<ol>\r\n	<li>Relax.</li>\r\n	<li>Sit upright and lean your body and your head slightly forward.</li>\r\n	<li>Breathe through your mouth.</li>\r\n	<li>Use a tissue or damp washcloth to catch the blood.</li>\r\n	<li>Use your thumb and index finger to pinch together the soft part of your nose.</li>\r\n</ol>'),
(15,	8,	'ar',	'توقف القلب والتنفس',	'<ul>\r\n	<li>إمالة رأس المصاب إلى الخلف حتى يبرز الذقن وفي حالة انسداد مجرى&nbsp;التنفس&nbsp;فيجب فتحه بازالة اية اجسام غريبة بالاصابع والضرب على الظهر بين الكتفين.</li>\r\n	<li>فحص استجابة المصاب: يجدر محاولة الحصول على إجابة شفوية بطرح أسئلة أو هز بلطف على كتف الطفل.</li>\r\n	<li>فتح مجرى التنفس بإمالة الرأس إلى الخلف ورفع الذقن لتفتح مجرى التنفس وأزل أي انسداد واضح.</li>\r\n	<li>فحص التنفس (انظر، اسمع، حس) لمده خمس ثواني، يتم الفحص لرؤية إذا كان هناك تنفس أو التنفس كافي أم لا.</li>\r\n	<li>يتم&nbsp;التنفس الصناعي&nbsp;باخذ المنقذ نفس عميق ثم يضع فمة على فم المصاب أو أنفه ويعطية اربعة انفاس سريعة بدون تسريب..وتكرار العملية حتى ينتظم التنفس أو يربط في الكمامات الخاصة.</li>\r\n	<li>فحص النبض الشرياني لدى الطفل وتحديد ما إذا كان موجوداً أم لا.</li>\r\n	<li>في حال عدم وجود تنفس يتم المباشرة بعمل&nbsp;إنعاش قلبي رئوي.</li>\r\n	<li>يتم مباشرة عملية الإنعاش بممارسة&nbsp;التدليك القلبي&nbsp;عبر الضغط براحة اليد على&nbsp;عظم القص&nbsp;بمعدل ضغطة كل ثانية ل30 ضغطة متتالية وذلك لمساعدة القلب على الضخ، ثم المباشرة بالتنفس الصناعي.</li>\r\n	<li>يعطى المصاب نفسي إنقاذ فعالين كل نفس 1.5 ثانية أو حتى يرتفع الصدر بشكل كافٍ.</li>\r\n	<li>يتم فحص دوران&nbsp;الدم&nbsp;لمدة لا تزيد على عشرة ثواني بعد كل جولة من التدليك القلبي والتنفس الصناعي.</li>\r\n	<li>يتم تكرارالعملية حتى يعود النبض والتنفس أو تصل سيارة الإسعاف أو تتعب أو تظهر علامات الوفاة مثل التخشب الرمي و برودة الجسم و ثبات توسع بؤبؤ العين.</li>\r\n</ul>'),
(16,	8,	'en',	'Heart and breathing stopped',	'<p>1-Tilt the patient&#39;s head back so that the chin protrudes. In the event of obstruction of the airway, it must be opened by removing any foreign bodies with the fingers and striking the back between the shoulders.</p>\r\n\r\n<p>2-&nbsp;Check the casualty&#39;s response: Try to get an oral answer by asking questions or gently rocking the child&#39;s shoulder.</p>\r\n\r\n<p>3-&nbsp;Open the airway by tilting the head back and lifting the chin to open the airway and remove any obvious obstruction.</p>\r\n\r\n<p>4-Breathing test (look, listen, feel) for five seconds. The test is done to see if there is enough breathing or breathing or not.</p>\r\n\r\n<p>5-&nbsp;Artificial respiration is carried out by the rescuer taking a deep breath, then placing his mouth on the mouth or nose of the victim and giving him four quick breaths without leaking.. and repeating the process until breathing is regular or tied in special masks.</p>\r\n\r\n<p>6-&nbsp;Examine the arterial pulse in the child and determine whether it is present or not.</p>\r\n\r\n<p>7-&nbsp;In the absence of breathing, cardiopulmonary resuscitation is initiated.</p>\r\n\r\n<p>8-&nbsp;The resuscitation process is carried out by practicing cardiac massage by applying pressure with the palm of the hand on the sternum at a rate of one pressure every second for 30 consecutive pressures to help the heart pump, then initiating artificial respiration.</p>\r\n\r\n<p>9-&nbsp;Give the casualty an effective rescue breath every 1.5 seconds or until the chest is sufficiently raised.</p>\r\n\r\n<p>10-&nbsp;The blood circulation is checked for no more than ten seconds after each round of cardiac massage and artificial respiration.</p>\r\n\r\n<p>11-&nbsp;The process is repeated until the pulse and breathing return, or the ambulance arrives, or you get tired, or signs of death appear, such as cataplexy, coldness of the body, and the persistence of dilated pupils.</p>'),
(17,	9,	'ar',	'الحروق',	'<p>يتم إسعاف&nbsp;الحروق&nbsp;بعد اخلاء الضحية واطفاء النار عن جسمه وتهدئته. ونزع الملابس أو قصها برفق من حول مكان الحرق. لا يجوز دهن الإصابة بأية مواد أو تغطية الحرق.</p>\r\n\r\n<ul>\r\n	<li>عدم إعطاء المصاب الماء والسوائل عن طريق الفم وتركيب كانيولا لاخذ محلول ملحي أو لبنات رينجر لتعويض الفاقد منها.</li>\r\n	<li>في حال كون الحرق كيماويا فيجب غسله فورا بالماء ولمدة نصف ساعة.</li>\r\n	<li>تفتح الفقاقيع في حروق الدرجة الأولى بشفرة معقمة ثم يجري تضميدها لمنع التلوث، كما يمكن تركها دون تدخل مع المحافظة على نظافة الحرق.</li>\r\n	<li>في حال كان الحرق عميقاً بحيث يشمل كل طبقات الجلد (حروق الدرجة الثالثة)، يجب فحص النبض في الأعضاء المصابة حيث أن الحروق تقوم بالانكماش ضاغطة على الأوعية الدموية التي تقع تحتها مما قد يعطل الدورة الدموية في المكان المصاب.</li>\r\n	<li>في حالات حروق الدرجة الثانية والثالثة يجب استدعاء الإسعاف أو نقل المريض إلى المستشفى على الفور.</li>\r\n</ul>'),
(18,	9,	'en',	'burns',	'<p>1-&nbsp;Burns are treated after evacuating the victim and putting out the fire from his body and calming him down. And disarmament of clothing or gently cut around the place burn. Fat may not be any material injury or cover the burn.</p>\r\n\r\n<p>2-&nbsp;Not giving the patient water and fluids orally and installing a cannula to take saline solution or Ringer&rsquo;s blocks to replace the lost ones.</p>\r\n\r\n<p>3-&nbsp;If the burn is chemical, it should be washed immediately with water for half an hour.</p>\r\n\r\n<p>4-&nbsp;Bubbles in first-degree burns are opened with a sterile blade and then bandaged to prevent contamination. They can also be left without interference while maintaining the cleanliness of the burn.</p>\r\n\r\n<p>5-&nbsp;In the event that the burn is deep and includes all layers of the skin (third-degree burns), the pulse in the affected organs must be checked, as the burns contract, pressing the blood vessels beneath them, which may disrupt blood circulation in the affected place.</p>\r\n\r\n<p>6-&nbsp;In cases of second and third degree burns, an ambulance should be called or the patient should be taken to the hospital immediately.</p>'),
(19,	10,	'ar',	'التسمم عن طريق الفم',	'<p>التسمم&nbsp;هو مجموعة اضطرابات في وظائف الجسم ناجمة عن اٍمتصاص مادة غريبة (السم)، والسم هو مادة تدخـل الجسـم بكميات كافيـة لأحداث ضـرر مؤقت أو دائـم.</p>\r\n\r\n<p><br />\r\nيتوجب اتباع الخطوات التالية عند التعامل مع حالات التسمم</p>\r\n\r\n<p>&nbsp;</p>\r\n\r\n<ol>\r\n	<li>سـؤال المصاب قبل أن يفقد وعيه عما حدث.</li>\r\n	<li>الاتصال بالإسعاف بسـرعة وأخبارهم عن حالة المصاب.</li>\r\n	<li>إذا كانت المادة السامة كيماوية.يجب عدم جعل المصاب يقيئ كما يجب عدم محاولة تبريدها بسقاية المصاب ماء أو حليب ليشربه.</li>\r\n	<li>إذا لم تكن المادة السـامة كاوية أو لم تكن المادة إحدى مشتقات البترول ولم يكن المصاب في حال صدمة أو فاقد الوعي فيمكن محاولة جعـل المصاب يتقيأ بوضع إصبع في حلقه. واعطائه ما يشربه.</li>\r\n	<li>إذا فقـد المصاب وعيه وبقي تنفسـه طبيعي، يجب وضعه في وضعية الاستشفاء.</li>\r\n	<li>إذا توقف التنفس ونبض القلب، يجب البدء فورا بعملية إنعاش قلبي رئوي.</li>\r\n	<li>يجب أخـذ الاحتياط لكي لا ينتقـل السـم إلى المسعف.</li>\r\n	<li>يتوجب نقل المصاب إلى المستشفي بسـرعة. مع إرسال عينات من القيء وأي علب تكون قريبة منه ليتم فحصهـا في المستشفى.</li>\r\n</ol>'),
(20,	10,	'en',	'poisoning',	'<p>Poisoning is a group of disturbances in the body&#39;s functions caused by the absorption of a foreign substance (toxin), and a poison is a substance that enters the body in sufficient quantities to cause temporary or permanent harm.</p>\r\n\r\n<p>The following steps must be taken when dealing with poisoning cases</p>\r\n\r\n<p>1-Ask the victim before he loses consciousness what happened.</p>\r\n\r\n<p>2-Call the ambulance quickly and tell them about the condition of the injured.</p>\r\n\r\n<p>3-If the toxic substance was a chemical. The patient should not be made to vomit, and it should not be attempted to cool it by giving the patient water or milk to drink.</p>\r\n\r\n<p>4-&nbsp;If the toxic substance is not caustic, or the substance is not a petroleum derivative, and the victim is not in a state of shock or unconscious, then an attempt can be made to make the victim vomit by placing a finger in his throat. And give him something to drink.</p>\r\n\r\n<p>5-&nbsp;If the victim loses consciousness and his breathing remains normal, he should be placed in the recovery position.</p>\r\n\r\n<p>6-&nbsp;If breathing and heart rate stop, CPR should be started immediately.</p>\r\n\r\n<p>7-&nbsp;Precautions must be taken so that the poison does not pass to the paramedic.</p>\r\n\r\n<p>8-&nbsp;The patient must be transported to the hospital quickly. Sending samples of vomit and any packages close to it to be examined in the hospital.</p>'),
(21,	11,	'ar',	'حوادث الصعق الكهربائي',	'<p>حوادث&nbsp;الصعق الكهربائي&nbsp;هي من الحوادث التي تقع في المنازل وأماكن العمل وتتراوح بين&nbsp;صدمة كهربائية بسيطة وصعق كهربائي&nbsp;خطير وقاتل. ينتج الضرر في حالات التعرض إلى صدمة كهربائية من الحروق والكسور حيث تكون العظام بمثابتة المقاومة في الدارة الناتجة، مما يسبب ارتفاع حرارة العظام وبالتالي تكون الحروق من الداخل إلى الخارج. كما تتسبب الصدمات الكهربائية في حدوث&nbsp;سكتة قلبية.</p>\r\n\r\n<p>خطوات إسعاف ضحية الصدمة الكهربائية تتلخص بما يلي:</p>\r\n\r\n<ol>\r\n	<li>قطع التيـار الكهربائي أولاً.</li>\r\n	<li>إبعاد المصاب عن مصدر التيار</li>\r\n	<li>فحص المصاب والتأكد من مدى الضرر</li>\r\n	<li>إذا كان المريض واعياً يفضل ذهابه إلى الطوارئ للتأكد من عدم وقوع أية كسور أو حروق داخلية.</li>\r\n	<li>إذا ما كان المريض فاقداُ للوعي يتوجب طلب الإسعاف بسرعة أو نقل المريض إلى أقرب مستشفى.</li>\r\n	<li>قد يتسبب الصعق الكهربائي في حدوث حروق أو قصور في عمل القلب، في حالة القصور يتم الإسعاف عن طريق إنعاش قلبي رئوي.</li>\r\n</ol>'),
(22,	11,	'en',	'electrocution accidents',	'<p>Electric shock accidents are accidents that occur in homes and workplaces and range from electric shock(** simple]] to dangerous and fatal electric shock. Damage in cases of exposure to electric shock results from burns and fractures where the bones are with constant resistance in the resulting circuit, causing The high temperature of the bones and consequently the burns from the inside out, and the electric shocks cause a heart attack.</p>\r\n\r\n<p>The steps for first aiding an electric shock victim are as follows:</p>\r\n\r\n<p>1-&nbsp;Cut off the power first.</p>\r\n\r\n<p>2-Remove the victim from the power source</p>\r\n\r\n<p>3-&nbsp;Examine the injured and ascertain the extent of the damage</p>\r\n\r\n<p>4-&nbsp;If the patient is conscious, it is preferable to go to the emergency room to ensure that there are no fractures or internal burns.</p>\r\n\r\n<p>5-If the patient is unconscious, an ambulance must be called quickly or the patient must be taken to the nearest hospital.</p>\r\n\r\n<p>6-&nbsp;Electrocution may cause burns or heart failure. In case of failure, CPR is treated.</p>'),
(23,	12,	'ar',	'الكسور',	'<p>الكسور هي من الطوارئ المتكررة الحدوث في المنزل وأماكن العمل نتيجة الانزلاق أو السقوط من ارتفاعات عالية كما أنها من أكثر الإصابات حدوثاً في حوادث السير والرياضة وغير ذلك. أنواع الكسور عديدة منها الكسور البسيطة والكسور المركبة، الكسور المغلقة والكسور المفتوحة.</p>\r\n\r\n<p>عند إسعاف الكسور العظمية يجب مراعاة الخطوات التالية:</p>\r\n\r\n<p>&nbsp;</p>\r\n\r\n<ul>\r\n	<li>محاولة تركيــز الشخص المصاب بكسور بشكل مريح إذا كان الكسر واضحاً وفي منطقة سهلة كالأقدام واليدين ولذلك لتسهيل نقله إلى المستشفى، مع تثبيت الطرف المكسور قدر الإمكان.</li>\r\n	<li>في حالة عدم التأكد من مكان الكسر كمــا في الحوض والقفص الصدري أو العمود الفقري فلا يجب تحريك المصاب ويجب طلب الاسعــاف فوراً ومحاولة تهدئة المصاب والحد من حركته.</li>\r\n	<li>في حالة اصابة الرقبة أو الجمجمة لا يجب فعل شيء سوى طلب الإسعاف، بالرغم من أن الغالبية العظمى من كسور الرقبة أو الجمجمة يفقد المريض الوعي فيها إلا أنه قد يبقى واعياً بعدها، ولذى يجب إخباره بضرورة عدم التحرك.</li>\r\n</ul>'),
(24,	12,	'en',	'fractions',	'<p>Fractures are a frequent emergency in the home and workplace as a result of slipping or falling from high heights. They are also one of the most common injuries in traffic accidents, sports, and more. There are many types of fractures, including simple fractures, compound fractures, closed fractures and open fractures.</p>\r\n\r\n<p>When treating bone fractures, the following steps must be observed:</p>\r\n\r\n<p>1-&nbsp;Try to focus the person with fractures comfortably if the fracture is clear and in an easy area such as the feet and hands, so as to facilitate his transfer to the hospital, while immobilizing the broken limb as much as possible.</p>\r\n\r\n<p>2-&nbsp;In the event that the location of the fracture is uncertain, as in the pelvis, rib cage, or spine, the victim should not be moved and an ambulance should be called immediately and an attempt should be made to calm the victim and limit his movement.</p>\r\n\r\n<p>3-&nbsp;In the event of an injury to the neck or skull, nothing should be done except to call for an ambulance, although the vast majority of neck or skull fractures lose consciousness in them, but they may remain conscious afterwards, and who must be told not to move.</p>'),
(25,	13,	'ar',	'لسعة العقارب والأفاعي',	'<p>و تختلف خطورتها حسب نوع العقارب والأفاعي لكنها بشكل عام حالة طارئة خطيرة يجب التعامل معها على الفور. تشكل بعض أنواع اللسعات خطراً مميتاً حيث يمكن للسم شل عضلات المريض ولربما يصل السم إلى شل عضلة&nbsp;الحجاب الحاجز&nbsp;مما يؤدي إلى توقف النفس.</p>\r\n\r\n<p><br />\r\nطريقة الإسعاف</p>\r\n\r\n<p>يتم إسعاف الحالة عبر وقف انتشار السم في الجسم ومحاولة إخراج&nbsp;السم&nbsp;من الجسم، كما تتمثل بإعطاء الترياق الخاص بالسم. من الخطوات الواجب اتباعها في إسعاف ضحايا لسعة العقارب والأفاعي:<br />\r\nربط العضو المصاب على بعد 10سم من اللدغة، وتقليل حركة وخوف وانفعال المصاب إلى ادنى حد ممكن.</p>\r\n\r\n<ul>\r\n	<li>إخراج أكبر كمية من السموم,&nbsp;يمكن هرس ثوم ووضعه على مكان اللدغة&nbsp;كما يمكن عصر مكان الإصابة لإخراج الدم الملوث، ويفضل اجتناب الشفط بالفم خشية انتقال السم إلى المسعف.</li>\r\n	<li>تدليك مكان اللدغة&nbsp;ببلورات&nbsp;بيرمنغنات البوتاسيوم&nbsp;وتضميده بمحلول البيرمنغنات.<br />\r\n	يعطى المصاب شرابا ساخنا منعشا مع أكبر كمية ممكنة من الماء لتخفيف تركيز&nbsp;السم&nbsp;في الدم.يغطى جيدا لأحداث&nbsp;التعرق&nbsp;ويرسل إلى اقرب مستشفى أو وحدة اسعاف على الفور.<br />\r\n	&nbsp;</li>\r\n</ul>\r\n\r\n<ul>\r\n</ul>\r\n\r\n<p>&nbsp;</p>\r\n\r\n<ul>\r\n</ul>'),
(26,	13,	'en',	'Scorpion and snake sting',	'<p>Its danger varies according to the type of scorpions and snakes, but in general it is a serious emergency that must be dealt with immediately. Some types of stings pose a fatal danger, as the poison can paralyze the patient&#39;s muscles and the poison may even paralyze the diaphragm muscle, leading to respiratory arrest.</p>\r\n\r\n<p>ambulance method</p>\r\n\r\n<p>The case is treated by stopping the spread of the poison in the body and trying to remove the poison from the body, as represented by giving the antidote for the poison. Among the steps to be followed in providing first aid to victims of scorpion and snake stings:</p>\r\n\r\n<p>1-&nbsp;Tie the injured member 10 cm away from the sting, and reduce the movement, fear and emotion of the injured to a minimum.</p>\r\n\r\n<p>2-&nbsp;To remove the largest amount of toxins, garlic can be mashed and placed on the place of the sting, and the place of injury can be squeezed to remove the contaminated blood, and it is preferable to avoid suctioning in the mouth for fear of transmitting poison to the paramedic.</p>\r\n\r\n<p>3-&nbsp;Massage the bite site with potassium permanganate crystals and bandage it with a solution of permanganate.</p>\r\n\r\n<p>4-&nbsp;The casualty is given a hot, refreshing drink with as much water as possible to reduce the concentration of poison in the blood. Cover well for sweating events and send to the nearest hospital or ambulance unit immediately.</p>'),
(27,	14,	'ar',	'الغرق',	'<p>بعد إخراج الغريق من الماء يتم تنظيف فمه وانفة بسرعة من العوالق، ثم يمدد على ظهرة بحيث يكون راسة اسفل مستوى جسمه مع تقليبة من جانب إلى آخر والضغط الخفيف على البطن، وفي حال توقف التنفس تجرى عملية التنفس الصناعي فورا.</p>'),
(28,	14,	'en',	'drowning',	'<p>After the drowning person is removed from the water, his mouth and nose are quickly cleaned of plankton, then he lies on his back so that his head is below the level of his body with a flip from side to side and light pressure on the abdomen, and in the event of respiratory failure, artificial respiration is performed immediately.</p>'),
(29,	15,	'ar',	'الغصة  (الشرقة)',	'<p>&nbsp; قف على الجانب وخلف الشخص البالغ المختنق مباشرة&nbsp;أعط 5 ضربات على الظهر.</p>\r\n\r\n<p>أعط 5 ضغطات في البطن. قم بأداء خمس ضغطات على البطن (تُعرف أيضًا بمناورة هيمليك).</p>\r\n\r\n<p>بدّل بين 5 ضربات و 5 دفعات حتى يزول الانسداد.</p>'),
(30,	15,	'en',	'choking',	'<ol>\r\n	<li>Give 5 back blows.&nbsp;Stand to the side and just behind a choking adult.&nbsp;</li>\r\n	<li>Give 5 abdominal thrusts.&nbsp;Perform five abdominal thrusts (also known as the Heimlich maneuver).</li>\r\n	<li>Alternate between 5 blows and 5 thrusts until the blockage is dislodged.</li>\r\n</ol>'),
(31,	16,	'ar',	'الأزمة القلبية',	'<p><strong>الذبحة الصدرية</strong></p>\r\n\r\n<p>يؤدى تصلب الشرايين التاجية إلى قصور فى تلبية احتياج القلب من الدم أثناء القيام بمجهود مثل صعود السلم ونتيجة لذلك يحدث ألم فى منتصف الصدر ويتميز بأنه يمتدد إلى الكتف الأيسر خاصة</p>\r\n\r\n<p>وقد يؤدى لظهور هذا الألم أشياء أخرى مثل التدخين و الجو البارد و الإفراط فى تناول الطعام</p>\r\n\r\n<p><strong>الإسعافات</strong></p>\r\n\r\n<ol>\r\n	<li>يجب أن يستريح المريض على الفور فالراحة كفيلة لذهاب الألم أما الإستمرار فى المجهود فقد يؤدى إلى مضاعفات خطيرة.</li>\r\n	<li>يفك أى أربطة ضاغطة على العنق أو البطن أو الصدر.</li>\r\n	<li>يأخذ المريض أى قرص موشع للأوعية الدموية مثل ( انجيسيد <span dir=\"LTR\">angised</span>) تحت اللسان ويكرر بعد خمس دقائق إن لم يتحسن الألم</li>\r\n	<li>إن لم يتحسن المريض وبدأ فى التعرق فهذا يعنى أن المريض قد دخل فى جلطة فى القلب <span dir=\"LTR\">myocardial infarction </span>&nbsp;ويجب نقلة فورا إلى المستشفى لأنه يحتاج لوحدة العناية المركزة.</li>\r\n</ol>'),
(32,	16,	'en',	'heart attack',	'<p><strong>heart attack</strong><br />\r\nCoronary atherosclerosis leads to a failure to meet the heart&#39;s need for blood during exertion such as climbing stairs. As a result, pain occurs in the middle of the chest and is characterized by extending to the left shoulder, especially<br />\r\nOther things such as smoking, cold weather, and overeating may lead to the emergence of this pain<br />\r\n<strong>first aid</strong><br />\r\n1- The patient must rest immediately. Rest is enough to relieve the pain. Continuing the effort may lead to serious complications.<br />\r\n2- Loosen any pressure bandages on the neck, abdomen or chest.<br />\r\n3- The patient takes any vascular tablet such as (angised) under the tongue and repeats after five minutes if the pain does not improve<br />\r\n4- If the patient does not improve and starts to sweat, this means that the patient has entered into a myocardial infarction and must be transferred immediately to the hospital because he needs the intensive care unit.</p>'),
(33,	17,	'ar',	'جسم غريب فى العين',	'<p>جسم غريب فى العين</p>\r\n\r\n<ol>\r\n	<li>إذا ظهر لك هذا الجسم على بياض العين أو خلف الجفن السفلى فالتقطه للخارج بلطف بواسطة طرف منديل نظيف وقد تحتاج لجذب الجفن للأمام من الرموش</li>\r\n	<li>إذا لم يظهر لك يسحب الجفن العلوى إلى السفلى (تغميض العين ) لمدة دقيقة ربما يؤدى ذلك إلى تحريك الجسم عن مكانة وظهوره على بياض العين</li>\r\n	<li>إذا لم يظهر رغم اتباعك الخطوة السابقة اسحب الجفن العلوى للأمام و اثنه للوراء على عود كبريت مثلا واطلب من أحد المحيطين النظر إلى محيطه الداخلى . إن تمكن من رؤيته</li>\r\n</ol>\r\n\r\n<p>فيزيله بالطريقة السابقة</p>\r\n\r\n<p>&nbsp;</p>\r\n\r\n<p>مادة كميائية فى العين</p>\r\n\r\n<ol>\r\n	<li>اغمر العين بسرعة بتيار من الماء البارد الجارى من الصنبور. و اثن رأسك للأمام بحيث تكون العين المصابة للأسفل</li>\r\n	<li>افتح الجفنين حتى تسمح بمرور الماء فى العين</li>\r\n	<li>وبعد غسل العين اربطها بضمادة واذهب للطبيب المختص على الفور</li>\r\n</ol>'),
(34,	17,	'en',	'foreign body in the eye',	'<p>foreign body in eye<br />\r\n1- If this object appears to you on the white of the eye or behind the lower eyelid, gently pick it out with the tip of a clean tissue. You may need to pull the eyelid forward from the eyelashes.<br />\r\n2- If it does not appear to you, pull the upper eyelid to the lower (blinding the eye) for a minute, this may lead to moving the body from its position and appearing on the white of the eye<br />\r\n3- If it does not appear despite following the previous step, pull the upper eyelid forward and bend it back on a match, for example, and ask one of those around to look at its inner circumference. If he can see it<br />\r\nRemove it as before</p>\r\n\r\n<p>chemical in the eye<br />\r\n1- Quickly immerse the eye in a stream of cold water running from the tap. Bend your head forward so that the affected eye is down<br />\r\n2- Open the eyelids to allow water to pass into the eye<br />\r\n3- After washing the eye, tie it with a bandage and go to the specialist doctor immediately</p>'),
(35,	18,	'ar',	'دخول مسمار فى القدم',	'<p>دخول مسمار فى القدم</p>\r\n\r\n<ol>\r\n	<li>قم بإخراج المسمار أو الدبوس بيدك أو بملقاط</li>\r\n</ol>\r\n\r\n<p><span dir=\"RTL\">إذا كان المسمار صدأ أو فى الشارع فيجب الذهاب فورا إلى الطبيب لتلقى مصل التيتانوس أو العلاج بالمضادات الحيوية ولا يجب التأخر عن 6 ساعت حتى يجدى المصل نفعا</span></p>'),
(36,	18,	'en',	'A nail in the foot',	'<p>A nail in the foot<br />\r\n1- Take out the pin or pin by hand or with tongs<br />\r\n2- If the nail is rusted or on the street, you must immediately go to the doctor to receive the tetanus serum or treatment with antibiotics, and it should not be delayed for more than 6 hours until the serum helps</p>'),
(37,	19,	'ar',	'دخول حشرة فى الأذن',	'<p>دخول حشرة فى الأذن</p>\r\n\r\n<p>&nbsp;قد يبدو الأمر غريبا ولكنه وارد الحدوث خاصة أذا لم يكن البيت نظيفا أو ينام الشخص على الأرض</p>\r\n\r\n<ol>\r\n	<li>لا تحاول إخراج الحشرة بعود كبريت أو دبوس</li>\r\n	<li>اثن رأسك إلى الجنب بحيث تصبح الأذن التى بها الحشرة لأعلى</li>\r\n	<li>اسكب زيت دافئ ( بروفين أو جلسرين ) داخل الأذن</li>\r\n	<li>انتظر من 15 إلى 20 دقيقة ثم مل رأسك للناحية الأخرى بحيث تخرج الحشرة مع الزيت</li>\r\n</ol>\r\n\r\n<p><span dir=\"RTL\">إن لم تفلح الطريقة السابقة فعليك بالرقود فى بانيو ماء دافئ مع غمر الأذن فى الماء لتخرج </span></p>'),
(38,	19,	'en',	'Insect in the ear',	'<p>Insect in the ear<br />\r\n&nbsp; It may seem strange, but it can happen, especially if the house is not clean or the person sleeps on the floor<br />\r\n1- Do not try to remove the insect with a match or a pin<br />\r\n2- Bend your head to the side so that the ear with the insect is up<br />\r\n3- Pour warm oil (ibuprofen or glycerin) into the ear<br />\r\n4- Wait from 15 to 20 minutes and then tilt your head to the other side so that the insect comes out with the oil<br />\r\n5- If the previous method did not work, you should lie in a bathtub of warm water with the ear immersed in the water to get out</p>'),
(39,	20,	'ar',	'دخول سنارة سمك فى الجلد',	'<p>دخول سنارة سمك فى الجلد</p>\r\n\r\n<p>إن محاولة اخراج هذا الجسم الصغير بطريقة عشوائية يمكن أن يؤدى إلى ضرر بالغ بالأنسجة . فإن لم تتمكن من استشارة الطبيب فعليك بهذه الطريقة البسيطة</p>\r\n\r\n<ol>\r\n	<li>قم بإخراج السن من الطرف المقابل ( استحمل الآلم البسيط الناتج عن ذلك )</li>\r\n	<li>قم بقص رأس السنارة بواسطة كماشة</li>\r\n	<li>الآن يمكنك سحب السنارة من نفس الجهة بكل سهولة</li>\r\n	<li>اعصر من الإصابة حتى يخرج أى تلوث وطهر الجرح ببعض البيتادين</li>\r\n	<li>عليك مراقبة الجرح فى الأيام التالية إن حدث تورم فهذا يعنى أن الجرح ملوث فعليك باستشارة الطبيب كما يمكن أن تأخذ مضاد حيوى عقب الإصابة مثل ( أمبيسلين&nbsp; 500مجم كل 6 ساعات &ndash; للبالغ )</li>\r\n</ol>'),
(40,	20,	'en',	'A fish hook into the skin',	'<p>a fish hook into the skin<br />\r\nAttempting to remove this small object in a random way can lead to severe tissue damage. If you are unable to consult a doctor, do this simple way<br />\r\n1- Take out the tooth from the opposite end (endure the slight pain resulting from this)<br />\r\n2- Cut the tip of the hook with pliers<br />\r\n3- Now you can easily pull the hook from the same side<br />\r\n4- Squeeze the injury until any contamination comes out and cleanse the wound with some betadine<br />\r\n5- You should monitor the wound in the following days. If swelling occurs, this means that the wound is contaminated. You should consult a doctor. You can also take an antibiotic after the injury, such as (Ampicillin 500 mg every 6 hours - for an adult)</p>'),
(41,	21,	'ar',	'بلع جسم غريب غير حاد (عملة معدنية )',	'<p>بلع جسم غريب غير حاد (عملة معدنية )</p>\r\n\r\n<p>عادة ما يخرج هذا الجسم مع البراز بعد يوم إلى ثلاثة أيام . و إذا صاحب الجسم الغريب متاعب مثل المغص أو الإمساك فإنه يمكن عمل أشعة لتوضيح مسار الجسم وفى كل يتم مراجعة الطبيب</p>'),
(42,	21,	'en',	'Swallowing a blunt foreign body (coin)',	'<p>Swallowing a blunt foreign body (coin)<br />\r\nThis body is usually excreted with stool after one to three days. And if the foreign body has troubles such as colic or constipation, x-rays can be done to clarify the path of the body, and in each case, the doctor is reviewed</p>'),
(43,	22,	'ar',	'بلع جسم حاد ( مسمار أو إبرة )',	'<p>بلع جسم حاد ( مسمار أو إبرة )</p>\r\n\r\n<p>&nbsp;مثل هذه الأشياء يصعب أن تمر من الأمعاء دون جروح ويجب مراجعة الطبيب لعمل أشعة لمعرفة وضع الجسم . كما يجب التأكد من نزول الجسم الغريب فى البراز وقد يحتاج إلى تدخل جراحى .</p>'),
(44,	22,	'en',	'Swallowing a sharp object (nail or needle)',	'<p>Swallowing a sharp object (nail or needle)<br />\r\n&nbsp; Such things are difficult to pass from the intestines without wounds, and the doctor must be consulted to do an x-ray to find out the position of the body. It should also make sure that the foreign body goes down in the stool and may need surgical intervention.</p>'),
(45,	23,	'ar',	'توقف جسم غريب بالمرئ',	'<p>توقف جسم غريب بالمرئ</p>\r\n\r\n<p>قد يحدث بعد بلع جسم غريب أنه لا يصل إلى المعدة و إنما يوقف فى المرئ و قد يحدث هذا ألم تجاه الجسم المحشور ومن الممكن أن يحدث نزيف دموى من الفم لذا يجب الذهاب بالسرعة إلى الطبيب المختص لإستخراج الجسم بواسطة المنظار.</p>'),
(46,	23,	'en',	'A foreign body in the esophagus',	'<p>A foreign body stopped in the esophagus<br />\r\nIt may happen after swallowing a foreign body that it does not reach the stomach, but stops in the esophagus, and this may cause pain towards the jammed body, and bloody bleeding may occur from the mouth, so you must go quickly to the specialist doctor to extract the body through the endoscope.</p>'),
(47,	24,	'ar',	'    الغشيان ( syncope  )',	'<p><strong>&nbsp;&nbsp;&nbsp; الغشيان ( </strong><strong><span dir=\"LTR\">syncope </span></strong><strong>&nbsp;)</strong></p>\r\n\r\n<p>&nbsp;</p>\r\n\r\n<p>فقدان الوعى له أشكال كثيرة ومتعددة من أشهرها فقدان الوعى المفاجئ لوقت قصير ويحدث إذا انخفض وصول الدم إلى المخ بشكل حاد ولفترة قصيرة مثلما يحدث فى الوقوف لفترة طويلة أو فى حالات فقر الدم او عند التوتر الشديد أو رؤية منظر بشع أو أثناء تضميد الجروح إذا ما عولجت بطريقة خشنة . فى هذه الحالة يشحب وجه المريض وينتابه عرق غزير ونرى أنه لا يستجيب للمؤثرات الخارجية مثل الصوت و الوخز المؤلم</p>\r\n\r\n<p>الإسعاف</p>\r\n\r\n<ol>\r\n	<li>يمدد المريض على ظهره ويكون مستوى الرأس منخفض عن الجسم لمساعدة وصول الدم إلى الرأس</li>\r\n	<li>فك أى أربطة على الجسم مثل الحزام وربطة العنق لمساعدة المريض على التنفس</li>\r\n	<li>فتح النوافذ و إبعاد الناس عنه لكى يتمكن من استنشاق هواء نقى</li>\r\n	<li>رش الماء البارد وصفعه على وجهه أو يشم رائحة نفاذه مثل البصل أو النشادر</li>\r\n</ol>\r\n\r\n<p>فى أى حالة فقدان الوعى لا بد من الإطمئنان على عمل القلب واستمرار التنفس فإذا كان المصاب لايتنفس نجرى على الفور التنفس الصناعى وفى حالة وجود كسور ننقل المريض بحذر مع التأكد من عدم تحريك الجزء المصاب.</p>'),
(48,	24,	'en',	'syncope',	'<p>syncope</p>\r\n\r\n<p>Loss of consciousness has many and many forms, the most famous of which is sudden loss of consciousness for a short time, and it occurs if the blood supply to the brain decreases sharply and for a short period, such as in standing for a long time, in cases of anemia, when severe tension, seeing an ugly sight, or while dressing wounds if they are treated. in a rough way. In this case, the patient&#39;s face turns pale and profusely sweats, and we see that he does not respond to external stimuli such as sound and painful tingling.<br />\r\nambulance<br />\r\n1- The patient lies on his back and the level of the head is lower than the body to help the blood reach the head<br />\r\n2- Loosen any straps on the body, such as the belt and tie, to help the patient breathe<br />\r\n3- Open windows and keep people away from him so that he can breathe fresh air<br />\r\n4- Sprinkle cold water and slap him on the face or smell a strong odor such as onions or ammonia<br />\r\nIn any case of loss of consciousness, it is necessary to check on the work of the heart and the continuation of breathing. If the victim is not breathing, we immediately perform artificial respiration. In the event of fractures, we move the patient with caution, making sure not to move the injured part.</p>'),
(49,	25,	'ar',	'المبيدات',	'<p>يعد تهيج الجلد من المبيدات من الأعراض الأكثر شيوعًا والتي تدل على حدوث تسمم الجلد عند استخدام المبيدات، حيث يتمثل بحدوث&nbsp;التهاب الجلد&nbsp;الذي تتراوح أعراضه بين احمرار الجلد وطفحه.<br />\r\nتحدث معظم حالات تهيج الجلد من المبيدات نتيجة انسكابها أثناء النقل، أو تناثرها أثناء الخلط، أو الرش، أو لمس المحاصيل التي تم رشها حالًا.</p>\r\n\r\n<p>يمكن علاج تهيج الجلد من المبيدات باتباع بعض التعليمات التي تساعد في التخفيف من التهيج لحين التواصل مع مركز مراقبة في السموم، ومن الأساليب المستخدمة لعلاج تهيج الجلد من المبيدات:&nbsp;</p>\r\n\r\n<h3>1. إزالة الملابس</h3>\r\n\r\n<p>يجب إزالة جميع الملابس التي كان يرتديها الشخص المصاب والتي تكون ملوثة بالمبيدات، والتخلص منها بأكياس في مكب النفايات.</p>\r\n\r\n<h3>2. استخدام الماء</h3>\r\n\r\n<p>يجب غسل جميع أجزاء الجسم المعرضة للمبيدات باستخدام الماء النظيف والصابون.</p>\r\n\r\n<p>كما يجب التأكد من وصول الماء إلى تحت&nbsp;الأظافر&nbsp;وثنايا الجلد ويساعد ذلك في علاج تهيج الجلد من المبيدات.</p>\r\n\r\n<h3>3. استخدام الشامبو&nbsp;</h3>\r\n\r\n<p>قد يعلق بعض أنواع المبيدات بفروة الرأس والشعر، لذلك لا بد من استخدام الماء والشامبو للتخلص منها، مما يساعد في علاج تهيج الجلد من المبيدات.</p>\r\n\r\n<h3>4.&nbsp;الاتصال بالطبيب</h3>\r\n\r\n<p>يجب الاتصال بالطبيب أو مركز مراقبة السموم للحصول على النصائح العلاجية.</p>\r\n\r\n<p>كما يجب التنويه لضرورة تجنب الاتصال المباشر بالمصاب أو ملابسه الملوثة، وارتداء القفازات المضادة للمواد الكيميائية أثناء مساعدة المصاب.</p>'),
(50,	25,	'en',	'pesticides',	'<p>Skin irritation from pesticides is one of the most common symptoms that indicate the occurrence of skin poisoning when using pesticides, as it is the occurrence of dermatitis whose symptoms range from redness to the skin and rashes.</p>\r\n\r\n<p>Most skin irritations from pesticides are caused by spillage during transportation, scattering during mixing, spraying, or contact with crops that have just been sprayed.<br />\r\nSkin irritation from pesticides can be treated by following some instructions that help relieve irritation until contacting a poison control center. The methods used to treat skin irritation from pesticides include:</p>\r\n\r\n<p>1. Remove clothes<br />\r\nAll clothing worn by the infected person that was contaminated with pesticides should be removed and disposed of in bags at the landfill.</p>\r\n\r\n<p>2. Use of water<br />\r\nAll parts of the body exposed to pesticides should be washed using clean water and soap.</p>\r\n\r\n<p>You must also ensure that water reaches under the nails and folds of the skin, and this helps in treating skin irritation from pesticides.</p>\r\n\r\n<p>3. Use shampoo<br />\r\nSome types of pesticides may stick to the scalp and hair, so it is necessary to use water and shampoo to get rid of them, which helps in treating skin irritation from pesticides.</p>\r\n\r\n<p>4. Contact a doctor<br />\r\nA physician or poison control center should be contacted for treatment advice.</p>\r\n\r\n<p>It should also be noted the need to avoid direct contact with the victim or his contaminated clothing, and to wear anti-chemical gloves while assisting the injured.</p>'),
(51,	26,	'ar',	'بلع المبيدات',	'<p>يتطلب ابتلاع المبيدات تدخلًا طبيًا فوريًا، لكن يمكن تقديم بعض الإسعافات الأولية لحين وصول الطوارئ، ومنها:&nbsp;</p>\r\n\r\n<p>غسل الفم بالماء إذا كان هناك بقايا للمبيد بالفم.<br />\r\nالاستعانة بالإسعافات الأولية الموجودة على ملصق المبيد.<br />\r\nالاتصال بمركز الطوارئ فورًا، وتواصل مع مركز مراقبة السموم لمتابعة الحالة.<br />\r\nمحاولة إحداث قيء عند المريض باستخدام الإصبع، لكن يجب عليك التأكد أولًا أن حدوث القيء لمثل هذه الحالة مسموح.<br />\r\nاستخدام الفحم المنشط بعد القيء، حيث يعمل على امتصاص المواد الكيميائية.<br />\r\nالحفاظ على هدوء المصاب.</p>'),
(52,	26,	'en',	'swallowing pesticides',	'<p>Swallowing pesticides requires immediate medical intervention, but some first aid can be provided until the emergency arrives, including:</p>\r\n\r\n<p>1- Rinse the mouth with water if there is a residue of the pesticide in the mouth.<br />\r\n2- Use the first aid found on the pesticide label.<br />\r\n3- Call the emergency center immediately, and contact the poison control center for follow-up.<br />\r\n4- Attempting to induce vomiting in the patient using the finger, but you must first make sure that vomiting for such a case is permissible.<br />\r\n5- Use activated charcoal after vomiting, as it absorbs chemicals.<br />\r\n6- Keep the patient calm.</p>'),
(53,	27,	'ar',	'استنشاق المبيدات',	'<p>يحدث استنشاق المبيدات في بعض الحالات تسممًا عند المصاب، لذلك لا بد من التنويه لضرورة الالتزام بمعدات السلامة عند استخدام المبيدات.</p>\r\n\r\n<p>كما يمكن تقديم الإسعافات الأولية للمريض عند الاستنشاق كما يأتي:&nbsp;</p>\r\n\r\n<p>اسحب المصاب إلى الهواء الطلق فورًا.<br />\r\nافتح الأبواب والنوافذ لتجنب إصابة شخص اخر.<br />\r\nقم بفك ملابس المصاب خاصة الضيقة.<br />\r\nاتصل بمركز الطوارئ فورًا لتأمينك بجهاز التنفس الصناعي.</p>'),
(54,	27,	'en',	'inhalation of pesticides',	'<p>In some cases, inhalation of pesticides causes poisoning of the injured, so it must be noted the need to adhere to safety equipment when using pesticides.</p>\r\n\r\n<p>It can also provide first aid to the patient when inhaled as follows:</p>\r\n\r\n<p>1- Take the casualty out to fresh air immediately.<br />\r\n2- Open doors and windows to avoid injuring another person.<br />\r\n3- Loosen the casualty&#39;s clothing, especially the tight ones.<br />\r\n4- Call the emergency center immediately to secure a respirator.</p>'),
(55,	28,	'ar',	'التشنجات ',	'<p><strong>التشنجات&nbsp;</strong><br />\r\nهى حركات لا إرادية تنتاب عضلات الجسم وتحدث فى شكل فجائى وتتكرر فى صورة نوبات .&nbsp;<br />\r\nويعتبر مرض الصرع هو أكثر الأسباب شيوعا لدوث التشنجات وتحدث عادة بسبب عدم الإنتظام على الدواء.&nbsp;<br />\r\nوهناك التشنجات الهستيرية &nbsp;والتى تحدث عادة من فتاة أو سيدة غير مثقفة أمام متفرجين لذلك إنصراف أفراد الأسرة أمر ضرورى لوقف التشنجات الهستيرية .<br />\r\nوهناك أسباب أخرى للتشنجات فممكن أن تحدث فى الطفل بسبب ارتفاع درجة الحرارة أو ضربة شمس و قد تحدث للحوامل بسبب تسمم الحمل .<br />\r\nالإسعافات<br />\r\n1-&nbsp;&nbsp; &nbsp;إذا لم تكن سبب التشنجات مرض الصرع فيجب استدعاء الطبيب على الفور .<br />\r\n2-&nbsp;&nbsp; &nbsp;من الخطأ أن تحاول منع المريض من الحركة بالقوة فهذا قد يؤدى إلى تمزق العضلات أو خلع المفاصل أو حتى كسور<br />\r\n3-&nbsp;&nbsp; &nbsp;يجب وضع المريض على الأرض أو السرير و إبعاد أى شئ من حولة قد يؤذيه إلى أن تنتهى التشنجات.<br />\r\n4-&nbsp;&nbsp; &nbsp;بعد انتهاء التشنجات يجب وضع المريض فى غرفة هادئة مظلمة فى وضع الإفاقة ( الرأس إلى أسفل ) حتى يستعيد وعيه<br />\r\n5-&nbsp;&nbsp; &nbsp;فى حالة الطفل المصاب بالتشنجات نتيجة ارتفاع درجة الحرارة يجب عمل كمادات باردة على الجبهه بعد التشنجات لخفض درجة الحرارة مع العلم أن أدوية خفض الحرارة لا تعمل عند درجات الحرارة العالية جدا .<br />\r\n6-&nbsp;&nbsp; &nbsp;يجب استدعاء الطبيب أو الذهاب إلى الطبيب المختص فورا</p>\r\n\r\n<p>يمكن أخذ امبول <strong>دايزبام </strong>ولكن تحت إشراف الطبيب<br />\r\n&nbsp;</p>'),
(56,	28,	'en',	'convulsions',	'<p><strong>convulsions</strong><br />\r\nThey are involuntary movements of the muscles of the body that occur suddenly and are repeated in the form of fits.<br />\r\nEpilepsy is the most common cause of convulsions and usually occurs due to irregular medication.<br />\r\nThere are hysterical spasms, which usually occur from an uneducated girl or woman in front of spectators, so the departure of family members is necessary to stop hysterical spasms.<br />\r\nThere are other causes of convulsions, as they may occur in the child due to high temperature or heat stroke, and may occur to pregnant women due to preeclampsia.<br />\r\nfirst aid<br />\r\n1- If the convulsions are not caused by epilepsy, a doctor should be called immediately.<br />\r\n2- It is wrong to try to prevent the patient from moving by force, as this may lead to muscle tears, joint dislocation, or even fractures<br />\r\n3- The patient should be placed on the floor or the bed and anything around him that might harm him should be removed until the convulsions are over.<br />\r\n4- After the convulsions have ended, the patient should be placed in a dark, quiet room in the recovery position (head down) until he regains consciousness.<br />\r\n5- In the case of a child suffering from convulsions as a result of high temperature, cold compresses should be applied to the forehead after the convulsions to reduce the temperature, knowing that fever-reducing medicines do not work at very high temperatures.<br />\r\n6- You must call a doctor or go to a specialist doctor immediately</p>\r\n\r\n<p><strong>Diazepam ampoule can be taken, but under the supervision of a doctor</strong></p>'),
(57,	29,	'ar',	'أزمة الربو',	'<p><strong>أزمة الربو</strong><strong> </strong></p>\r\n\r\n<p>يتعرض &nbsp;مرضى الربو لأزمات متكررة تستمر فيها صعوبة التنفس و يسمع تزييق الصدر واضحا للمحيطين بالمريض , و يظهر عليه التوتر و الجزع بوضوح</p>\r\n\r\n<p>ويحدث الربو بسبب التعرض للغبار أو الدخان ويساعد الإنفعال النفسى فى حدوث النوبة.</p>\r\n\r\n<p><strong>الإسعافات</strong></p>\r\n\r\n<ol>\r\n	<li>أهم ما يجب أن يحرص المحيطين بالمريض هو طمأنته و تهيئة جو نفسى مريح يساعده على مغالبة التوتر , أما الإلتفاف حوله والبكاء و العويل فإنة يؤدى إلى زيادة التوتر ممايؤدى إلى زيادة النوبة كما يمنع عنه الهواء النقى</li>\r\n	<li>يجلس المريض فى مكان موفور الهواء وياخذ الوضع الذى يناسبه فى التنفس.</li>\r\n	<li>يستعمل المريض بخاخة الربو المعتادة له مثل <strong>فنتولين </strong>( بخه واحده إذا لزم الأمر تكرر بعد خمس دقائق ولا تكرر ثانية إلا بعد ساعتين )</li>\r\n	<li>إذا لم يوجد بخاخ فيأخذ أى أقىرص موسعة للشعب مثل <strong>فنتولين </strong></li>\r\n	<li>يتم عمل حمام بخار واسنتشاق بخار الماء المتصاعد لإذابة المخاط فى الشعب الهوائية ومن الممكن إضافة ورق النعناع للماء المغلى</li>\r\n	<li>إذا لم يظهر أى تحسن أو ظهر إزرقاق المريض فيتم نقله فورا إلى المستشفى أو استدعاء الطبيب المختص .</li>\r\n</ol>'),
(58,	29,	'en',	'Asthma crisis',	'<p><strong>Asthma crisis</strong><br />\r\nAsthma patients are exposed to recurrent crises in which difficulty breathing persists, and the chest murmurs are heard clearly to those around the patient, and the tension and anxiety appear clearly on him.<br />\r\nAsthma occurs due to exposure to dust or smoke, and psychological agitation helps in the occurrence of the attack.<br />\r\n<strong>first aid</strong><br />\r\n1- The most important thing that people around the patient should be keen on is reassuring him and creating a comfortable psychological atmosphere that helps him to overcome tension.<br />\r\n2- The patient sits in a place with good air and takes the position that suits him for breathing.<br />\r\n3- The patient uses his usual asthma inhaler, such as Ventolin (one spray if necessary, to be repeated after five minutes and not to be repeated again until after two hours).<br />\r\n4- If there is no spray, take any extended-release tablets such as Ventolin<br />\r\n5- A steam bath is made and the rising water vapor is inhaled to dissolve the mucus in the airways. It is possible to add mint leaves to the boiling water.<br />\r\n6- If no improvement appears or the patient appears cyanosis, he is immediately transferred to the hospital or a specialist doctor is called.</p>'),
(59,	30,	'ar',	'نقص السكر بالدم',	'<p><strong>نقص السكر بالدم </strong></p>\r\n\r\n<p>يعتمد ضبط مستوى السكر فى الدم فى مريض السكر على الدواء و الغذاء و المجهود وبناء على ذلك إما أن ينخفض مستوى السكر فى الدم أو يرتفع وفى كلا الحالتين ممكن أن ينتهى الأمر بالدخول فى غيبوبة . و فى الحقيقة أن انخفاض مستوى السكر فى الدم أخطر بكثير من ارتفاعه إذ من الممكن أن يؤدى ذلك إلى غيبوبة يموت بعدها الشخص بوقت قصير</p>\r\n\r\n<p><strong>علامات نقص السكر فى الدم </strong></p>\r\n\r\n<p>عند تناول جرعة زائدة من الدواء أو فوات وجبة رئيسية أو عمل مجهود عضلى زائد يؤدى ذلك إلى :</p>\r\n\r\n<ol>\r\n	<li>يظهر على المريض العصبية&nbsp; التوتر و الذى قد يصل إلى حد الهياج و التشنجات</li>\r\n	<li>يظهر على المرض العرق الزائد</li>\r\n	<li>عدم القدرة على التركيز وضبط الأفكار وصدور أفعال غير مسؤولة منه</li>\r\n	<li>لو قمت بوضع شرائط التحليل فى عينة البول لن تجد أى تغيير مما يدل على عدم وجود سكر فى البول</li>\r\n</ol>\r\n\r\n<p><strong>الإسعافات</strong></p>\r\n\r\n<ol>\r\n	<li>إذا كان المريض غير فاقد الوعى يتناول كمية من السكر أو الحلويات</li>\r\n	<li>إذا بدأ المريض فى فقدان الوعى فلا يعطى شئ بالفم ولكن ممكن أن ندهن العسل على شفتتيه</li>\r\n	<li>يؤكد سرعة استجابة المريض صحة التشخيص فحالة انخفاض السكر كما تسوء سريعا تتحسن سريعا</li>\r\n	<li>لا بد من وضع بعض قوالب السكر أو الحلوى مع مريض السكر لإستخدامها فى الطوارئ</li>\r\n</ol>'),
(60,	30,	'en',	'Hypoglycemia',	'<p><strong>Hypoglycemia</strong><br />\r\nControlling the blood sugar level in a diabetic depends on medication, food, and effort. Accordingly, the blood sugar level either decreases or rises, and in both cases it may end up in a coma. In fact, low blood sugar is much more dangerous than high, as it can lead to a coma, after which the person dies in a short time.<br />\r\n<strong>Signs of low blood sugar</strong><br />\r\nWhen taking an overdose of the medicine, missing a main meal, or making excessive muscle effort, this leads to:<br />\r\n1- The patient appears nervous, which may reach the point of agitation and convulsions<br />\r\n2- The disease shows excessive sweating<br />\r\n3- The inability to focus and control thoughts and the issuance of irresponsible actions from him<br />\r\n4- If you put the analysis strips in the urine sample, you will not find any change, which indicates that there is no sugar in the urine<br />\r\n<strong>first aid</strong><br />\r\n1- If the patient is unconscious and eats an amount of sugar or sweets<br />\r\n2- If the patient begins to lose consciousness, do not give anything by mouth, but it is possible to apply honey on his lips<br />\r\n3- The patient&#39;s rapid response confirms the correctness of the diagnosis. The condition of low sugar as it worsens quickly improves quickly<br />\r\n4- Some sugar or candy molds must be placed with the diabetic to be used in emergency</p>'),
(61,	31,	'ar',	'الارتجاج',	'<p>حالة يسببها هزّ الدماغ. والدماغ يوسّد ضمن الجمجمة بالسائل الدماغي الشوكي لذا فإذا ما تعرض الرأس لضربة فبإمكان الدماغ الارتداد من جانب لآخر مما يتسبب بتعطيل واسع الانتشار<br />\r\nلعمله الطبيعي فيمكن أن يغيب المصاب عن وعيه لفترة قصيرة (غالباً أقل من ثلا دقائق) وبعدها<br />\r\nينبغي أن يرتفع مستوى الاستجابة لديه ويجب أن يستعيد المصاب وعيه بالكامل إذا لم يكن ثمّة مضاعفات</p>\r\n\r\n<p><strong>الأعراض</strong></p>\r\n\r\n<ol>\r\n	<li>الغياب عن الوعي لفترة وجيزة يتبعها تحسن في مستوى الاستجابة ومن ثم استعادة الوعي<br />\r\n	&nbsp;</li>\r\n	<li>فقدان ذاكرة قصير الأمد وبخاصة للحاد</li>\r\n	<li>واضطراب وتهيّج</li>\r\n	<li>&nbsp;صداع معتدل وعام</li>\r\n	<li>شحوب الجلد وتعرقه</li>\r\n	<li>التنفس إما طبيعي أو خفيف</li>\r\n	<li>النبض إما سريع أو بطيء (الدم يحول إلى خارج<br />\r\n	الأطراف)</li>\r\n	<li>&nbsp;الحدقتان طبيعيتان ومتفاعلتان مع الضوء</li>\r\n	<li>&nbsp;من الممكن حدو غثيان أو إقياء عند استعادة الوعي\r\n	<p><strong>الاسعاف</strong></p>\r\n	</li>\r\n</ol>\r\n\r\n<p>&nbsp;</p>\r\n\r\n<p><strong>الإسعاف<br />\r\n*-&nbsp;&nbsp; &nbsp;اتصل بالإســـعـــاف إذا كــان الـمـصـاب غـائـبـاً عـن الوعي ومستوى<br />\r\nاستجابته يتدهور أو شككت بوجود كسر في الجمجمة .<br />\r\n*-&nbsp;&nbsp; &nbsp;حــافــظ عــلـــــى الـمـجـــــــاري التنـفسـيـة والـتـنـفس .<br />\r\n*-&nbsp;&nbsp; &nbsp; إذا أردت حمـايــة مجــاري الـتـنـفس فـقـم بـوضـع الـمـصـاب في وضعية إعادة<br />\r\nالوعي وأبـق الـرأس والعنـق والجســـم على استقامة واحدة أثناء تدوير المصاب</strong></p>\r\n\r\n<p><strong>*-&nbsp;&nbsp; &nbsp;إذا كــان الـمـصـاب واعياً (غير فاقد الوعي) ســـاعده في التمدد وأبق الرأس<br />\r\nوالعنـق والجسـم على استـقامــة واحدة خوفاًمن إمكانية وجود إصابة في العنق<br />\r\n*-&nbsp;&nbsp; &nbsp;سيطر على أي نزيف بالقيام بضغط لطيف حول الجرح ولكن في حال وجود<br />\r\nنزيف أو تفريغ (مفرزات) من الأذن فإياك أن تحاول سد الأذن أو أن توقف النزيف<br />\r\n*-&nbsp;&nbsp; &nbsp;ابحث عن مصابين آخرين وعالجهم<br />\r\n*-&nbsp;&nbsp; &nbsp;راقب باستمرار وسجل حالة التنفس والنبض ومستوى راقب باستمرار وسجل حالة التنفس والنبض ومستوى الاستجابة وحتى لو بدا أن المصاب بدأ باستعادة وعيه فاحترس<br />\r\nمن انخفاض مستوى الاستجابة فيما بعد.<br />\r\n*-&nbsp;&nbsp; &nbsp;تأكد من أن المصاب بالارتجاج المستعيد لوعيه لن يكون وحيداً في الساعات التالية وانصحه بمراجعة طبيب بأسرع ما يمكن<br />\r\n*-&nbsp;&nbsp; &nbsp;يجب على المصاب الذهاب فوراً إلى المشفى في الأيام التالية إذا أصبح يعاني من صداع حاد أو غثيان أو إقياء أو نعاس متزايد أو ضعف في إحدى الأطراف أو وجود مشاكل في النطق أو دوار أو خروج سوائل من الأنف أو الأذن أو وجود مشاكل بصرية أو نوبات أو تشوش(اضطراب)<br />\r\n*-&nbsp;&nbsp; &nbsp;لا تسمح لرياضي مصاب بارتجاج باللعب حتى يرى طبيباً<br />\r\n*-&nbsp;&nbsp; &nbsp;اطلب استشارة طبية قبل السماح للمصاب بالأكل أو الشرب</strong></p>'),
(62,	31,	'en',	'concussion',	'<p>A condition caused by shaking the brain. Within the skull, the brain is covered with cerebrospinal fluid, so if the head is hit, the brain can bounce from side to side, causing widespread disruption.<br />\r\nFor its normal work, the casualty may be unconscious for a short period (often less than three minutes) and then<br />\r\nThe response level should be raised and the casualty should fully regain consciousness if there are no complications</p>\r\n\r\n<p><strong>Symptoms</strong><br />\r\n1- Loss of consciousness for a short period, followed by an improvement in the level of response, and then regaining consciousness</p>\r\n\r\n<p>2- Short-term memory loss, especially severe<br />\r\n3- Confusion and irritability<br />\r\n4- Mild and general headache<br />\r\n5- Pale and sweaty skin<br />\r\n6- Breathing is either normal or light<br />\r\n7- The pulse is either fast or slow (blood turns outward<br />\r\nthe parties)<br />\r\n8- The pupils are normal and reactive to light<br />\r\n9- Nausea or vomiting may occur when consciousness is restored</p>\r\n\r\n<p><strong>first aid</strong></p>\r\n\r\n<p>ambulance<br />\r\n*- Call an ambulance if the casualty is unconscious and the level of<br />\r\nHis response is deteriorating or he suspects a skull fracture.<br />\r\n*- Maintain the airways and breathing.<br />\r\n*- If you want to protect the respiratory tract, put the casualty in a re-position.<br />\r\nAwareness and keep the head, neck and body straight while rotating the casualty</p>\r\n\r\n<p>*- If the casualty is conscious (not unconscious), help him to stretch and keep the head<br />\r\nThe neck and the body are straight, for fear of the possibility of a neck injury<br />\r\n* - Control any bleeding by applying gentle pressure around the wound, but only if there is<br />\r\nBleeding or discharge (discharge) from the ear, do not try to block the ear or stop the bleeding<br />\r\n* Find and treat other patients<br />\r\n*- Constantly monitor and record the state of respiration and pulse and the level of constantly monitor and record the state of respiration and pulse and the level of response, and even if it appears that the patient is starting to regain consciousness, be careful<br />\r\nfrom a lower level of response later.<br />\r\n*- Make sure that the concussion victim is not alone in the following hours and advise him to see a doctor as soon as possible<br />\r\n*- The patient must go immediately to the hospital in the following days if he suffers from severe headache, nausea, vomiting, increased drowsiness, weakness in one of the limbs, speech problems, dizziness, fluid from the nose or ear, visual problems or seizures. or confusion<br />\r\n*- Do not allow an athlete with a concussion to play until they see a doctor<br />\r\n*- Seek medical advice before allowing the casualty to eat or drink</p>\r\n\r\n<p>&nbsp;</p>'),
(63,	32,	'ar',	'الانضغاط',	'<p>حالة خطيرة جداً لأن الدماغ يكون فيها متوضعاً تحت ضغط هائل سببه إما نزيف أو تورم في الجوف القحفي ويمكن أن يكون سبب الانضغاط هو كسر في الجمجمة أو إصابة في الرأس ويمكن أن يحد بسبب المرض مثل تمزق الأوعية الدموية (وهو أحد أنواع السكتة الدماغية) أو بسبب ورم الدماغ أو بسبب العدوى كمرض السحايا. وهذه الحالة لا يتعامل معها إلا الطبيب المختص</p>\r\n\r\n<p><strong>الأعراض</strong></p>\r\n\r\n<p>*- يمكن للمصاب تذكر قصة حادثة إصابة رأسه الأخيرة مع استعادة وعيه ظاهرياً لكن بعد ذلك تتدهور حالته<br />\r\n<span dir=\"LTR\">* </span>- يسوء مستوى الاستجابة كلما تطورت الحالة<br />\r\n<span dir=\"LTR\">* </span>&nbsp;- صداع شديد</p>\r\n\r\n<p>&nbsp;*- الجلد يكون محمراً وجافاً<br />\r\n<span dir=\"LTR\">* </span>&nbsp;-التنفس إما عميق أو ضوضائي أو بطيء (إذا كان الضغط على مركز التنفس في<br />\r\nالدماغ )</p>\r\n\r\n<p>* -النبض إما ضعيف أو قوي (بسببارتفاع ضغط الدم)</p>\r\n\r\n<p>*- قد تتوسع إحدى أو كلا الحدقتين إذا ازداد الضغط على الدماغ<br />\r\n<span dir=\"LTR\">* </span>- تصبح الحالة أسوأ وربما تحد نوبات دون استعادة المصاب للوعي</p>\r\n\r\n<p><strong>الإسعاف</strong></p>\r\n\r\n<p><strong>نفس خطوات الارتجاج</strong></p>'),
(64,	32,	'en',	'compression',	'<p>A very serious condition because the brain is under tremendous pressure caused by either bleeding or swelling in the cranial cavity. The cause of the compression can be a skull fracture or head injury and may be limited by disease such as rupture of blood vessels (a type of stroke) or due to Brain tumor or infection such as meningitis. This case can only be dealt with by a specialist doctor</p>\r\n\r\n<p><strong>Symptoms</strong><br />\r\nThe casualty can remember the story of his last head injury while apparently regaining consciousness, but then his condition deteriorates<br />\r\n* - The level of response worsens as the condition progresses<br />\r\n* &nbsp;- Severe headache<br />\r\n&nbsp; * The skin is red and dry</p>\r\n\r\n<p><strong>first aid</strong></p>\r\n\r\n<p><strong>Same steps as concussion</strong><br />\r\n* - Breathing is either deep, noisy, or slow (if the pressure on the respiratory center is in<br />\r\nthe brain )<br />\r\n* - The pulse is either weak or strong (due to high blood pressure)<br />\r\n*- One or both pupils may dilate if pressure on the brain increases<br />\r\n* - The condition becomes worse and may limit seizures without regaining consciousness</p>'),
(65,	33,	'ar',	'كسر الجمجمة',	'<p>إن كسر الجمجمة خطير لأن العظم المكسور يمكنه أن يؤذي الدماغ مباشرة أو يسبب النزيف والذي بدوره يؤدي إلى الانضغاط. فتوقع من أي مريض تلقى ضربة على رأسه أن يكون لديه كسر في الجمجمة وخاصة إذا كان المريض بمستوى متدنٍ من الاستجابة . فى هذه الحالة يجب الذهاب فورا إلى أقرب مستشفى طوارئ<br />\r\n&nbsp;</p>\r\n\r\n<p><strong>الأعراض</strong></p>\r\n\r\n<p>*- يمكن أن يعاني المصاب أيضاً من الارتجاج أو الانضغاط مع الكسر لذا فتلك<br />\r\nالعلامات والأعراض يمكن أن تحصل إضافة لـ<span dir=\"LTR\"> :<br />\r\n* </span>نزيف أو تورّم أو رض للرأس<br />\r\n<span dir=\"LTR\">* </span>منطقة طرية أو انخفاض في فروة الرأس<br />\r\n<span dir=\"LTR\">* </span>كدمات حول إحدى أو كلي العينين<br />\r\n<span dir=\"LTR\">* </span>كدمات (رضوض) أو تورّم خلف الأذن<br />\r\n<span dir=\"LTR\">* </span>نزيف أو خروج سائل من الأذن أو الأنف<br />\r\n<span dir=\"LTR\">* </span>وجود تشوه أو نقص في تناسق الرأس<br />\r\n<span dir=\"LTR\">* </span>وجود دم في بياض العين</p>\r\n\r\n<p><strong>الإسعاف </strong></p>\r\n\r\n<p><strong>نفس خطوات الارتجاج </strong></p>'),
(66,	33,	'en',	'skull fracture',	'<p>A skull fracture is dangerous because the broken bone can directly injure the brain or cause bleeding, which in turn leads to compression. Expect any patient who received a blow to the head to have a skull fracture, especially if the patient had a low level of response. In this case, you must immediately go to the nearest emergency hospital</p>\r\n\r\n<p><strong>Symptoms</strong><br />\r\n*- The patient may also suffer from concussion or compression with the fracture, so this is<br />\r\nSigns and symptoms can occur in addition to:<br />\r\n* Bleeding, swelling or trauma to the head<br />\r\n* A tender or drooping area of the scalp<br />\r\nBruising around one or both eyes<br />\r\nBruising (bruising) or swelling behind the ear<br />\r\n* Bleeding or fluid draining from the ear or nose<br />\r\n* The presence of deformation or lack of coordination of the head<br />\r\n* There is blood in the white of the eye</p>\r\n\r\n<p><strong>first aid</strong><br />\r\nSame steps as concussion</p>'),
(67,	34,	'ar',	'الخانوق',	'<p>الخانوق أو الخنّاق حالة تحد غالباً عند الأطفال الصغار جداً حيث تصاب الحنجرة وتتورم ونوباته التي غالباً ما تحصل في الليل يمكن أن تبدو مقلقة جداً ولكن تقريباً يبرأ الطفل منها دائما دون أن تسبب له أذى لاحقا</p>\r\n\r\n<p>&nbsp;</p>\r\n\r\n<p><strong>الأعراض</strong></p>\r\n\r\n<ol>\r\n	<li>&nbsp;ضيق وصعوبة في التنفس</li>\r\n	<li>صوت مزعج مرتفع أو ضجة صفير أثناء تنفس الطفل</li>\r\n	<li>سعال نباحي جاف</li>\r\n	<li>الجلد شاحب ومتعرّق</li>\r\n	<li>آثار زرقاء على الجلد (ازرقاق)</li>\r\n	<li>استخدام الطفل لعضلات الرقبة وأعلى الصدر للمساعدة في التنفس</li>\r\n</ol>\r\n\r\n<p>&nbsp;</p>\r\n\r\n<p><strong>الإسعافات</strong></p>\r\n\r\n<p>&nbsp;*- كن هادئاً فالذعر سيضايق الطفل ويجعل النوبة أسوأ<br />\r\n<span dir=\"LTR\">* </span>- اجعل الطفل يجلس معتدلاً وطمئنه<br />\r\n<span dir=\"LTR\">* </span>- اطلب المساعدة الطبية<br />\r\n<span dir=\"LTR\">* </span>- إذا كانت النوبة حادة لا تسكن أو ازرقت شفتا الطفل أو ارتفعت<br />\r\nحرارته فاتصل بالإسعاف لطلب سيارة الإسعاف</p>\r\n\r\n<p>&nbsp;</p>\r\n\r\n<p><strong>تحذير</strong> <span dir=\"LTR\">:</span>إياك أن تضع أصابعك تحت بلعوم الطفل الذي يبدو أنه<br />\r\nيعاني من الخانوق لأن هناك احتمالاً صغيراً بأن تكون الحالة هي<br />\r\nالتهاب لسان المزمار فإذا كانت هذه هي الحالة فإنه يمكن أن يتورم أكثر من ذلك ويسد مجاري التنفس بالكامل</p>'),
(68,	34,	'en',	'croup',	'<p>Croup or croup is a challenging condition often in very young children where the throat becomes infected and swollen and its attacks, which often occur at night, can seem very alarming, but the child almost always recovers from it without causing harm later</p>\r\n\r\n<p><strong>Symptoms</strong><br />\r\n1- Shortness of breath and difficulty breathing<br />\r\n2- A loud annoying sound or a whistling noise during the child&#39;s breathing<br />\r\n3- dry barking cough<br />\r\n4- The skin is pale and sweaty<br />\r\n5- Blue traces on the skin (cyanosis)<br />\r\n6- The child uses the muscles of the neck and upper chest to help breathing</p>\r\n\r\n<p><strong>first aid</strong><br />\r\n&nbsp;*- Be calm, as panic will annoy the child and make the seizure worse<br />\r\n* Make the child sit upright and reassure him<br />\r\n* - Seek medical help<br />\r\n* - If the seizure is severe and does not subside, or the child&#39;s lips are blue or raised<br />\r\nHe had a fever, and he called an ambulance for an ambulance</p>\r\n\r\n<p>Warning: Do not put your fingers under the throat of a child who appears to be<br />\r\nHe suffers from croup because there is a small chance that this is the case<br />\r\nEpiglottitis, if this is the case, can become even more swollen and completely block the airways</p>'),
(69,	35,	'ar',	'التنفس المفرط',	'<p><strong>التنفس المفرط</strong></p>\r\n\r\n<p>إن فرط التهوية يعني التنفس المفرط . عندما نقوم بالشهيق فإن في الهواء مقداراً ضئيلاً من ثائي أوكسيد الكربون وعندما نزفر فإن <span dir=\"LTR\">%4</span>من هواء الزفير هو ثاني أوكسيد الكربون .يتسبب فرط التهوية بانخفاض مستوى ثاني أوكسيد الكربون في الدم الذي يسبب علامات وأعراض هذه الحالة<br />\r\nإن نوبة فرط التهوية يمكن أن تحصل لدى الشخص القلِق أو بسبب نوبة ذعر(خوف شديد) أو خوف مفاجئ وهذه الحالة غالباً ما يتم الخلط بينها وبين الربو<span dir=\"LTR\"> .</span><br />\r\nالمصابون بالربو يمكن أن يحد لديهم فرط في التهوية بعد أن يبدأ مفعول منشقة الربو (فتح المجاري التنفسية )<br />\r\nإن الاختلاف البيّن بين الربو وفرط التهوية هو الكميات الهائلة من الهواء التي يمكن أن يُسمَع لها صوت أثناء دخولها إلى رئتي المصاب بفرط التهوية مقارنة مع صوت<br />\r\nالصفير الحاد لمريض الربو .</p>\r\n\r\n<p><strong>الأعراض</strong></p>\r\n\r\n<p>*- تنفس عميق وسريع غير اعتيادي</p>\r\n\r\n<p>*- &nbsp;تصرفات تجذب الانتباه</p>\r\n\r\n<p>*- الشعور بالدوار والوهن<br />\r\n* - الإحساس بضيق الصدر</p>\r\n\r\n<p>&nbsp;*- تشنجات في اليدين والقدمين</p>\r\n\r\n<p>&nbsp;*- احمرار الجلد من غير ازرقاق<br />\r\n* - الاحساس وكأن في الذراعين واليدين دبابيساً وإبراً</p>\r\n\r\n<p>&nbsp;* - ربما يَحْسَب المريض أنه لايتنفس<br />\r\n* - إذا طالت النوبة فإن المصاب ربما يفقد وعيه ويتوقف عن التنفس 0<span dir=\"LTR\">3</span>ثانية على الأكثر .</p>\r\n\r\n<p><strong>الإسعافات</strong></p>\r\n\r\n<ol>\r\n	<li>حافظ على هدوئك أمام المريض</li>\r\n	<li>أخبره أنه يعانى من التنفس المفرط واشرح له أسباب هذا الأمر</li>\r\n	<li>لا تجعل الناس يلتفون حوله حتى يستطيع التنفس</li>\r\n	<li>اعطى المريض بعض رشفات الماء فقد يؤدى هذا لتهدئة معدل التنفس</li>\r\n	<li>اتصل على الطبيب أو اذهب إلى أقرب مستشفى إن طال الأمر أو كنت فى شك</li>\r\n</ol>\r\n\r\n<p><strong>تحذير</strong></p>\r\n\r\n<p>لا تجعل المريض ينتفس فى كيس فهذا قد يجعل الأمر أسوء .</p>'),
(70,	35,	'en',	'excessive breathing',	'<p><strong>excessive breathing</strong><br />\r\nHyperventilation means excessive breathing. When we inhale, there is a small amount of carbon dioxide in the air, and when we exhale, 4% of the air we exhale is carbon dioxide. Hyperventilation causes a decrease in the level of carbon dioxide in the blood, which causes the signs and symptoms of this condition.<br />\r\nAn attack of hyperventilation can occur in an anxious person or because of a panic attack (extreme fear) or sudden fear, and this condition is often confused with asthma.<br />\r\nAsthmatics may have hyperventilation after the asthma inhaler (opening airways) starts to work.<br />\r\nThe difference between asthma and hyperventilation is the large amounts of air that can be heard as it enters the hyperventilated lungs compared to the sound of<br />\r\nSevere wheezing for an asthmatic patient.<br />\r\n<strong>Symptoms</strong><br />\r\n* Abnormally deep and rapid breathing<br />\r\n* Attention-grabbing behaviour<br />\r\n* Feeling dizzy and weak<br />\r\n* - Feeling of tightness in the chest<br />\r\n&nbsp;* Cramps in hands and feet<br />\r\n&nbsp;* Redness of the skin without blueness<br />\r\n* - Feeling as if there are pins and needles in the arms and hands<br />\r\n&nbsp;* - The patient may think that he is not breathing<br />\r\n* - If the seizure is prolonged, the patient may lose consciousness and stop breathing for 03 seconds at most.<br />\r\n<strong>first aid</strong><br />\r\n1- Remain calm in front of the patient<br />\r\n2- Tell him that he suffers from excessive breathing and explain to him the reasons for this<br />\r\n3- Do not make people gather around him so that he can breathe<br />\r\n4- Give the patient some sips of water, as this may lead to calming the respiratory rate<br />\r\n5- Call the doctor or go to the nearest hospital if it is long or in doubt<br />\r\n<strong>warning</strong><br />\r\nDo not make the patient breathe in a bag, as this may make the matter worse.</p>'),
(71,	36,	'ar',	'الغرق',	'<p><strong>الغرق</strong></p>\r\n\r\n<p>إن الغريق عادةً لا يستنشق كميات كبيرة من الماء إلى رئتيه على عكس الرأي الشائع فـ %90<br />\r\nمن وفيات الغرق يسببها دخول كمية صغيرة نسبياً من الماء إلى الرئتين تتضارب مع تبادل<br />\r\nالأوكســـجين .أما الـ 0<span dir=\"LTR\">%1</span>الأخرى سببها تشـنـج الـعضـلات.<br />\r\nقرب لسان المزمار والحنجرة مما يسد مجرى التنفس ( الغرق الجـــاف ) فالمصاب يبتلع عادةً<br />\r\nكميات ضخمة من الماء التي يمكن أن يتقيّأها عند إنقاذه أو إنعاشه<span dir=\"LTR\">.</span><br />\r\nتذكر أن هناك عواملاً أخرى يمكن أن تكون سبباً في الغرق مثل انخفاض الحرارة أو الكحول<br />\r\nأو حالة طبية خفية مثل الصرع أو النوبة القلبية.</p>\r\n\r\n<p><strong>الإسعافات</strong></p>\r\n\r\n<ol>\r\n	<li>لا تقحم نفسك في الخطر حاول الوصول أو رمي شيء لتمسك الغريق ولا تذهب</li>\r\n	<li>&nbsp;إذا كان بالإمكان أبق المصاب أفقياً خلال الإنقاذ وذلك لإمكانية حدوث صدمة</li>\r\n	<li>&nbsp;تفحص مجاري التنفس والتنفس وقم بالإنعاش القلبي الرئوي عند الضرورة</li>\r\n	<li>اتصل بالإسعاف لطلب سيارة الإسعاف حتى لو بدا لك أن المصاب شفي<br />\r\n	&nbsp;</li>\r\n</ol>\r\n\r\n<p>&nbsp;</p>\r\n\r\n<p><strong>تحذير</strong><strong> </strong><span dir=\"LTR\">:</span><br />\r\nإياك أن تدخل الماء لإنقاذ غريق مالم تكن مُدرّباً على القيام بذلك حاول الوصول إليه بحبل أو عصا أو ارمِ إليه شيئاً عائماً &quot;حاول الوصول أو ارم له شيئاً</p>'),
(72,	36,	'en',	'drowning',	'<p><strong>drowning</strong><br />\r\nA drowning person usually does not inhale large amounts of water into his lungs, contrary to the popular opinion of 90%<br />\r\nof drowning deaths caused by the entry of a relatively small amount of water into the lungs in conflict with the exchange of<br />\r\nOxygen. The other 1% is caused by muscle spasms.<br />\r\nCloseness of the epiglottis and the larynx, which blocks the airway (dry drowning), so the casualty usually swallows<br />\r\nHuge amounts of water that he can vomit when resuscitating or resuscitating him.<br />\r\nRemember that there are other factors that can cause drowning, such as hypothermia or alcohol<br />\r\nor an underlying medical condition such as epilepsy or a heart attack.<br />\r\n<strong>first aid</strong><br />\r\n1- Do not put yourself in danger. Try to reach or throw something to catch the drowning person and do not go<br />\r\n2- If the casualty can be kept horizontally during the rescue, due to the possibility of shock<br />\r\n3- Check the airways and breathing and perform CPR when necessary<br />\r\n4- Call an ambulance to request an ambulance, even if it seems to you that the injured person has recovered</p>\r\n\r\n<p><br />\r\n<strong>warning :</strong><br />\r\nDo not enter the water to rescue a drowning person unless you are trained to do so. Try to reach him with a rope or a stick or throw at him a floating object &ldquo;Try to reach or throw something at him.&rdquo;</p>'),
(73,	37,	'ar',	'انكماش الرئة ( ثقب فى الصدر )',	'<p><strong>انكماش الرئة ( ثقب فى الصدر )</strong></p>\r\n\r\n<p>إن كلاً من الرئتين محاطة بطبقتين غشائيتين تدعيان بغشاء الجنب وبين الغشائين يوجد الجوف الجنبي المحتوي على طبقة رقيقة من &quot;سائل مصلي&quot; يسمح بحركة الغشائين بـعكس بعضهمـا أثـناء قـيـامـنـا بـالـتـنـفس في الإصابات المخترقة للصدر حيث تُخرّب الطبقة الخارجية من غشاء الجنب يتم امتصاص الهواء خارج الصدر إلى الجوف الجنبي مسبباً انكماش الرئة في أي إصابة صدرية حادة . ربما تـُـثـقب الطبقة الداخلية لغشاء الجنب عندها يُسحب الهواء من الرئة إلى الجوف الجانبى مسببا انكماش الرئة .</p>\r\n\r\n<p>إذا استمر دخول الهواء إلى الجوف الجانبى يؤدى هذا إلى زيدة الضغط فى الصدر مما يؤثر على عمل القلب و الرئة الاخرى .</p>\r\n\r\n<p>&nbsp;</p>\r\n\r\n<p><strong>الأعراض </strong></p>\r\n\r\n<ol>\r\n	<li>صعوبة حادة في التنفس</li>\r\n	<li>ألم تنفسي</li>\r\n	<li>تنفس سطحي سريع</li>\r\n	<li>ازرقاق الشفتين والجلد</li>\r\n	<li>تعرق الجلد وشحوبه</li>\r\n	<li>حركات صدرية غير منظمة فالجانب المصاب من الصدر ربما لا يرتفع</li>\r\n</ol>\r\n\r\n<p>&nbsp;</p>\r\n\r\n<p><strong>الإسعافات</strong></p>\r\n\r\n<ul>\r\n	<li>غط الجرح المصاص عاجلاً بيدك أو بيد المصاب إذا لم يكن فاقداً الوعي لمنع دخول الهواء</li>\r\n	<li>اتصل بالإسعاف لطلب سيارة إسعاف أو أرسل شخصاً ليقوم بذلك إن أمكن</li>\r\n	<li>&nbsp;ضع ضمادة معقمة فوق الجرح ثم غَطّها بلاصق أو لفاف بلاستيكي (يستخدم في تغليف الطعام ) أو رقاقات القصدير المستخدمة في المطبخ أو بأي غطاء حابس للهواء</li>\r\n	<li>&nbsp;ضع حابسة الهواء من ثلاثة جوانب فالغطاء ينبغي أن يمنع دخول الهواء ولكن يسمح له بالخروج</li>\r\n	<li>&nbsp;إذا غاب المصاب عن الوعي فافتح مجاري التنفس وافحص التنفس وأنعش عند الضرورة</li>\r\n	<li>ضع المصاب في وضعية إعادة الوعي والقسم المصاب في الأسفل فهذا سيساعد في حماية الرئة</li>\r\n</ul>\r\n\r\n<p>&nbsp;</p>'),
(74,	37,	'en',	'Retraction of the lung (hole in the chest)',	'<p><strong>Retraction of the lung (hole in the chest)</strong><br />\r\nEach of the lungs is surrounded by two layers of membranes called the pleura, and between the two membranes is the pleural cavity, which contains a thin layer of &quot;serous fluid&quot; that allows the movement of the two membranes against each other during respiration In penetrating injuries of the chest where the outer layer is destroyed from the air outside the chest membrane into the pleura Pleural retraction in any acute chest injury. The inner layer of the pleura may be perforated, when air is drawn from the lung into the lateral cavity, causing lung contraction.<br />\r\nIf air continues to enter the lateral cavity, this leads to an increase in pressure in the chest, which affects the work of the heart and the other lung.<br />\r\n&nbsp;<br />\r\n<strong>Symptoms</strong><br />\r\n1- Severe difficulty breathing<br />\r\n2- Respiratory pain<br />\r\n3- Rapid shallow breathing<br />\r\n4- Blue lips and skin<br />\r\n5- Skin sweating and pallor<br />\r\n6- Unorganized chest movements, the affected side of the chest may not rise</p>\r\n\r\n<p><strong>first aid</strong><br />\r\n&bull; Cover the suction cup as soon as possible with your hand or the hand of the casualty if he is not unconscious to prevent air from entering<br />\r\n&bull; Call an ambulance to request an ambulance or send someone to do so if possible<br />\r\nPlace a sterile dressing over the wound and cover it with tape, plastic wrap (used to wrap food), kitchen foil, or any airtight covering<br />\r\n&bull; Put the air arrestor on three sides, the cover should prevent air from entering, but allow it to escape<br />\r\n&bull; If the casualty is unconscious, open the airways, check for breathing, and refresh if necessary<br />\r\n&bull; Put the casualty in the reconscious position with the injured section at the bottom. This will help protect the lung</p>'),
(75,	38,	'ar',	'المغص الكلوى',	'<p><strong>المغص الكلوى</strong></p>\r\n\r\n<p><strong>الأعراض</strong></p>\r\n\r\n<p>يظهر المغص الكلى بشكل مفاجئ ويتتكرر فى صورة نوبات يتلوى فيها المريض من الالم . ويقع الألم جانب الظهر أسفل الضلوع ( مكان الكلية المصابة ) ويمتد إلى ناحية الخصية أو الفرج .</p>\r\n\r\n<p>عادة ما يكون المريض مصاب بحصوات أو بإلتهابات الكلى و من الممكن أن يحدث بسبب الطقس البارد .</p>\r\n\r\n<p>قد يحث مع المغص قئ و بعد المشاكل فى التبول مثل تكرار البول أو إنحباسه أو حرقانه أو تعكره .</p>\r\n\r\n<p><strong>الإسعافات</strong></p>\r\n\r\n<ol>\r\n	<li>سرعة نقل المريض إلى المستشفى</li>\r\n	<li>كمادات دافئة على مكان الألم لحين وصول الطبيب أو الذهاب إلى المستشفى</li>\r\n	<li>أقراص مضادة للتقلص مثل <strong>بوسكوبان أو سبازمو </strong>قرصين عند الألم وتكرر حتى 6 أقراص يوميا للبالغ</li>\r\n	<li>لبوس شرجى من <strong>بوسكوبان أو سبازمو </strong>كل 8 ساعات</li>\r\n	<li>يمكن عمل مثل هذا العلاج فى حالات المغص الحاد عامة</li>\r\n</ol>\r\n\r\n<p>&nbsp;</p>'),
(76,	38,	'en',	'Renal colic',	'<p><strong>Renal colic<br />\r\nSymptoms</strong><br />\r\nKidney colic appears suddenly and is repeated in the form of episodes in which the patient writhes in pain. The pain is located on the side of the back, below the ribs (the place of the affected kidney) and extends to the testicle or vulva.<br />\r\nUsually the patient has stones or kidney infections, and it can happen due to cold weather.<br />\r\nIt may induce vomiting with colic and after problems with urination, such as frequent, blocked, burning or cloudy urine.<br />\r\n<strong>first aid</strong><br />\r\n1- The speed of transporting the patient to the hospital<br />\r\n2- Warm compresses on the place of pain until the doctor arrives or goes to the hospital<br />\r\n3- Anti-spasmodic tablets such as Buscopan or Spasmo, two tablets when pain, to be repeated up to 6 tablets per day for an adult<br />\r\n4- Suppository from Buscopan or Spasmo every 8 hours<br />\r\n5- Such treatment can be done in cases of acute colic in general</p>'),
(77,	39,	'ar',	'عضة الكلب',	'<p><strong>عضة الكلب</strong></p>\r\n\r\n<p>خطورة عضة الكلب تكمن فى أمرين الأول : احتواء أسنان الكلب خاصة الكلاب الضالة على ميكروب مرض <strong>التيتانوس</strong> و الذى يسمى <strong>بالكزاز</strong> كما تحتوى على ميكروب<strong> السعار</strong> وكلاهما من الأمراض الخطيرة .</p>\r\n\r\n<p>الأمر الثانى هو أن أسنان الكلب حادة مدببة فهى تخترق الجلد بسهولة و تحدث إصابات عميقة مما يسهل من دخول الميكروبات لمجرى الدم</p>\r\n\r\n<p><strong>الإسعافات</strong></p>\r\n\r\n<ol>\r\n	<li>الذهاب إلى المستشفى فورا لتلقى المصل</li>\r\n	<li>يغسل الجرح بالماء و الصابون و بماء الأكسجين</li>\r\n</ol>\r\n\r\n<p><strong>المصل</strong></p>\r\n\r\n<p>يأخذ المصاب المصل المضاد <strong>للتيتانوس </strong>و <strong>السعار</strong> ويؤخد مصل السعار على 5 حقنة تحت الجلد<span dir=\"LTR\">&quot;</span><br />\r\n&nbsp;</p>\r\n\r\n<p><strong>يمكن أخذ بعض المسكنات لتخفيف الالم</strong></p>'),
(78,	39,	'en',	'dog bite',	'<p><strong>dog bite</strong><br />\r\nThe danger of a dog bite lies in two things: the first is that the dog&rsquo;s teeth, especially stray dogs, contain the tetanus disease microbe, which is called tetanus. They also contain the <strong>rabies </strong>microbe, both of which are serious diseases.<br />\r\nThe second thing is that the dog&rsquo;s teeth are sharp and pointed. They easily penetrate the skin and cause deep injuries, which facilitates the entry of microbes into the bloodstream.<br />\r\n<strong>first aid</strong><br />\r\n1- Go to the hospital immediately to receive the<strong> vaccine</strong><br />\r\n2- Wash the wound with soap and water and oxygen water<br />\r\nserum<br />\r\nThe patient takes the <strong>anti-tetanus</strong> and <strong>rabies</strong> serum and takes the rabies serum on 5 subcutaneous injections.</p>\r\n\r\n<p>Some <strong>painkillers </strong>can be taken</p>'),
(79,	40,	'ar',	'لسعة قنديل البحر',	'<p><strong>لسعة قنديل البحر</strong></p>\r\n\r\n<p>قنديل البحر هو حيوان بحرى يشبه البالون المنتفخ و له خيوط طويلة و تحدث لسعة القنديل إذا لامس الشخص تلك الخيوط فينتج عن ذلك ألم شديد و احمرار واضح و يلتهب الجلد مكان الإصابة</p>\r\n\r\n<p>و لسعات القنديل ليس لها أى مضاعفات أو خطورة أما ما نسمع عنه من وفاة بعض الأشخاص متأثرا بلسعة القنديل فهذا نادر الحدوث تماما ويكون مثل هؤلاء الإشخاص لديهم حساسية ذد لسعة القنديل .</p>\r\n\r\n<p><strong>الإسعافات </strong></p>\r\n\r\n<ul>\r\n	<li>الخروج من الماء فورا عقب اللسعة</li>\r\n	<li>تدليك المكان بالرمال المبلله لإزالة أى خيوط</li>\r\n	<li>دهن المكان بمرهم مضاد للحساسة أو كورتيزون مثل <strong>هيدروكورتيزون</strong> <strong><span dir=\"LTR\">hydrocortisone</span></strong></li>\r\n	<li>يعتبر محلول النشادر المخفف أفضل علاج للسعة القنديل فإذا استمر الألم حاول الحصو عليه ( هذا يؤكد كلام الصيادين أن أفضل علاج للسعة القنديل هو بول الإنسان )</li>\r\n	<li>إذا حدثت صدمة عقب اللسعة فيجب عمل تنفس صناعى وتدليك خارجى للقلب و استدعاء الإسعاف بسرعة</li>\r\n	<li>يمكن أخذ بعض المسكنات <strong>كالباراسيتامول </strong>لتخيف الالم</li>\r\n</ul>'),
(80,	40,	'en',	'Jellyfish sting',	'<p><strong>Jellyfish sting</strong><br />\r\nA jellyfish is a marine animal that resembles an inflated balloon and has long threads. A jellyfish sting occurs if a person touches those threads, resulting in severe pain and obvious redness, and the skin at the site of injury becomes inflamed.<br />\r\nAnd jellyfish stings do not have any complications or danger. As for what we hear about the death of some people affected by a jellyfish sting, this is completely rare and such people are allergic to the jellyfish sting.<br />\r\n<strong>first aid</strong><br />\r\n&bull; Get out of the water immediately after the bite<br />\r\n&bull; Massage the area with wet sand to remove any threads<br />\r\n&bull; Grease the place with an<strong> anti-allergic ointment</strong> or <strong>cortisone, such as hydrocortisone</strong><br />\r\n&bull; Dilute ammonia solution is the best treatment for a jellyfish sting. If the pain persists, try to obtain it (this confirms the words of hunters that the best treatment for jellyfish stings is human urine)<br />\r\n&bull; If shock occurs after the sting, artificial respiration and external heart massage should be done, and an ambulance should be called quickly</p>\r\n\r\n<p>Some analgesics such as <strong>paracetamol </strong>can be taken to relieve pain</p>'),
(81,	41,	'ar',	'لدغة العقرب',	'<p><strong>لدغة العقرب</strong></p>\r\n\r\n<p>يوجد فى مؤخرة ذيل العقرب شوكة حادة تسمى &quot; <strong>الذبان</strong> &quot; و إذا أصابت جسم الإنسان فإنها تؤدى لألم شديد و قد تحدث حالة تسمم عام فى الجسم تؤدى إلى الوفاة . من أعراض التسمم</p>\r\n\r\n<ol>\r\n	<li>التشنجات</li>\r\n	<li>صعوبة التنفس</li>\r\n	<li>سيلان اللعاب</li>\r\n	<li>ربما يحدث إغماء بعد اللدغة مباشرة</li>\r\n</ol>\r\n\r\n<p><strong>الإسعافات</strong></p>\r\n\r\n<ul>\r\n	<li>تعتمد الإسعافات على تسكين ألم اللدغة وذلك بواسطة كمادات الثلج و الماء البارد</li>\r\n	<li>بعض المسكنات كا <strong>الأسبرين و البروفين</strong></li>\r\n	<li>عادة ما تكون لدغة العقرب ليست خطيرة إلا إذا كان المصاب طفل أو كبير فى السن أو هناك عدة لدغات</li>\r\n	<li>يجب الذهاب فورا إلى أقرب مستشفى لأخذ المصل المضاد و لا يجب أخذه إلا بعد استشارة الطبيب</li>\r\n</ul>'),
(82,	41,	'en',	'Scorpion sting',	'<p><strong>Scorpion sting</strong><br />\r\nAt the back of the scorpion&#39;s tail there is a sharp thorn called &quot;the fly&quot;, and if it hits the human body, it leads to severe pain and a general poisoning may occur in the body that leads to death. Symptoms of poisoning<br />\r\n1- convulsions<br />\r\n2- Difficulty breathing<br />\r\n3- drooling<br />\r\n4- Fainting may occur immediately after the bite<br />\r\n<strong>first aid</strong><br />\r\n&bull; First aid depends on relieving the pain of the sting by applying ice and cold water compresses<br />\r\n&bull; Some analgesics such as <strong>aspirin </strong>and <strong>ibuprofen</strong><br />\r\n&bull; Usually a scorpion sting is not dangerous unless the victim is a child or an elderly person, or there are several stings<br />\r\n&bull; You must go immediately to the nearest hospital to take the anti-serum, and it should not be taken unless after consulting a doctor</p>'),
(83,	42,	'ar',	'فشل البطين الأيسر',	'<p><strong>فشل البطين الأيسر</strong></p>\r\n\r\n<p>&nbsp;</p>\r\n\r\n<p>وهي حالة يكون فيها البطين الأيسر في القلب ضعيفاً وغير قادر على إفراغ محتواه من الدم<span dir=\"LTR\">,</span>وبالمقابل يكون القسم الأيمن من القلب طبيعيا و يستمر بضخ الدم إلى الرئتين. و نتيجة لذلك يحدث ارتفاع ضغط الأوردة و الشرايين الرئوية فـتـتسرب السوائل من الأوعية الدموية الرئوية إلى الأنسجة الرئوية بسبب هذا الضغط&nbsp; مخلفة بذلك صعوبة شديدة في التنفس ، يمكن أن تحصل هذه الحالة بسبب نوبة قلبية أو قصور قلبي مزمن أو ضغط دم<br />\r\nمرتفع.عادة ما يعاني مرضى قصور القلب المزمن من نوبات خلال الليل</p>\r\n\r\n<p>&nbsp;</p>\r\n\r\n<p><strong>الأعراض</strong></p>\r\n\r\n<ul>\r\n	<li>&nbsp;صعوبة شديدة في التنفس</li>\r\n	<li>صوت قرقعة و صفير في التنفس (بسبب السوائل المتراكمة في الرئة)</li>\r\n	<li>جلد شاحب و متعرق</li>\r\n	<li>ازرقاق (لون أزرق رمادي فاتح على الجلد و الشفاه)</li>\r\n	<li>سعال مترافق ببصاق مدمّى</li>\r\n	<li>احتمال حدوث أعراض و علامات النوبة القلبية</li>\r\n	<li>يحتاج المريض إلى الجلوس بحيث يكون جسمه منتصباً حتى يستطيع التنفس</li>\r\n	<li>قلق و ارتباك و دوار</li>\r\n</ul>\r\n\r\n<p><strong>الإسعافات</strong></p>\r\n\r\n<ul>\r\n	<li>&nbsp;يجب على المريض الجلوس بحيث يكون جذعه منتصباً و أرجله متدلية نحو الأسفل</li>\r\n	<li>اتصل بالإسعاف</li>\r\n	<li>دع المريض يتناول <strong>النترو غليسرين</strong> (<strong><span dir=\"LTR\">dinitra</span></strong>) &nbsp;إذا كان معه</li>\r\n	<li>يمكن للحالة أن تتدهور بسرعة لذلك يجب أن تكون على استعداد لبدء الإنعاش</li>\r\n</ul>'),
(84,	42,	'en',	'left ventricular failure',	'<p><strong>left ventricular failure</strong></p>\r\n\r\n<p>It is a condition in which the left ventricle of the heart is weak and unable to empty its content of blood. In contrast, the right section of the heart is normal and continues to pump blood to the lungs. As a result, high pressure occurs in the pulmonary veins and arteries, and fluid from the pulmonary blood vessels leaks into the pulmonary tissues due to this pressure, causing severe difficulty in breathing. This condition can occur due to a heart attack, chronic heart failure, or blood pressure.<br />\r\nHigh. Patients with chronic heart failure usually have attacks during the night</p>\r\n\r\n<p><strong>Symptoms</strong><br />\r\n&bull; Severe difficulty breathing<br />\r\n&bull; crackling and whistling sound in the breath (due to fluid accumulated in the lung)<br />\r\n&bull; Pale and sweaty skin<br />\r\nCyanosis (a light blue-gray color on the skin and lips)<br />\r\n&bull; A cough with bloody sputum<br />\r\n&bull; Possible signs and symptoms of a heart attack<br />\r\n&bull; The patient needs to sit so that his body is erect in order to be able to breathe<br />\r\n&bull; Anxiety, confusion and dizziness<br />\r\n<strong>first aid</strong><br />\r\n&bull; The patient must sit so that his torso is erect and his legs are hanging down<br />\r\n&bull;&nbsp;&nbsp; &nbsp;Call an ambulance<br />\r\n&bull; Let the patient take <strong>nitroglycerin </strong>(<strong>dinitra</strong>) if he has it<br />\r\n&bull; The condition can deteriorate rapidly so you must be prepared to start <strong>CPR</strong></p>'),
(85,	43,	'ar',	'صدمة نقص الدم ( hypovolemic shock )',	'<p><strong>صدمة نقص الدم ( hypovolemic shock )</strong><br />\r\nهذا النوع من الصدمات ينتج عن خسارة الجسم للسوائل مما يؤدي إلى انخفاض حجم الدم و من أهم أسبابه:&nbsp;<br />\r\n&bull;&nbsp;&nbsp; &nbsp;النزف الخارجي<br />\r\n&bull;&nbsp;&nbsp; &nbsp; النزف الداخلي<br />\r\n&bull;&nbsp;&nbsp; &nbsp; الحروق&nbsp;<br />\r\n&bull;&nbsp;&nbsp; &nbsp;الإسهال&nbsp;<br />\r\n&bull;&nbsp;&nbsp; &nbsp;و الترجيع (خسارة سوائل الجسم)&nbsp;<br />\r\n&bull;&nbsp;&nbsp; &nbsp;التعرق الشديد<br />\r\n<strong>الأعراض</strong><br />\r\n&bull;&nbsp;&nbsp; &nbsp;ارتفاع معدل النبض&nbsp;<br />\r\n&bull;&nbsp;&nbsp; &nbsp;شحوب الجلد ورطوبته (بسبب التعرق)&nbsp;<br />\r\n<strong>- عندما تسوء الحالة:</strong><br />\r\n&bull;&nbsp;&nbsp; &nbsp;تنفس سريع و ضحل&nbsp;<br />\r\n&bull;&nbsp;&nbsp; &nbsp;نبض سريع و ضعيف<br />\r\n&bull;&nbsp;&nbsp; &nbsp; ازرقاق (لون أزرق رمادي خفيف على الجلد و الشفاه)<br />\r\n&bull;&nbsp;&nbsp; &nbsp;غثيان و إقياء&nbsp;<br />\r\n&bull;&nbsp;&nbsp; &nbsp;ضعف و دوار&nbsp;<br />\r\n&bull;&nbsp;&nbsp; &nbsp;تعرق<br />\r\n<strong>- عندما يعاني الدماغ نقص الأكسجين:</strong></p>\r\n\r\n<p>&bull;&nbsp;&nbsp; &nbsp;تنفس عميق (الشراهة للهواء)&nbsp;<br />\r\n&bull;&nbsp;&nbsp; &nbsp;فقدان الوعي&nbsp;<br />\r\n&bull;&nbsp;&nbsp; &nbsp;ارتباك ,قلق ,عدوانية<br />\r\n<strong>الإسعافات</strong><br />\r\n&bull;&nbsp;&nbsp; &nbsp;عالج سبب الصدمة (كالنزيف الخارجي مثلا)<br />\r\n&bull;&nbsp;&nbsp; &nbsp;اجعل المريض يستلقي و ارفع أرجله إلى الأعلى و بذلك يعود الدم إلى الأعضاء الهامة (احذر من وجود الكسور)<br />\r\n&bull;&nbsp;&nbsp; &nbsp;اتصل بالإسعاف&nbsp;<br />\r\n&bull;&nbsp;&nbsp; &nbsp;أبق المريض دافئاً , ضع بطانية أو وشاحاً تحته إذا كان مستلقيا على سطح بارد ,<br />\r\n&bull;&nbsp;&nbsp; &nbsp; احذر من رفع درجة حرارته كثيرا لأن ذلك سيؤدي إلى توسع الأوعية<br />\r\nالدموية و بالتالي انخفاض الضغط الدموي بشكل أكبر<br />\r\n&bull;&nbsp;&nbsp; &nbsp;لا تسمح للمريض أن يأكل أو يشرب أو يدخن<br />\r\n&bull;&nbsp;&nbsp; &nbsp;أرخ أي ثوب ضيق يحيط بعنق أو صدر أو وسط المريض<br />\r\n&bull;&nbsp;&nbsp; &nbsp;راقب تنفس و نبض و درجة وعي المريض<br />\r\n&bull;&nbsp;&nbsp; &nbsp;كن مستعدا للإنعاش<br />\r\n&nbsp;</p>'),
(86,	43,	'en',	'hypovolemic shock',	'<p><strong>hypovolemic shock</strong><br />\r\nThis type of shock results from the loss of fluid from the body, which leads to a decrease in blood volume, and one of the most important causes:<br />\r\n&bull; External bleeding<br />\r\n&bull; internal bleeding<br />\r\n&bull; burns<br />\r\n&bull; Diarrhea<br />\r\n&bull; and regurgitation (loss of body fluids)<br />\r\nHeavy sweating<br />\r\n<strong>Symptoms</strong><br />\r\n&bull; high pulse rate<br />\r\n&bull; Pale and clammy skin (due to sweating)<br />\r\n<strong>When the condition worsens:</strong><br />\r\n&bull; Rapid and shallow breathing<br />\r\n&bull; Fast and weak pulse<br />\r\nCyanosis (a light blue-gray color on the skin and lips)<br />\r\n&bull; Nausea and vomiting<br />\r\n&bull; Weakness and dizziness<br />\r\n&bull; sweats<br />\r\n<strong>When the brain suffers from a lack of oxygen:</strong></p>\r\n\r\n<p>&bull; deep breathing (gluttony for air)<br />\r\n&bull;&nbsp;&nbsp; &nbsp;Unconsciousness<br />\r\nConfusion, anxiety, aggressiveness<br />\r\n<strong>first aid</strong><br />\r\n&bull; Treat the cause of the shock (eg external bleeding)<br />\r\n&bull; Make the patient lie down and raise his legs up, so that the blood returns to the important organs (beware of fractures).<br />\r\n&bull;&nbsp;&nbsp; &nbsp;Call an ambulance<br />\r\n&bull; keep the patient warm, put a blanket or scarf under him if he is lying on a cold surface,<br />\r\n&bull; Be careful not to raise the temperature too much, as this will lead to vasodilation<br />\r\nblood pressure, thus lowering blood pressure further<br />\r\n&bull; Do not allow the patient to eat, drink or smoke<br />\r\n&bull; Loosen any tight clothing around the patient&#39;s neck, chest or waist<br />\r\n&bull; Monitor the patient&#39;s breathing, pulse, and level of consciousness<br />\r\n&bull; Be prepared for resuscitation</p>'),
(87,	44,	'ar',	'cardiogenic shock (الصدمة القلبية )',	'<p><strong>cardiogenic shock (الصدمة القلبية )</strong><br />\r\nيحدث في هذه الحالة انخفاض في ضغط الدم لأن القلب لا يضخه بفاعلية. وهذا النوع هو الأكثر شيوعا.و أهم أسبابها<br />\r\n&bull;&nbsp;&nbsp; &nbsp;النوبة القلبية<br />\r\n&bull;&nbsp;&nbsp; &nbsp; فشل القلب<br />\r\n&bull;&nbsp;&nbsp; &nbsp; أمراض الصمامات القلبية<br />\r\n&bull;&nbsp;&nbsp; &nbsp; توقف القلب&nbsp;<br />\r\n<strong>الإسعافات</strong><br />\r\n&bull;&nbsp;&nbsp; &nbsp; أرح المريض و اطلب منه الجلوس و امنعه من المشي حيث أن وضعية نصف الجلوس هي الوضعية المثالية للراحة<br />\r\n&bull;&nbsp;&nbsp; &nbsp;طمئن المريض و أزل أي سبب للقلق و التوتر<br />\r\n&bull;&nbsp;&nbsp; &nbsp;دع المريض يمضغ حبة أسبرين ببطء إذا كنت تتوقع خطر إصابته بنوبة قلبية و ذلك إذا لم يكن عند المريض حساسية من الأسبرين&nbsp;<br />\r\nملاحظة: يقلل الأسبرين قابلية الدم للتخثر و مضغ حبة أسبرين يسمح بامتصاصها سريعا إلى الدم عبر جلد الفم بحيث تأخذ مفعولها سريعاً ,الجرعة المثالية هي 300ملغ ولكن أي جرعة يمكن أن تفي بالغرض<br />\r\n&bull;&nbsp;&nbsp; &nbsp;اعط المريض بعض السوائل إذا كان واعيا<br />\r\n&bull;&nbsp;&nbsp; &nbsp;راقب المريض فإذا فقد الوعي فهذا يعني توقف القلب عن العمل عندئذ يجب إجراء الإنعاش القلبي الرئوي<br />\r\n&bull;&nbsp;&nbsp; &nbsp;اتصل بالإسعاف&nbsp;<br />\r\n&nbsp;</p>'),
(88,	44,	'en',	'cardiogenic shock',	'<p><strong>cardiogenic shock</strong><br />\r\nIn this case, a drop in blood pressure occurs because the heart is not pumping it effectively. This type is the most common and the most important cause<br />\r\n&bull; heart attack<br />\r\n&bull; heart failure<br />\r\n&bull; Valvular heart disease<br />\r\nCardiac arrest<br />\r\n<strong>first aid</strong><br />\r\n&bull; Comfort the patient and ask him to sit and prevent him from walking, as the half-sitting position is the ideal position for comfort<br />\r\n&bull; Reassure the patient and remove any cause for anxiety and tension<br />\r\n&bull; Let the patient chew an aspirin slowly if you anticipate the risk of a heart attack and if the patient is not allergic to aspirin<br />\r\nNote: Aspirin reduces the ability of blood to clot, and chewing an aspirin pill allows it to be quickly absorbed into the blood through the skin of the mouth so that it takes effect quickly. The ideal dose is 300 mg, but any dose can suffice.<br />\r\n&bull; Give the patient some fluids if he is conscious<br />\r\n&bull; Watch the patient. If he loses consciousness, this means that the heart has stopped working, then CPR must be performed<br />\r\n&bull;&nbsp;&nbsp; &nbsp;Call an ambulance</p>'),
(89,	45,	'ar',	'الصدمة الناتجة عن فرط الحساسية',	'<p><strong>الصدمة الناتجة عن فرط الحساسية </strong></p>\r\n\r\n<p>هو رد فعل مناعي مفرط <span dir=\"LTR\">, </span>يمكن أن يؤدي التفاعل التحسسي إلى الصدمة و ذلك بسبب الكميات الكبيرة من الهيستامين المتحرر في الجسم و الذي<span dir=\"LTR\"> :</span></p>\r\n\r\n<ul>\r\n	<li>يوسع الأوعية الدموية (مسببا انخفاضا في ضغط الدم)</li>\r\n	<li>يزيد نفاذية الشعيرات الدموية (مسببة انخفاض حجم الدم<span dir=\"LTR\">(</span></li>\r\n	<li>يضعف قوة ضربات القلب (مسببا انخفاض ضغط الدم<span dir=\"LTR\"> (</span></li>\r\n</ul>\r\n\r\n<p><strong>الإسعافات</strong></p>\r\n\r\n<ul>\r\n	<li>اتصل لطلب سيارة إسعاف</li>\r\n	<li>مدد المصاب في وضعية مريحة</li>\r\n	<li>إذا شعر المصاب بالدوار أو الدوخة لا تجعله يقف مهما كان ومدده بسرعة وارفع رجلي &nbsp;إذا استمر بالشعور بالدوار</li>\r\n	<li>إذا كان المصاب يعاني من مشاكل في المجاري التنفسية أو في التنفس فربما يفضل الجلوس منتصباً(معتدلا) لأن ذلك سيجعل التنفس أسهل ويجب اتخاذ تدابير العناية القصوى وإن شعر المصاب بالدوار أو الدوخة فمدده بسرعة<span dir=\"LTR\"> .</span></li>\r\n	<li>يمكن أن يحمل المريض معه محقنة ذاتية <strong>للأدرينالين</strong> والتي يمكن أن تنقذ حياته إذا أعطيت فوراً وينبغي أن يكون المريض قادراً على حقنها بنفسه ولكن عند الضرورة ساعده في استعمالها<span dir=\"LTR\"> .</span></li>\r\n	<li>إذا أصبح المصاب غائباً عن الوعي فتفحص مجاري التنفس وقم بالإنعاش في حال الضرورة</li>\r\n	<li>يمكن تكرار جرعة <strong>الأدرينالين</strong> (<strong>الإبنفرين</strong>) خلال فترات من خمس دقائق إن لم يحد تحسّن أو عادت الأعراض من جديد</li>\r\n</ul>'),
(90,	45,	'en',	'Hypersensitivity shock',	'<p><strong>Hypersensitivity shock</strong><br />\r\nIt is an excessive immune reaction. An allergic reaction can lead to shock due to the large amounts of histamine released in the body, which:<br />\r\n&bull; dilates blood vessels (causing a drop in blood pressure)<br />\r\n&bull; Increases capillary permeability (causing reduced blood volume)<br />\r\n&bull; weakens the force of the heartbeat (causing hypotension)<br />\r\n<strong>first aid</strong><br />\r\n&bull; Call for an ambulance<br />\r\n&bull; Lay the patient in a comfortable position<br />\r\n&bull; If the person feels dizzy or dizzy, do not make him stand no matter what, stretch him quickly and raise my legs if he continues to feel dizzy<br />\r\n&bull; If the victim suffers from problems in the airways or breathing, he may prefer to sit upright (moderately) because this will make breathing easier and extreme care measures must be taken. If the victim feels dizzy or dizzy, extend it quickly.<br />\r\n&bull; The patient can carry an adrenaline syringe with him, which can save his life if given immediately. The patient should be able to inject it himself, but when necessary, help him in using it.<br />\r\n&bull; If the casualty becomes unconscious, check the airways and perform resuscitation if necessary<br />\r\n&bull; The dose of <strong>adrenaline </strong>(<strong>epinephrine</strong>) can be repeated within five-minute intervals if no improvement or symptoms return.</p>'),
(91,	46,	'ar',	'أنواع الجروح',	'<p><strong>أنواع الجروح</strong></p>\r\n\r\n<p><strong>الرّض</strong><span dir=\"LTR\">: </span>كــدمــة تحــدث بـسـبـب تمـزق الشــعيرات الـدمويــة وحدوث نـزف تحـــت الجــلد<span dir=\"LTR\">.</span><br />\r\nيمكن أن يؤدي الضرب بقوة بأداة غير حادة إلى حدوث الرّض أو بسبب النزف الناتج<br />\r\nعن إصابات داخلية كالكسور<span dir=\"LTR\">.</span><br />\r\nقم بتبريد المنطقة المصابة بكمادات ثلجية أو بالماء الجاري بأسرع ما يمكن</p>\r\n\r\n<p><strong>السحج</strong><span dir=\"LTR\">: </span>خدش الطبقة السطحية من الجلد و تحد عادة بسبب الاحتكاك أو السقوط<span dir=\"LTR\">.</span><br />\r\nوعادة ما تحوي على جزيئات تراب قد تسبب الإنتان لذا يجب إزالة التراب غير<br />\r\nالملتصق بالجرح بغسله بالماء النظيف و مسحه بالشاش المعقم<span dir=\"LTR\"> .</span><br />\r\nنبدأ بغسل الجرح من مركزه باتجاه المحيط وذلك حرصا على عدم إدخال المزيد<br />\r\nمن الأوساخ إلى الجرح في حال الغسل بالاتجاه المعاكس</p>\r\n\r\n<p><strong>التهتك</strong><span dir=\"LTR\">: </span>تمزق الجلد وعادة ما يكون متسخا بالتراب ونادرا ما يكون جرحا نظيفاً<br />\r\nوهو ينزف بشكل قليل ، عالج النزيف و امنع حدوث الإنـتان<span dir=\"LTR\"> .</span></p>\r\n\r\n<p><strong>الجروح القطعية</strong> <span dir=\"LTR\">: </span>و هي جروح نظيفة عادة ما تسببها أدوات حادة كالسكين<span dir=\"LTR\">.</span><br />\r\nالجروح العميقة يمكن أن تترافق مع مضاعفات أخرى مثل قطع في الأوتار<br />\r\nأو الأوعية الدموية و يمكن لفتحة هذا الجرح أن تكون واسـعـة و تـنـزف<br />\r\nبشـكـل غـزيـر . عـالــج الـنـزف و امنـع حدوث الإنـتان</p>\r\n\r\n<p>الجروح الثاقبة<span dir=\"LTR\">:</span> مثل الوقوف على مسمار أو التعرض لطعنة. يمكن للجرح أن يكون عميقا<br />\r\nومع ذلك يظهر بقطر صغير. يمكن أن يــُحدث ضرراً للأعضاء الداخلية كالقلب و الرئة و يمكن أن يحدث نزفاً داخلياً شديداً. اتصل بالإسعاف .إذا شككت بوجود ضرر في الأعضاء الداخلية أو نزف داخلي و لا تقم بإزالة أي شيء عالق في الجرح إذ يمكن أن يكون هذا الشيء مانعا للنزف و بالتالي تؤدي إزالته إلى المزيد من الضرر</p>\r\n\r\n<p><strong>الطلق الناري</strong><strong><span dir=\"LTR\">:</span></strong> يحدث بسبب رصاصة أو أي نوع آخر من المقذوفات<span dir=\"LTR\">, </span>و التي تسير بسرعة<br />\r\nكبيرة تمكنها من الدخول في الجسم ثم الخروج منه. إن الجــرح الصغير الذي تدخل منه الرصاصة يمكن أن يترافق مع جرح كبير يسببه خروج الرصاصة<span dir=\"LTR\">.</span> ينتج عن ذلك نزف شديد و أذى للأعضاء الداخلية<span dir=\"LTR\"> .</span><br />\r\nاتصل بالإسعاف و الشرطة وقم بتضميد الجرح و حاول أن تمنع النزيف</p>\r\n\r\n<p><strong>البتر</strong> <span dir=\"LTR\">: </span>القطع الكامل أو الجزئي لأحد أطراف الجسم راجع معالجة البتر</p>\r\n\r\n<p><strong><span dir=\"RTL\">السلخ</span>:</strong> <span dir=\"RTL\">إزالة الجلد من سطح الجسم مما يسبب ترك نسيج عار. و يحد بسبب أداة حادة تنزلق على طول الجلد بشكل أفقي</span> .<br />\r\n<span dir=\"RTL\">أعد الجلد إلى مكانه إن كان هذا ممكنا و حاول نقل المريض إلى المشفى بسرعة</span></p>'),
(92,	46,	'en',	'Wound types',	'<p><strong>Wound types<br />\r\nTrauma</strong>: a bruise that occurs due to the rupture of capillaries and the occurrence of subcutaneous hemorrhage.<br />\r\nHitting hard with a blunt object can cause bruising or bleeding<br />\r\nFor internal injuries such as fractures.<br />\r\nCool the affected area with ice packs or running water as soon as possible<br />\r\n<strong>Abrasion</strong>: scratching of the surface layer of the skin, usually reduced by friction or a fall.<br />\r\nThey usually contain dirt particles that may cause infection, so untreated dirt must be removed<br />\r\nThe wound attached to the wound should be washed with clean water and wiped with sterile gauze.<br />\r\nWe start washing the wound from its center towards the periphery, to ensure that no more is entered<br />\r\nFrom dirt to the wound in the event of washing in the opposite direction<br />\r\n<strong>Laceration</strong>: a tear in the skin, usually soiled with dirt, and rarely a clean wound<br />\r\nIt bleeds a little, treat the bleeding and prevent infection.<br />\r\n<strong>Cut</strong> <strong>wounds</strong>: These are clean wounds, usually caused by sharp objects such as a knife.<br />\r\nDeep wounds can be associated with other complications such as tendon ruptures<br />\r\nOr blood vessels, and the opening of this wound can be wide and bleed<br />\r\nprofusely. Treat bleeding and prevent infection<br />\r\n<strong>Puncture wounds:</strong> such as standing on a nail or being stabbed. The wound can be deep<br />\r\nHowever it appears in small diameter. It can cause damage to the internal organs such as the heart and lung, and severe internal bleeding can occur. Call the ambulance. If you suspect damage to the internal organs or internal bleeding, and do not remove anything stuck in the wound, as this thing can prevent bleeding and therefore removing it will lead to more damage<br />\r\n<strong>Shotgun:</strong> caused by a bullet or any other type of projectile, which travels quickly<br />\r\nLarge enough to enter the body and then leave it. The small wound through which the bullet enters can be associated with a large wound caused by the exit of the bullet. This results in severe bleeding and damage to the internal organs.<br />\r\nCall 911 and the police, bandage the wound and try to prevent bleeding<br />\r\n<strong>Amputation:</strong> complete or partial cutting of a limb of the body, see amputation treatment<br />\r\n<strong>Skinning:</strong> the removal of skin from the surface of the body, leaving a bare tissue. It is limited by a sharp tool that slides horizontally along the skin.<br />\r\nReturn the skin to its place if possible and try to get the patient to the hospital quickly</p>'),
(93,	47,	'ar',	'النزيف',	'<p><strong>النزيف </strong></p>\r\n\r\n<p>ماهي كمية الدم في أجسامنا؟<br />\r\nتختلف كمية الدم في الجسم بحسب حجمه و لكن يمكننا أن نتبع قاعدة عامة لتقدير حجم الدم و تقول أن الجسم يحوي الدم بنسبة نصف لتر إلى كل <span dir=\"LTR\">1</span>كيلوغرامات<br />\r\nمنه تقريبا و بالتالي يملك الشخص البالغ وسطيا بين <span dir=\"LTR\">4.5</span>و <span dir=\"LTR\">6.5</span>لتر من الدم و ذلك بحسب وزنه ولكن هذه القاعدة غير دقيقة عند البدينين . تذكر أن كمية الدم عند الأطفال أقل منها عند البالغين و بالتالي فهم لا يستطيعون تحمل خسارة نفس الكمية من الدماء <span dir=\"LTR\">, </span>مثلا: يملك الرضيع حوالي نصف لتر من الدم ولا يستطيع احتمال خسارة أكثر من ثلث هذه الكمية قبل أن يبدأ انخفاض ضغط الدم عنده</p>\r\n\r\n<p><strong>أنواع النزيف</strong></p>\r\n\r\n<p><strong>النزف الشرياني</strong><strong><span dir=\"LTR\">:</span></strong> يخضع الدم الشرياني لضغط مباشر ناتج عن ضربات القلب و يتدفق بالتزامن مع ضربات القلب. يمكن لجرح في شريان رئيسي أن يؤدي إلى قذف الدم عدة أمتار و بالتالي ينخفض حجم الدم داخل الجسم بسرعة. الدم الشرياني غني بالأكسجين و لونه أحمر قانٍ ولكن هذه الميزة صعبة التمييز لذلك تعتبر طريقة النزف أهم عامل في تمييز هذا النوع من النزيف .</p>\r\n\r\n<p><strong>النزف الوريدي</strong><strong><span dir=\"LTR\">:</span></strong> الأوردة لا تخضع لضغط مباشر من القلب ولكنها تحمل نفس الحجم من الدم الذي تحمله الشرايين و بالتالي يسيل الدم من الأوردة الرئيسية بغزارة</p>\r\n\r\n<p><strong>النزف الشعيري</strong><strong><span dir=\"LTR\">:</span></strong> يحصل النزف من الشعيرات في كل الجروح حيث أن خسارة الدم قليلة و يمكن السيطرة عليها بسهولة على الرغم من أنها تظهر سريعة في بداية<br />\r\nالنزف. يوصف النزف الشعيري بأنه تقطر بطيء للدماء</p>'),
(94,	47,	'en',	'bleeding',	'<p><strong>bleeding</strong><br />\r\nWhat is the amount of blood in our bodies?<br />\r\nThe amount of blood in the body varies according to its size, but we can follow a general rule for estimating the volume of blood, and it says that the body contains blood in the ratio of half a liter to every 1 kilogram<br />\r\nApproximately, and therefore an adult has an average of between 4.5 and 6.5 liters of blood, depending on his weight, but this rule is not accurate for obese people. Remember that the amount of blood in children is less than in adults, and therefore they cannot bear to lose the same amount of blood, for example: an infant has about half a liter of blood and cannot afford to lose more than a third of this amount before his low blood pressure begins<br />\r\n<strong>types of bleeding<br />\r\nArterial hemorrhage</strong>: Arterial blood is subjected to direct pressure caused by the heartbeat and flows synchronously with the heartbeat. A wound in a major artery can lead to the ejection of blood several meters, and thus the volume of blood inside the body decreases rapidly. Arterial blood is rich in oxygen and has a bright red color, but this feature is difficult to distinguish, so the method of bleeding is considered the most important factor in distinguishing this type of bleeding.<br />\r\n<strong>Venous bleeding:</strong> The veins are not subject to direct pressure from the heart, but they carry the same volume of blood as the arteries, and therefore blood flows from the main veins abundantly.<br />\r\n<strong>Capillary hemorrhage</strong>: Bleeding from capillaries occurs in all wounds, as the blood loss is small and can be easily controlled, although it appears quickly in the beginning.<br />\r\nhemorrhage; Capillary bleeding is described as a slow drip of blood</p>'),
(95,	48,	'ar',	'علاج النزيف الخارجى',	'<p><strong>علاج النزيف الخارجى</strong></p>\r\n\r\n<p>يهدف إلى وقف النزيف لمنع حدو صدمة عند المريض كما يهدف إلى منع حدوث الإنتان<br />\r\nخطوات العلاج مجموعة في حروف كلمة <strong><span dir=\"LTR\">SEEP</span></strong><br />\r\n<span dir=\"LTR\">- </span>اجلس أو استلق <span dir=\"LTR\">:</span><strong><span dir=\"LTR\">S</span></strong><span dir=\"LTR\">it</span>أجلِس المريض في وضعية تتناسب مع موقع الجرح و درجة النزف<br />\r\n<span dir=\"LTR\">- </span>تفحص <span dir=\"LTR\">:</span><strong><span dir=\"LTR\">E</span></strong><span dir=\"LTR\">xamine</span>ابحث عن أجسام غريبة داخل الجرح و راقب طريقة النزف و تذكرها لتصفها<br />\r\nللطاقم الطبي بعد تغطية الجرح بضماد<br />\r\n<span dir=\"LTR\">- </span>ارفع <span dir=\"LTR\">:</span><strong><span dir=\"LTR\">E</span></strong><span dir=\"LTR\">levate</span>ارفع الجرح و تأكد بأنه فوق مستوى القلب حيث تساعد الجاذبية على تخفيف<br />\r\nجريان الدم إلى الجرح<br />\r\n<span dir=\"LTR\">- </span>اضغط <span dir=\"LTR\">:</span><strong><span dir=\"LTR\">P</span></strong><span dir=\"LTR\">ressure</span>بشكل مباشر أو غير مباشر لإيقاف النزف</p>\r\n\r\n<p><strong>الضغط المباشر</strong></p>\r\n\r\n<p>أفضل طريقة لإيقاف النزف هي الضغط على الجرح مباشرة. يمكنك أن تضغط بيديك ولكن يفضل<br />\r\nأن تأخذ احتياطاتك لمنع اتساخ يدك بدماء المريض و ذلك بأن تلبس قفازات مخصصة للاستعمال<br />\r\nمرة واحدة . يجب أن يستمر الضغط 10دقائق.تعتبر ضمادة مشدودة (بشكل معتدل بحيث لا<br />\r\nتوقف جريان الدم إلى كامل الطرف) كافية لإيقاف النزف من الجروح الصغيرة. إذا كان هناك شيء عالق في الجرح اضغط على جانبيه</p>\r\n\r\n<p><strong>الضغط غير المباشر</strong></p>\r\n\r\n<p>يستخدم كبديل إذا لم يكن الضغط المباشر على الجرح ممكنا أو مفيدا. حيث يتم الضغط على الشريان الذي يغذي الطرف النازف و ذلك بضغطه على العظم بحيث يقل تدفق الدم عبره. اضغط بالطريقة غير المباشرة لمدة عشردقائق كحد أقصى<br />\r\nأهم نقطتين للضغط غير المباشر هما<span dir=\"LTR\"> :</span></p>\r\n\r\n<ul>\r\n	<li><strong>الشريان العضدي</strong>: و الذي يسير في الذراع و ذلك بأن تطلب من المريض أن يحكم بقبضة يده الأخرى الضغط على الذراع تحت الإبط</li>\r\n	<li><strong>الشريان الفخذي</strong>: و الذي يتوضع عند تقاطع عظم الفخذ مع الخط الإربي <span dir=\"LTR\">, </span>يمكنك أن تستعمل مؤخرة قدمك (العقب) للضغط على الشريان و لكن كن على استعداد لتبرير هذا الفعل</li>\r\n</ul>\r\n\r\n<p><strong>الضماد</strong><strong><span dir=\"LTR\">:</span></strong><br />\r\nيجب أن يكون معقما و بحجم كافٍ لتغطية الجرح <span dir=\"LTR\">, </span>يفضل أن يكون ماصاً و مصنوعا من مادة مقاومة للالتصاق بالدم المتخثر (ضماد مضاد للالتصاق)<br />\r\nيمكن لضماد مربوط بإحكام أن يوقف معظم النزوف من الجروح الصغيرة و لكن يجب أن لا يعيق الضماد مرورالدم إلى باقي الطرف.<br />\r\nيجب أن يتم الضغط باليد و رفع الجرح نحو الأعلى في حال كان النزف شديدا.ً إذا أصبح الضماد مشبعاً بالدماء ضع ضماداً آخر أكبر فوقه فإذا لم يــُجدِ ذلك نفعا قم بإزالة الضمادات و ابدأ من جديد مع مراعاة الضغط بشكل كافٍ في المكان المناسب و رفع الجرح نحو الأعلى</p>\r\n\r\n<p><strong>K يمكن أخذ فايتامين&nbsp;</strong></p>'),
(96,	48,	'en',	'External bleeding treatment',	'<p><strong>External bleeding treatment</strong><br />\r\nIt aims to stop bleeding to prevent shock to the patient and also aims to prevent infection<br />\r\nThe treatment steps are set in the letters of the word <strong>SEEP</strong><br />\r\n<strong>Sit </strong>or lie down: Sit the patient in a position appropriate to the location of the wound and the degree of bleeding<br />\r\n<strong>Examine</strong>: Look for foreign bodies inside the wound, watch the bleeding, and remember to describe it<br />\r\nFor medical staff after covering the wound with a bandage<br />\r\n- <strong>Elevate</strong>: Elevate the wound and make sure that it is above the level of the heart, where gravity helps to loosen it<br />\r\nblood flow to the wound<br />\r\n- <strong>Press: Pressure</strong>: directly or indirectly to stop the bleeding<br />\r\n<strong>direct pressure</strong><br />\r\nThe best way to stop the bleeding is to apply pressure directly to the wound. You can press with your hands but it is preferable<br />\r\nTo take precautions to prevent your hands from getting dirty with the patient&#39;s blood by wearing gloves designated for use<br />\r\nOnce . . Compression should last 10 minutes. It is considered a tight bandage (moderately so that it does not<br />\r\nstop blood flow to the entire limb) sufficient to stop bleeding from small wounds. If there is something stuck in the wound, press on either side<br />\r\n<strong>indirect pressure</strong><br />\r\nIt is used as an alternative if direct pressure on the wound is not possible or beneficial. Where the pressure on the artery that feeds the bleeding limb by pressing on the bone so that the flow of blood through it is reduced. Press indirectly for a maximum of ten minutes<br />\r\nThe two most important points of indirect pressure are:<br />\r\n<strong>The brachial artery</strong>: which runs in the arm by asking the patient to make a fist with his other hand, pressing the arm under the armpit.<br />\r\n<strong>Femoral artery</strong>: which is located at the intersection of the thigh bone with the inguinal line. You can use the back of your foot (the heel) to put pressure on the artery, but be prepared to justify this action.<br />\r\n<strong>dressing</strong>:<br />\r\nIt should be sterile and of sufficient size to cover the wound, preferably absorbent and made of a material that is resistant to adhesion to coagulated blood (an anti-adherent dressing).<br />\r\nA tightly attached dressing can stop most bleeding from small cuts, but the dressing should not impede the passage of blood to the rest of the limb.<br />\r\nPressure must be applied by hand and lift the wound upward in case the bleeding is severe. If the bandage becomes saturated with blood, put another, larger bandage on it. upward</p>\r\n\r\n<p><strong>K Vitamin can be taken</strong></p>'),
(97,	49,	'ar',	'الأشياء العالقة فى الجروح',	'<p><strong>الأشياء العالقة فى الجروح</strong></p>\r\n\r\n<p>يجب عدم إزالة الأشياء العالقة في الجرح(عدا الشظايا الصغيرة) لأنه من المحتمل أنها تمنع<br />\r\nالنزيف و تؤدي إزالتها إلى المزيد من الضرر<span dir=\"LTR\">.</span><br />\r\nاستعمل الضمادات و العصابات المعقمة حول المادة العالقة بحيث يؤدي ذلك إلى الضغط<br />\r\nحول الجرح كما يدعم المادة العالقة ثم أرسل المريض إلى المشفى ليتم إزالتها</p>\r\n\r\n<p><strong>الشظايا :</strong></p>\r\n\r\n<p>إذا كانت الشظية مغروسة بعمق في الجرح أو كانت إزالتها صعبة أو كانت مغروسة في مفصل اتركها في مكانها واتبع نفس التعليمات للمواد العالقة في الجرح .<br />\r\nأما الشظايا الأخرى يمكن <strong>إزالتها كما يلي</strong><span dir=\"LTR\">:</span></p>\r\n\r\n<ul>\r\n	<li>نظف مكان الجرح بحذر باستخدام مياه دافئة صابونـيّة(تحوي على الصابون)</li>\r\n	<li>أمسك الشظية باستعمال ملقط نظيف و بأقرب مسافة ممكنة من الجلد ثم اسحب الشظية برفق و بنفس الزاوية التي دخلت منها<span dir=\"LTR\">.</span></li>\r\n	<li>اضغط برفق على حواف الجرح لجعله ينزف كمية صغيرة من الدماء ثم اغسل الجرح مرة أخرى ثم جففه و غطه بضمادة<span dir=\"LTR\">.</span></li>\r\n	<li>اطلب النصيحة الطبية للتأكد من أن مناعة المريض ضد الكزاز ما تزال فعّالة</li>\r\n	<li>يمكن تطهير الجرح <strong>بالبيتادين </strong>بعد إزالة الأشياء العالقة واستخدام&nbsp;<span dir=\"LTR\"><strong>Diclofenac Na </strong></span><strong>&nbsp;</strong>المضاد للإلتهاب</li>\r\n</ul>\r\n\r\n<p><br />\r\n<strong>المواد العالقة في الأنف أو الأذن أو فتحات أخرى في الجسم</strong><strong><span dir=\"LTR\">:</span></strong><br />\r\nلا تحاول أن تزيل أي شيء عالق في الأنف أو الأذن أو أي فتحة أخرى في الجسم <span dir=\"LTR\">, </span>خذ المريض إلى المشفى حيث يقوم الخبراء بإزالة المواد العالقة بأمان</p>\r\n\r\n<p>&nbsp;</p>'),
(98,	49,	'en',	'Things stuck in wounds',	'<p><strong>Things stuck in wounds</strong><br />\r\nObjects stuck in the wound (other than small splinters) should not be removed because they may prevent<br />\r\nBleeding and removing it causes more damage.<br />\r\nUse sterile bandages and bandages around the suspended material so that this creates pressure<br />\r\nAround the wound and also support the suspended matter and then send the patient to the hospital to be removed<br />\r\n<strong>fragments</strong>:<br />\r\nIf the splinter is deeply embedded in the wound, or if it is difficult to remove, or if it is embedded in a joint, leave it in place and follow the same instructions for the materials stuck in the wound.<br />\r\nOther fragments can be removed as follows:<br />\r\n&bull; Carefully clean the wound site using warm, soapy water (containing soap).<br />\r\n&bull; Hold the splinter using clean forceps as close to the skin as possible, then gently pull the splinter at the same angle from which it entered.<br />\r\n&bull; Gently press the edges of the wound to make it bleed a small amount of blood, then wash the wound again, dry it and cover it with a bandage.<br />\r\n&bull; Seek medical advice to ensure that the patient&#39;s tetanus immunity remains effective</p>\r\n\r\n<ul>\r\n	<li>The wound can be disinfected with <strong>betadine </strong>after removing the stuck objects and using the anti-inflammatory <strong>Diclofenac </strong>Na</li>\r\n</ul>\r\n\r\n<p><strong>Substances stuck in the nose, ear, or other body openings:</strong><br />\r\nDo not try to remove anything stuck in the nose, ear, or any other opening in the body. Take the patient to the hospital where experts will remove the suspended matter safely.</p>'),
(99,	50,	'ar',	'البتر',	'<p><strong>البتر</strong></p>\r\n\r\n<p>هو إزالة كلية أو جزئية لطرف و يعتبر أذية شديدة بالنسبة للمريض. تتضمن أولويات العلاج إيقاف النزيف و حفظ الجزء المبتور من الجسم و طمأنة المريض</p>\r\n\r\n<ul>\r\n	<li>عالج النزيف</li>\r\n	<li>اتصل بالإسعاف</li>\r\n	<li>ضمد جرح المريض بضماد غير مـُزَغــّب و مضاد للالتصاق</li>\r\n	<li>قم بتغليف الجزء المبتور بكيس بلاستيكي ثم ضعه في كيس مملوء بالثلج لحفظه<br />\r\n	<strong>يجب ألا يحصل تماس مباشر بين الثلج و العضو المبتور ويجب أن يبقى العضو المبتور جافا</strong></li>\r\n</ul>'),
(100,	50,	'en',	'amputation',	'<p><strong>amputation</strong><br />\r\nIt is the complete or partial removal of a limb and it is considered very harmful to the patient. Treatment priorities include stopping the bleeding, preserving the amputated part of the body, and reassuring the patient<br />\r\n&bull; treat bleeding<br />\r\n&bull;&nbsp;&nbsp; &nbsp;Call an ambulance<br />\r\n&bull; Dress the patient&#39;s wound with a non-fluffy and anti-adherent dressing<br />\r\n&bull; Wrap the amputated part with a plastic bag and then put it in a bag filled with ice for safekeeping<br />\r\n<strong>The ice must not come into direct contact with the amputated limb, and the amputated limb must be kept dry</strong></p>'),
(101,	51,	'ar',	'النزيف الداخلى',	'<p><strong>النزيف الداخلى </strong></p>\r\n\r\n<p>هي حالة خطيرة جدا و يصعب تشخيصها مبكرا.ً يمكن أن يحصل النزف الداخلي بسبب إصابة مثل إصابات الرئة أو البطن و يمكن أن يحد بشكل عفوي عند مريض يظهر أنه بصحة جيدة و ذلك من شريان ضعيف أو من قرحة معدية لايخرج الدم في هذه الحالة من الجسم و لكنه يخرج من الجهاز الوعائي و يمكن أن يؤدي ذلك إلى حدوث سريع للصدمة<br />\r\nيمكن أن تحدث مضاعفات أخرى خطيرة مرافقة للنزف الداخلي مثل ما يحدث عند نزيف الدماغ أو النزيف داخل الرئة</p>\r\n\r\n<p><strong>الإسعافات</strong></p>\r\n\r\n<p>إذا حدثت الصدمة مع المريض ولم يكن هناك سبب ظاهر كالنزف الخارجي يجب أن تفكر بوجود نزف داخلي و يمكن أن نرى<span dir=\"LTR\">:</span></p>\r\n\r\n<ul>\r\n	<li>علامات الصدمة</li>\r\n	<li>ألماً في موضع النزف سواء أ كان الألم يحدث منذ فترة أوكان الألم حديثاً</li>\r\n	<li>ظهور كدمة أو وذمة</li>\r\n	<li>أعراض أخرى حسب موقع النزف(مثل صعوبة في التنفس إذا كان النزف داخل الرئة)</li>\r\n</ul>\r\n\r\n<p><br />\r\n<strong>علاج النزف الداخلي</strong><span dir=\"LTR\">:</span></p>\r\n\r\n<ul>\r\n	<li>اتصل بالإسعاف&nbsp;</li>\r\n	<li>عالج الصدمة إذا اضطررت لذلك</li>\r\n</ul>'),
(102,	51,	'en',	'internal bleeding',	'<p><strong>internal bleeding</strong><br />\r\nIt is a very serious condition and it is difficult to diagnose early. Internal bleeding can occur due to an injury such as lung or abdominal injuries, and it can spontaneously reduce in a patient who appears to be in good health, due to a weak artery or a stomach ulcer, in which case the blood does not drain from the body But it exits from the vascular system, and this can lead to a rapid occurrence of shock<br />\r\nOther serious complications can occur accompanying internal bleeding, such as what happens when bleeding in the brain or bleeding inside the lung<br />\r\n<strong>first aid</strong><br />\r\nIf the shock occurred with the patient and there was no apparent cause such as external bleeding, you should consider the presence of internal bleeding and we can see:<br />\r\n&bull; Signs of shock<br />\r\n&bull; Pain at the site of the bleeding, whether the pain has been going on for a while or the pain is recent<br />\r\nThe appearance of bruising or edema<br />\r\n&bull; Other symptoms depending on the location of the bleeding (such as difficulty breathing if the bleeding is inside the lung)</p>\r\n\r\n<p><strong>Internal bleeding treatment:</strong><br />\r\n&bull;&nbsp;&nbsp; &nbsp;Call an ambulance<br />\r\n&bull; Treat the shock if you have to</p>'),
(103,	52,	'ar',	'الهرس',	'<p><strong>الهرس </strong></p>\r\n\r\n<p>تحد هذه الإصابة عادة في مواقع البناء و في حواد السير. و تتميز هذه الحالة بتجمع السموم في العضلات الموجودة تحت مستوى الهرس إذا كان هناك ضرر في الأوعية الدموية المغذية للطرف المهروس(مثل الذراع أو الساق)، حيث يمكن أن يحد ذلك بتأثير وزن المادة الهارسة على الأوعية الدموية<span dir=\"LTR\">.</span><br />\r\nإذا توقفت التروية الدموية للطرف المصاب ل 15دقيقة أو أكثر تتجمع السموم بسرعة كبيرة جداً لدرجة أن تحريرها بشكل مفاجئ إلى الجسم (و الذي يحصل عند<br />\r\nإزالة مسبب الهرس الذي يضغط على العضو) يمكن أن يسبب فشلاً كلوياً. تسمى هذه الحالة متلازمة الهرس و يمكن أن تؤدي إلى الموت يجب أن يخضع المريض لعناية أطباء مختصين إذا تم تحريره بعد 15دقيقة أو أكثر من حدوث الإصابة</p>\r\n\r\n<p><strong>الإسعافات</strong></p>\r\n\r\n<p><strong>علاج حالة هرس استمرت أقل من 15 دقيقة</strong><span dir=\"LTR\"> :</span></p>\r\n\r\n<ul>\r\n	<li>حاول أن تحرر المريض بأقصى سرعة ممكنة</li>\r\n	<li>اتصل بالإسعاف</li>\r\n	<li>عالج النزف و قم بتغطية الجروح المفتوحة</li>\r\n	<li>عالج الصدمة إذا اضطررت لذلك وحاول ألا تحرك مكان الإصابة</li>\r\n	<li>راقب المجاري الهوائية (التنفسية) و التنفس حتى تصل المساعدة</li>\r\n</ul>\r\n\r\n<p>&nbsp;</p>\r\n\r\n<p><strong><span dir=\"LTR\">- </span>علاج حالة الهرس إذا استمرت أكثر من 15 دقيقة:</strong></p>\r\n\r\n<ul>\r\n	<li>لا تقم بتحرير المريض</li>\r\n	<li>اتصل بالإسعاف و زودهم بمعلومات كافية عن الحادث</li>\r\n	<li>راقب المسلك الهوائي و التنفس حتى تصل المساعدة</li>\r\n</ul>'),
(104,	52,	'en',	'mash ( crush )',	'<p><strong>mash ( crush )</strong><br />\r\nThis injury is usually limited to construction sites and road accidents. This condition is characterized by the accumulation of toxins in the muscles below the level of the crush if there is damage to the blood vessels feeding the crushed limb (such as the arm or leg), as this can be limited by the impact of the weight of the crushed substance on the blood vessels.<br />\r\nIf the blood supply to the affected limb stops for 15 minutes or more, toxins accumulate so quickly that they are suddenly released into the body (which happens when<br />\r\nRemoval of the crunching cause that puts pressure on the organ) can cause kidney failure. This condition is called crushing syndrome and it can lead to death. The patient should be under the care of a medical professional if released after 15 minutes or more of the injury.<br />\r\n<strong>first aid<br />\r\nTreating a crushing condition that lasted less than 15 minutes:</strong><br />\r\n&bull; Try to free the patient as quickly as possible<br />\r\n&bull;&nbsp;&nbsp; &nbsp;Call an ambulance<br />\r\n&bull; Treat bleeding and cover open wounds<br />\r\n&bull; Treat the shock if necessary and try not to move the injury site<br />\r\n&bull; Monitor your airways (respiratory) and breathing until help arrives</p>\r\n\r\n<p><strong>-Treat case of crushing if it lasts more than 15 minutes:</strong><br />\r\n&bull; Do not release the patient<br />\r\n&bull; Call the ambulance and provide them with sufficient information about the accident<br />\r\n&bull; Monitor the airway and breathing until help arrives</p>'),
(105,	53,	'ar',	'أنواع الحروق وخطورتها',	'<p><strong>أنواع الحروق وخطورتها</strong></p>\r\n\r\n<p>هناك خمسة عوامل تساعد في تحديد خطورة الحرق<span dir=\"LTR\"> :</span><span dir=\"LTR\">SCALD</span><br />\r\n1- &nbsp;الحجم <span dir=\"LTR\">:</span><strong><span dir=\"LTR\">size</span></strong>كلما ازدادت مساحة الإصابة ازدادت خطورتها و يعطى حجم الحرق بالنسبة لمساحة سطح الجسم (نسبة مئوية) . ولحساب هذه النسبة<br />\r\nيمكن مقارنة مساحة الحرق مع مساحة راحة الكف (مساحة الأصابع تحسب مع راحة الكف أيضا)ً حيث أنها تقارب <span dir=\"LTR\">%</span>1من مساحة سطح الجسم<br />\r\n2- السبب <span dir=\"LTR\">:</span><strong><span dir=\"LTR\">cause</span></strong>تتأثر خطورة الحرق بنوعه حيث تكون الحروق الناتجة عن الصعقات الكهربائية على سبيل المثال داخلية و عميقة أما بعض المواد الكيميائية<br />\r\nمثل حمض فلوريد الهيدروجين تسبب التسمم إضافة إلى الحرق<br />\r\n3- &nbsp;العمر<span dir=\"LTR\"> :</span><strong><span dir=\"LTR\">age</span></strong>يؤثر عمر المريض على سرعة التعافي و خطورة الحرق حيث أن الأطفال و&nbsp;&nbsp; الرضع يصابون بالحروق عند درجة حرارة أخفض من البالغين و نجد أن حروق البالغين تستغرق زمناً أطول لتشفى و تكون أكثر عرضة للإصابة بالإنتان<br />\r\n4- &nbsp;الموقع <strong><span dir=\"LTR\">:</span></strong><strong><span dir=\"LTR\">location</span></strong>حيث أن الحروق التي تحد في مجرى التنفس بسبب استنشاق غازات ساخنة يمكن أن تقتل المريض فوراً أما حروق العين فتسبب العمى<br />\r\nويمكن أن تسبب الحروق الواسعة التي تغطي الصدر توقف التنفس و الحروق الواسعة التي تحيط بطرف يمكن أن تؤدي إلى قطع التروية الدموية عن هذا الطرف<br />\r\n5- &nbsp;العمق <span dir=\"LTR\">:</span><strong><span dir=\"LTR\">depth</span></strong>كلما كان العمق أكبر كانت الخطورة أعلى<br />\r\n<span dir=\"LTR\">- </span><strong>عمق الحرق</strong><strong><span dir=\"LTR\">:</span></strong><br />\r\nيتألف الجلد من ثلا طبقات : البشرة في الخارج و تحتها الأدمة و التي توجد فوق طبقة من الشحم تحت الجلد<br />\r\nيمكن أن نصنف عمق الحروق إلى<span dir=\"LTR\">:</span></p>\r\n\r\n<ul>\r\n	<li>&nbsp;<strong>سطحية</strong><span dir=\"LTR\">: </span>حيث أن الإصابة لا تتجاوز البشرة و تحدث عادة بسبب الحرق بالماء المغلي ويبدو الجرح أحمراً و متقرّحاً و متورماً</li>\r\n	<li><strong>متوسطة</strong><span dir=\"LTR\">: </span>حيث تؤثر على البشرة و الأدمة . تظهر الحروق محمرة و مؤلمة و تتشكل فقاعات على سطح الجلد</li>\r\n	<li><strong>حروق على كامل ثخانة الجلد</strong><strong><span dir=\"LTR\">: </span></strong>حيث يصل الحرق إلى الشحم تحت الجلد أو تحته . يبدو الحرق شاحباً و متفحماً أو متشمعاً<span dir=\"LTR\"> .</span><br />\r\n	<strong>يمكن أن يكون شعور المريض بالمنطقة المحترقة معدوماً بسبب احتراق النهايات العصبية مما يربك المريض و المسعف على حد سواء</strong></li>\r\n</ul>'),
(106,	53,	'en',	'Types of burns and their severity',	'<p><strong>Types of burns and their severity</strong><br />\r\nThere are five factors that help determine the severity of a burn: SCALD<br />\r\n1- <strong>Size</strong>: The greater the area of ​​the injury, the greater its severity. The size of the burn is given in relation to the surface area of ​​the body (a percentage). To calculate this ratio,<br />\r\nThe area of ​​the burn can be compared with the area of ​​\\u200b\\u200bthe palm (the area of ​​\\u200b\\u200bthe fingers is also calculated with the palm), as it is approximately 1% of the surface area of ​​the body<br />\r\n2- The <strong>reason</strong>: cause the severity of the burn is affected by its type, as the burns resulting from electric shocks, for example, are internal and deep, while some chemicals<br />\r\nSuch as hydrogen fluoride acid causes poisoning in addition to burning<br />\r\n3- <strong>Age</strong>: The age of the patient affects the speed of recovery and the severity of the burn, as children and infants get burns at a lower temperature than adults, and we find that adult burns take longer to heal and are more susceptible to infection<br />\r\n4- <strong>Location</strong>: as burns that limit the airway due to inhalation of hot gases can kill the patient immediately, while eye burns cause blindness<br />\r\nExtensive burns covering the chest can cause respiratory arrest, and extensive burns surrounding a limb can cut off the blood supply to that limb.<br />\r\n5- <strong>Depth</strong>: the greater the depth, the higher the risk<br />\r\n<strong>Burn depth:</strong><br />\r\nThe skin consists of three layers: the epidermis on the outside, and below it the dermis, which is located above a layer of subcutaneous fat<br />\r\nWe can classify the depth of burns into:<br />\r\n<strong>Superficial</strong>: where the injury does not extend beyond the skin and usually occurs due to a burn with boiling water and the wound appears red, ulcerated and swollen<br />\r\n&bull; <strong>Medium</strong>: it affects the epidermis and dermis. Burns appear red, painful, and bubbles form on the surface of the skin<br />\r\n&bull;<strong> Burns over the entire thickness of the skin</strong>: where the burn reaches the fat under or under the skin. The burn looks pale and charred or charred.<br />\r\nThe patient&#39;s feeling of the burned area may be absent due to the burning of the nerve endings, which confuses the patient and the paramedic alike.</p>'),
(107,	54,	'ar',	'الحروق الناتجة عن مصدر حراري رطب',	'<p><strong>الحروق الناتجة عن مصدر حراري رطب</strong></p>\r\n\r\n<p>تحدث عادة بسبب الماء الساخن <span dir=\"LTR\">, </span>ولكن يمكن أن تحدث بسبب الزيوت الساخنة أو السوائل الأخرى التي يمكن أن تبلغ درجات حرارة أعلى من الماء.</p>\r\n\r\n<p><strong>الإسعافات</strong></p>\r\n\r\n<ul>\r\n	<li>تأكد من سلامة التنفس و الطرق التنفسية</li>\r\n	<li>قم بتبريد الحرق فوراً بماء بارد لمدة لا تقل عن عشر دقائق أو حتى يتوقف الألم عند المريض&nbsp; و يفضل أن يكون الماء جاريا.ً إذا لم يتوفر الماء يمكن استخدام أي سائل بارد غير مؤذٍ كالحليب البارد مثلاً حيث أن ذلك أفضل من عدم التبريد أبداً <span dir=\"LTR\">, </span>قم بذلك أولاً ثم انتقل إلى أقرب مصدرللمياه إذا استطعت<span dir=\"LTR\"> .</span></li>\r\n	<li>و احذر من تبريد الحروق الواسعة بشكل كبير جداً حيث أن ذلك يمكن أن يؤدي إلى انخفاض درجة حرارة الجسم</li>\r\n	<li>أزل الساعات و الخواتم ...إلخ. أثناء التبريد و يمكن إزالة الثياب التي لم تلتصق بالحرق بحذر شديد</li>\r\n	<li>ضمد الحرق بضماد غير قابل للالتصاق بالحرق حيث تعتبر الأغطية البلاستيكية(تستخدم لتغليف الطعام) من أفضل الضمادات التي يمكن أن تغطي بها الحروق &ndash; تخلص من أول لفتين من بكرة الغطاء البلاستيكي ثم استعملها بالطول ( لا تلفها بقوة حول الطرف) ثم ثبتها باستخدام عِصَابة</li>\r\n	<li>يمكن أن تنوب الأكياس البلاستيكية غير المستعملة و الجديدة أو الضمادات ضعيفة الالتصاق أو ضمادات مخصصة للحروق محل الأغلفة البلاستيكية (لا<br />\r\n	تعتمد على الضمادات المخصصة للحروق لتبريد الحرق &ndash; استعمل الماء البارد)</li>\r\n	<li>اتصل بالإسعاف إذا كان الحرق شديداً . أو إذا استنشق المريض أبخرة أو غازات</li>\r\n</ul>'),
(108,	54,	'en',	'Burns caused by a wet heat source',	'<p><strong>Burns caused by a wet heat source</strong><br />\r\nIt is usually caused by hot water, but it can also be caused by hot oils or other liquids that can reach temperatures higher than water.<br />\r\n<strong>first aid</strong><br />\r\n&bull; Ensure the safety of breathing and respiratory tracts<br />\r\n&bull; Cool the burn immediately with cold water for a period of no less than ten minutes or until the patient&#39;s pain stops, preferably running water. If water is not available, any cold, harmless liquid such as cold milk, for example, is better than not cooling at all. Do this first and then go to the nearest water source if you can.<br />\r\n&bull; Beware of cooling extensive burns too much, as this can lead to a decrease in body temperature<br />\r\n&bull; Remove watches, rings, etc. During cooling, clothing that did not stick to the burner can be removed with great care<br />\r\n&bull; Dress the burn with a non-stick dressing for the burn. Plastic wraps (used to wrap food) are one of the best dressings that can cover burns - remove the first two rolls of the plastic wrap roll and use it lengthwise (do not wrap it too tightly around the edge) and secure it with a bandage<br />\r\n&bull; New and unused plastic bags, poor adhesion dressings, or burn dressings can replace plastic wrap (no<br />\r\nRely on burn dressings to cool the burn - use cold water)<br />\r\n&bull; Call 911 if the burn is severe. Or if the patient inhales fumes or gases</p>'),
(109,	55,	'ar',	'الحروق الساخنة الجافة',	'<p><strong>الحروق الساخنة الجافة</strong></p>\r\n\r\n<ul>\r\n	<li>تأكد من سلامة التنفس و الطرق التنفسية</li>\r\n	<li>قم بتبريد الحرق فوراً بماء بارد لمدة لا تقل عن عشر دقائق أو حتى يتوقف الألم عند المريض&nbsp; و يفضل أن يكون الماء جاريا.ً إذا لم يتوفر الماء يمكن استخدام أي سائل بارد غير مؤذٍ كالحليب البارد مثلاً حيث أن ذلك أفضل من عدم التبريد أبداً <span dir=\"LTR\">, </span>قم بذلك أولاً ثم انتقل إلى أقرب مصدرللمياه إذا استطعت<span dir=\"LTR\"> .</span></li>\r\n	<li>و احذر من تبريد الحروق الواسعة بشكل كبير جداً حيث أن ذلك يمكن أن يؤدي إلى انخفاض درجة حرارة الجسم</li>\r\n	<li>أزل الساعات و الخواتم ...إلخ. أثناء التبريد و يمكن إزالة الثياب التي لم تلتصق بالحرق بحذر شديد</li>\r\n	<li>ضمد الحرق بضماد غير قابل للالتصاق بالحرق حيث تعتبر الأغطية البلاستيكية(تستخدم لتغليف الطعام) من أفضل الضمادات التي يمكن أن تغطي بها الحروق &ndash; تخلص من أول لفتين من بكرة الغطاء البلاستيكي ثم استعملها بالطول ( لا تلفها بقوة حول الطرف) ثم ثبتها باستخدام عِصَابة</li>\r\n	<li>يمكن أن تنوب الأكياس البلاستيكية غير المستعملة و الجديدة أو الضمادات ضعيفة الالتصاق أو ضمادات مخصصة للحروق محل الأغلفة البلاستيكية (لا<br />\r\n	تعتمد على الضمادات المخصصة للحروق لتبريد الحرق &ndash; استعمل الماء البارد)</li>\r\n	<li>اتصل بالإسعاف إذا كان الحرق شديداً . أو إذا استنشق المريض أبخرة أو غازات</li>\r\n</ul>'),
(110,	55,	'en',	'dry hot burns',	'<p><strong>dry hot burns</strong><br />\r\n&bull; Ensure the safety of breathing and respiratory tracts<br />\r\n&bull; Cool the burn immediately with cold water for a period of no less than ten minutes or until the patient&#39;s pain stops, preferably running water. If water is not available, any cold, harmless liquid such as cold milk, for example, is better than not cooling at all. Do this first and then go to the nearest water source if you can.<br />\r\n&bull; Beware of cooling extensive burns too much, as this can lead to a decrease in body temperature<br />\r\n&bull; Remove watches, rings, etc. During cooling, clothing that did not stick to the burner can be removed with great care<br />\r\n&bull; Dress the burn with a non-stick dressing for the burn. Plastic wraps (used to wrap food) are one of the best dressings that can cover burns - remove the first two rolls of the plastic wrap roll and use it lengthwise (do not wrap it too tightly around the edge) and secure it with a bandage<br />\r\n&bull; New and unused plastic bags, poor adhesion dressings, or burn dressings can replace plastic wrap (no<br />\r\nRely on burn dressings to cool the burn - use cold water)<br />\r\n&bull; Call 911 if the burn is severe. Or if the patient inhales fumes or gases</p>'),
(111,	56,	'ar',	'الحروق الكيميائية',	'<p><strong>الحروق الكيميائية</strong><strong><span dir=\"LTR\">:</span></strong></p>\r\n\r\n<p>التي تسببها المواد الكيميائية التي تكوي الجلد أو تسبب الحرارة أو كليهما<span dir=\"LTR\">.</span> من المهم أن تتعلم الإسعاف الأولي للمواد الكيميائية التي تستعملها في العمل حيث أن المواد المختلفة لها طرائق مختلفة</p>\r\n\r\n<p><strong>الإسعافات</strong></p>\r\n\r\n<ul>\r\n	<li>قم بتأمين المنطقة &nbsp;و حاول عزل المواد الكيميائية و احم نفسك من أي تماس معها</li>\r\n	<li>السموم التي تكون على شكل مسحوق تزال بحذر باستخدام فرشاة قبل أن تغسل بالماء<span dir=\"LTR\">.</span><br />\r\n	حاول أن تكون حذرا و حافظ على سلامتك<span dir=\"LTR\">.</span></li>\r\n	<li>اغسل الحرق بالماء الجاري بغزارة لإزالة المواد الكيميائية. وهذه العملية يجب أن تستغرق وقتاً أطول من الوقت اللازم لتبريد الحروق الناتجة عن الحرارة (على الأقل 20 دقيقة.)</li>\r\n	<li>احذر من غسل المواد السامة باتجاه الأجزاء السليمة من الجسم. و احذر من تجمع المياه الملوثة الناتجة عن الغسل تحت المريض</li>\r\n	<li>اتصل بالإسعاف و سجل أسماء المواد الكيميائية و أعط هذه المعلومات إلى المسعفين في سيارة الإسعاف</li>\r\n	<li>أزل الثياب الملوثة عن المريض بحذر أثناء غسل الحرق</li>\r\n	<li>إذا كانت العين ملوثة <span dir=\"LTR\">,</span>اغسلها كما شُرح سابقاً و احذر من وصول المياه الملوثة إلى العين الأخرى وحاول بقوة و حذر أن تفتح أجفان العين المصابة لتغسل العين بأكملها</li>\r\n	<li>بعض المواد الكيميائية المستخدمة في العمل لا يمكن تمديدها بالماء بشكل آمن حيث تتطلب إجراءات السلامة وجود ترياق لهذه المواد الكيميائية. ويجب أن تكون مدرباً على استعمال هذا الترياق</li>\r\n</ul>\r\n\r\n<p><br />\r\n&nbsp;</p>'),
(112,	56,	'en',	'chemical burns',	'<p><strong>chemical burns:</strong><br />\r\nCaused by chemicals that cauterize the skin or cause heat or both. It is important to learn first aid for the chemicals you use at work as different materials have different methods<br />\r\n<strong>first aid</strong><br />\r\n&bull; Secure the area and try to isolate the chemicals and protect yourself from any contact with them<br />\r\n&bull; Toxins in powder form are carefully removed with a brush before rinsing with water.<br />\r\nTry to be careful and stay safe.<br />\r\n&bull; Flush the burn with plenty of running water to remove chemicals. This process should take longer than the time required for heat burns to cool (at least 20 minutes.)<br />\r\n&bull; Beware of washing toxic substances towards healthy parts of the body. And beware of contaminated water from washing under the patient<br />\r\n&bull; Call the ambulance, write down the names of the chemicals and give this information to the paramedics in the ambulance<br />\r\n&bull; Carefully remove contaminated clothing from the patient while washing the burn<br />\r\n&bull; If the eye is contaminated, wash it as explained previously and beware of contaminated water from reaching the other eye and try vigorously and carefully to open the eyelids of the affected eye to wash the entire eye<br />\r\n&bull; Some chemicals used in the work cannot be safely diluted with water as safety measures require an antidote to these chemicals. You must be trained to use this antidote</p>'),
(113,	57,	'ar',	'الحروق بالأشعة',	'<p><strong>الحروق بالأشعة</strong><strong><span dir=\"LTR\">:</span></strong><br />\r\nأكثرها شيوعا الحروق الشمسية</p>\r\n\r\n<ul>\r\n	<li>&nbsp;أبعد المريض عن الشمس <span dir=\"LTR\">, </span>يفضل أن تحاول إدخاله إلى المنزل</li>\r\n	<li>أعط المريض رشفات متكررة من الماء حتى لا يصاب بالإنهاك الحراري</li>\r\n	<li>برّد الحرق بالماء البارد. إذا كان الحرق واسعاً برده بحمام مائي بارد في حوض استحمام أو بالمرش لعشر دقائق</li>\r\n	<li>إذا كان هناك عدد كبير من الفقاعات أو كان عندك شكوك فيما يجب فعله اطلب النصيحة الطبية</li>\r\n	<li>إذا كان الحرق الشمسي خفيفاً يمكن تخفيف الألم بالكريم المخصص بعد التعرض للشمس أو مرهم الكالامين</li>\r\n</ul>'),
(114,	57,	'en',	'radiation burns',	'<p><strong>radiation burns:</strong><br />\r\nThe most common one is sunburn<br />\r\n&bull; Keep the patient away from the sun, preferably trying to bring him into the house<br />\r\n&bull; Give the patient frequent sips of water to prevent heat exhaustion<br />\r\n&bull; Cool the burn with cold water. If the burn is extensive, cool it down with a cold water bath in a bathtub or sprinkler for ten minutes<br />\r\n&bull; If there are a large number of bubbles or you have doubts about what to do seek medical advice<br />\r\n&bull; If the sunburn is mild, the pain can be relieved by the dedicated cream after exposure to the sun or calamine ointment</p>'),
(115,	58,	'ar',	'الحروق الكهربائية',	'<p><strong>الحروق الكهربائية</strong><strong><span dir=\"LTR\">:</span></strong><br />\r\nتسببها الحرارة الناتجة عن مرور التيار الكهربائي في نسج الجسم. يمكنك مشاهدة الحرق في مكان دخول التيار إلى الجسم و مكان خروجه و لكن يمكن أن توجد حروق عميقة غير ظاهرة على طول مسار التيار الكهربائي في الجسم و يمكن تقدير خطورة الحروق العميقة عبر تقدير خطورة الحروق الموجودة عند نقطة دخول و خروج التيار</p>\r\n\r\n<ul>\r\n	<li>&nbsp;يمكن أن تسبب الصعقة الكهربائية توقف القلب عندئذٍ تكون الأولوية للطرق التنفسية &nbsp;و التنفس<span dir=\"LTR\">.</span></li>\r\n	<li>اضمن سلامتك من خلال التأكد من فصل التيار الكهربائي عن المريض</li>\r\n	<li>تأكد من سلامة الطرق التنفسية و التنفس</li>\r\n	<li>اسكب الماء على منطقة الحرق الممتدة من مكان دخول التيار إلى مكان خروجه لمدة &nbsp;&nbsp;&nbsp;&nbsp;10 دقائق على الأقل</li>\r\n	<li>اتصل بالإسعاف أكمل علاج الحرق كما تعالج الحروق الجافة</li>\r\n</ul>\r\n\r\n<p>&nbsp;</p>\r\n\r\n<p>&nbsp;</p>\r\n\r\n<p><strong>تحذيرات</strong><strong><span dir=\"LTR\">:</span></strong></p>\r\n\r\n<ul>\r\n	<li>&nbsp;لا تقم بثقب الفقاعات لأن طبقة الجلد تشكل حماية ضد الإنتانات</li>\r\n	<li>لا تلمس الحرق</li>\r\n	<li>لا تضع مرهما أو غسولاً أو مواداً شحمية على الحرق إذ يمكن أن تؤدي إلى حدو إنتانات كما تصبح إزالتها غير ممكنة دون الذهاب إلى المشفى</li>\r\n	<li>لا تضع ضماداً أو شريطاً لاصقاً لأن الحرق يمكن أن يكون أوسع مما يبدو عليه في البداية</li>\r\n	<li>لا تزل الثياب الملتصقة بالحرق</li>\r\n</ul>'),
(116,	58,	'en',	'electrical burns:',	'<p><strong>electrical burns:</strong><br />\r\nCaused by the heat generated by the passage of electric current in the tissues of the body. You can watch the burn at the place where the current enters the body and where it leaves the body, but there may be deep burns that are not visible along the path of the electric current in the body. The seriousness of deep burns can be estimated by estimating the severity of the burns at the point of entry and exit of the current<br />\r\n&bull; The electric shock can cause the heart to stop, so the respiratory and breathing pathways are given priority.<br />\r\n&bull; Ensure your safety by making sure that the electrical current is disconnected from the patient<br />\r\n&bull; Ensure the safety of the respiratory tract and breathing<br />\r\n&bull; Pour water over the burn area extending from the place of entry to the place of its exit for at least 10 minutes<br />\r\n&bull; Call 911. Complete the burn treatment as well as dry burns</p>\r\n\r\n<p><br />\r\n<strong>Warnings:</strong><br />\r\n&bull; Do not puncture bubbles because the skin layer is a protection against infection<br />\r\n&bull; Do not touch the burn<br />\r\n&bull; Do not apply ointment, lotion, or grease to the burn, as it can lead to infection, and it is not possible to remove it without going to the hospital.<br />\r\n&bull; Do not wear a bandage or tape because the burn may be wider than it appears at first<br />\r\n&bull; Do not remove clothing stuck to the burn</p>'),
(117,	59,	'ar',	'تكوين الهيكل العظمى',	'<p><strong>وظيفته</strong></p>\r\n\r\n<p>يتألف الهيكل العظمي من 206عظام <span dir=\"LTR\">,</span>وظيفتها<span dir=\"LTR\">:</span></p>\r\n\r\n<ul>\r\n	<li>&nbsp;دعم الأنسجة الرخوة و إعطاء الجسم شكله</li>\r\n	<li>حماية الأعضاء الهامة كالدماغ و الرئتين و النخاع الشوكي</li>\r\n	<li>السماح بالحركة إذ ترتبط مع بعضها بأنواع مختلفة من المفاصل و ترتكز عليها العضلات</li>\r\n	<li>إنتاج الكريات الحمر و بعض الكريات البيض والصفيحات الدموية في نقي العظام مثل عظم الفخذ</li>\r\n	<li>تعتبر مخزنا للمعادن و الطاقة فيخزن الكالسيوم على سبيل المثال</li>\r\n</ul>\r\n\r\n<p><strong>أسباب الإصابة</strong></p>\r\n\r\n<p>يمكن أن تسبب أنواع مختلفة من القوى إصابة في العظام و العضلات و المفاصل<span dir=\"LTR\"> :</span></p>\r\n\r\n<ol>\r\n	<li>&nbsp;<strong>القوة المباشرة</strong><strong><span dir=\"LTR\">:</span></strong> تحدث الإصابة في المكان الذي أصابته الضربة مثل الإصابة الناتجة عن لطمة أو ركلة</li>\r\n	<li><strong>القوة غير المباشرة</strong><span dir=\"LTR\"> : </span>حيث تحدث الإصابة في مكان بعيد عن مكان حدوث الضربة مثل الكسر الذي يحصل في الترقوة عند الوقوع على اليد وهي ممدودة</li>\r\n	<li><strong>القوة اللاوِيَة (من الفعل لوى)</strong><strong><span dir=\"LTR\"> :</span></strong> ينتج الضرر من القوى التي تلوي العظام و العضلات مثل التواء الكاحل</li>\r\n	<li><strong>الحركة العنيفة</strong><strong><span dir=\"LTR\">:</span></strong> تنتج الإصابة من حركة عنيفة مفاجئة مثل إصابة مفصل الركبة بعد القيام بحركة الركل بعنف</li>\r\n	<li><strong>أسباب مرضية</strong><strong><span dir=\"LTR\">:</span></strong> تصبح العظام هشة أو ضعيفة بسبب مرض ما أو بسبب تقدم السن</li>\r\n</ol>'),
(118,	59,	'en',	'Skeletal composition',	'<p><strong>function</strong></p>\r\n\r\n<p>The skeleton consists of 206 bones, its function:<br />\r\n&bull; Supporting soft tissues and giving the body its shape<br />\r\n&bull; Protecting important organs such as the brain, lungs and spinal cord<br />\r\n&bull; Allow movement as they are linked to each other by different types of joints and the muscles are based on them<br />\r\n&bull; Production of red blood cells and some white blood cells and platelets in the bone marrow such as the femur<br />\r\n&bull; It is considered a storehouse of minerals and energy. Calcium is stored, for example<br />\r\n<strong>Causes of injury</strong><br />\r\nDifferent types of forces can cause injury to bones, muscles, and joints:<br />\r\n1- <strong>Direct force:</strong> the injury occurs in the place where the blow is hit, such as the injury resulting from a blow or kick<br />\r\n2- <strong>Indirect force:</strong> where the injury occurs in a place far from the place of the blow, such as the fracture that occurs in the collarbone when falling on the hand while it is outstretched<br />\r\n3- <strong>Gluteal force </strong>(from the verb to twist): damage results from forces that twist bones and muscles, such as a sprained ankle<br />\r\n4- <strong>Violent movement</strong>: the injury results from a sudden violent movement, such as hitting the knee joint after violently kicking<br />\r\n5- <strong>Pathological causes</strong>: the bones become brittle or weak due to a disease or due to age</p>'),
(119,	60,	'ar',	'الخلع',	'<p><strong>الخلع</strong></p>\r\n\r\n<p>يحدث الخلع عندما ينزاح العظم عن المفصل بشكل جزئي أو كلي<span dir=\"LTR\">, </span>و يحدث عادة بسبب حركة ليّ عنيفة أو بسبب تقلص عضلي مفاجئ. يعتبر خلع الرضفة(عظمة عند مفصل الركبة) و الكتف و الفك السفلي و إبهام اليد أو أصبع من أكثر إصابات الخلع انتشاراً .<br />\r\nيمكن أن يكون هناك كسر قريب من أو في مكان الخلع إضافة إلى إصابة في الأوتار و الأربطة و الغضاريف و يصعب التمييز بين الخلع و الكسر.<br />\r\nلا تحاول أن تعيد مفصلاً مخلوعاً إلى وضعه الطبيعي لأن هذا عمل المختصين حيث أن العملية مؤلمة بشدة للمريض كما يمكن أن تسبب له محاولتك ضرراً أكبر</p>\r\n\r\n<p><strong>الإسعافات</strong></p>\r\n\r\n<ul>\r\n	<li>هدئ المريض و اطلب منه عدم التحرك</li>\r\n	<li>حاول أن تبقي الإصابة ساكنة بيديك حتى تصبح مثبتة بشكل جيد و يمكن أن يقوم المريض بهذا الشيء بنفسه</li>\r\n	<li>لا تحرك المريض حتى تصبح الإصابة مثبتة إلا إذا كان معرضاً للخطر</li>\r\n	<li>إذا كنت تنتظر <strong>سيارة الإسعاف</strong> حاول أن تحافظ على الإصابة ساكنة فحسب ولا تقم بربط أي عصابة(جبيرة) حول الطرف المصاب</li>\r\n	<li>قم بتغطية الجروح المفتوحة</li>\r\n	<li>&nbsp;لا تسمح للمريض بأن يأكل أو يشرب لأنه يمكن أن يحتاج عملاً جراحياً</li>\r\n</ul>\r\n\r\n<p>&nbsp;</p>\r\n\r\n<p><strong>إذا كانت الإصابة في الطرف العلوي</strong><strong><span dir=\"LTR\">:</span></strong></p>\r\n\r\n<ul>\r\n	<li>قم بتثبيت الذراع في حمّالة حيث تستخدم الحمّالة الداعمة عادة لتثبيت إصابات الساعد أو الترقوة</li>\r\n	<li>إذا كان المريض يعاني من ألم مبرح أو كان الدوران أو الأعصاب في الطرف المصاب متضرراً أو كان المريض يعاني من صعوبة في التنفس أو إن لم تكن متأكداً مما<br />\r\n	عليك فعله <strong>اتصل بالإسعاف</strong></li>\r\n	<li>حاول نقل المريض إلى<strong> المشفى</strong></li>\r\n</ul>\r\n\r\n<p>&nbsp;</p>\r\n\r\n<p><strong>إذا كانت الإصابة في الطرف السفلي</strong><strong><span dir=\"LTR\">:</span></strong></p>\r\n\r\n<ul>\r\n	<li>اتصل بالإسعاف وأبق المريض ساكناً و دافئاً</li>\r\n	<li>إذا كان الإسعاف سيتأخر (إذا كنت موجوداً في منطقة نائية مثلاً) ثبت الإصابة باستخدام عصابة تربط الطرف السليم بالطرف المصاب</li>\r\n	<li>تأكد من سلامة جهاز الدورى في المكان الذي يلي الإصابة أو أي عصابة مربوطة حول الطرف السفلي. قم بإرخاء العصابة إذا استدعى الأمر</li>\r\n</ul>\r\n\r\n<p>عموما يمكن أخذ بعض مسكنات الألم مثل <strong>الابوبروفين </strong>أو <strong>الديكلوفيناك&nbsp;</strong></p>'),
(120,	60,	'en',	'dislocation',	'<p><strong>dislocation</strong></p>\r\n\r\n<p>A dislocation occurs when the bone is partially or completely displaced from the joint, usually due to a violent twisting movement or due to a sudden muscle contraction. Dislocations of the patella (the bone at the knee joint), the shoulder, the lower jaw, and the thumb or finger are among the most common dislocations.<br />\r\nThere can be a fracture near or at the site of the dislocation in addition to an injury to the tendons, ligaments and cartilage, and it is difficult to distinguish between a dislocation and a fracture.<br />\r\nDo not try to return a dislocated joint to its normal position, because this is the work of specialists, as the operation is very painful for the patient, and your attempt may cause him more harm.<br />\r\n<strong>first aid</strong><br />\r\n&bull; Calm the patient and ask him not to move<br />\r\n&bull; Try to keep the injury still with your hands until it is well fixed and the patient can do this by himself<br />\r\n&bull; Do not move the patient until the injury is established unless he is at risk<br />\r\n&bull; If you are waiting for the <strong>ambulance</strong>, try to keep the injury only and do not tie any bandage (splints) around the injured limb.<br />\r\n&bull; Cover open wounds<br />\r\n&bull; Do not allow the patient to eat or drink because he may need surgery</p>\r\n\r\n<p><strong>If the injury is in the upper limb:</strong><br />\r\n&bull; Secure the arm in a sling as a support sling is usually used to stabilize forearm or collarbone injuries<br />\r\n&bull; If the patient is in excruciating pain, or the rotation or nerves in the affected limb are damaged, or the patient has difficulty breathing, or if you are not sure what to do You have to call an ambulance<br />\r\n&bull; Try to take the patient to the hospital</p>\r\n\r\n<p><strong>If the injury is in the lower extremity:</strong><br />\r\n&bull; Call the ambulance and keep the patient still and warm<br />\r\n&bull; If the ambulance will be delayed (if you are in a remote area, for example) prove the injury by using a band that connects the healthy limb to the injured limb<br />\r\n&bull; Ensure the integrity of the circulatory system in the place following the injury or any band tied around the lower limb. Relax the gang if necessary</p>\r\n\r\n<p>In general, some pain relievers such as <strong>ibuprofen </strong>or <strong>diclofenac </strong>can be taken</p>'),
(121,	61,	'ar',	'أنواع الكسور',	'<p><strong>أنواعها</strong></p>\r\n\r\n<p>يمكن تعريف الكسر على أنه انقطاع في استمرارية العظم و أهم أنواعه</p>\r\n\r\n<p><strong>مغلق :</strong></p>\r\n\r\n<p>وهو كسر أو تصدع بسيط في العظم من دون أية مضاعفات أخرى</p>\r\n\r\n<p><strong>مفتوح :</strong></p>\r\n\r\n<p>يتمزق الجلد بالعظم الذي يمكن أن ينبثق من الجرح و يزداد في هذا النوع احتمال<br />\r\nحدوث الإنتان في الجرح</p>\r\n\r\n<p><strong>معقد:</strong></p>\r\n\r\n<p>يترافق هذا النوع من الإصابة مع مضاعفات تحد بسبب الكسر كوجود أعصاب أوعية محجوزة</p>\r\n\r\n<p><strong>كسر الغصن الأخضر:</strong></p>\r\n\r\n<p>تحد هذه الإصابة عادة في الأطفال حيث تكون العظام مرنة وفتية إذ يتشقق العظم ولكنه لا ينفصل بشكل كامل و يلتبس هذا النوع من الكسور عادة مع الإجهاد و الالتواء لأن عدداً قليلاً من أعراض<br />\r\nالكسر تكون ظاهرة</p>'),
(122,	61,	'en',	'types of fracture',	'<p>types of&nbsp;fracture<br />\r\nA fracture can be defined as a break in the continuity of the bone and its most important types<br />\r\n<strong>Closed :</strong><br />\r\nIt is a simple fracture or crack in the bone without any other complications<br />\r\n<strong>Open :</strong><br />\r\nThe skin is torn by the bone that can emanate from the wound, and this type of injury is more likely<br />\r\nInfection in the wound<br />\r\n<strong>Complex:</strong><br />\r\nThis type of injury is associated with complications that limit due to the fracture, such as the presence of trapped vascular nerves<br />\r\n<strong>green bough break</strong><br />\r\nThis injury is usually limited in children, where the bones are flexible and young, as the bone cracks, but it does not separate completely. This type of fracture is usually confused with stress and sprain because a few symptoms of<br />\r\nThe fracture is visible</p>'),
(123,	62,	'ar',	'أسعافات الكسور',	'<p><strong>علامات حدوث الكسر</strong></p>\r\n\r\n<ul>\r\n	<li><strong>الألم</strong><strong><span dir=\"LTR\">:</span></strong> يحد في مكان حدو الكسر و يمكن أن يختفي الألم في حالة تناول <strong>مسكنات قوية</strong> أو إصابة في العصب أو الاضطراب العقلي فكن حذراً</li>\r\n	<li><strong>فقدان القوة</strong><strong><span dir=\"LTR\">:</span></strong> مثل عدم القدرة على رفع أي شيء باليد المكسورة</li>\r\n	<li><strong>حركة غير طبيعية</strong><strong><span dir=\"LTR\">: </span></strong>يوصف هذا النوع من الكسور بأنه غير مستقر و يجب أن يعطى المريض عناية خاصة لمنع الكسر من التحرك</li>\r\n	<li>ظهور <strong>تورّم</strong> أو <strong>كدمة</strong> حول مكان الكسر</li>\r\n	<li><strong>تشوه</strong><strong><span dir=\"LTR\"> : </span></strong>إذ تكون الساق المكسورة مثنية بشكل خاطئ</li>\r\n	<li><strong>الشكل غير المنتظم</strong><strong><span dir=\"LTR\">:</span></strong> حيث تظهر نتوءات أو انخفاضات على طول سطح العظم في المكان الذي تتلاقى فيه الحافتان المكسورتان</li>\r\n	<li><strong>فرقعة</strong><strong><span dir=\"LTR\">: </span></strong>حيث نشعر و نسمع باحتكاك الحواف العظمية المكسورة على بعضها</li>\r\n</ul>\r\n\r\n<p><strong>كيف تتعامل مع الكسر</strong></p>\r\n\r\n<ul>\r\n	<li>هدئ المريض و اطلب منه عدم التحرك</li>\r\n	<li>حاول أن تبقي الإصابة ساكنة بيديك حتى تصبح مثبتة بشكل جيد و يمكن أن يقوم المريض بهذا الشيء بنفسه</li>\r\n	<li>لا تحرك المريض حتى تصبح الإصابة مثبتة إلا إذا كان معرضاً للخطر</li>\r\n	<li>إذا كنت تنتظر <strong>سيارة الإسعاف</strong> حاول أن تحافظ على الإصابة ساكنة فحسب ولا تقم بربط أي عصابة(جبيرة) حول الطرف المصاب</li>\r\n	<li>قم بتغطية الجروح المفتوحة</li>\r\n	<li>&nbsp;لا تسمح للمريض بأن يأكل أو يشرب لأنه يمكن أن يحتاج عملاً جراحياً</li>\r\n</ul>\r\n\r\n<p>&nbsp;</p>\r\n\r\n<p><strong>إذا كانت الإصابة في الطرف العلوي</strong><strong><span dir=\"LTR\">:</span></strong></p>\r\n\r\n<ul>\r\n	<li>قم بتثبيت الذراع في حمّالة حيث تستخدم الحمّالة الداعمة عادة لتثبيت إصابات الساعد أو الترقوة</li>\r\n	<li>إذا كان المريض يعاني من ألم مبرح أو كان الدوران أو الأعصاب في الطرف المصاب متضرراً أو كان المريض يعاني من صعوبة في التنفس أو إن لم تكن متأكداً مما<br />\r\n	عليك فعله <strong>اتصل بالإسعاف</strong></li>\r\n	<li>حاول نقل المريض إلى<strong> المشفى</strong></li>\r\n</ul>\r\n\r\n<p>&nbsp;</p>\r\n\r\n<p><strong>إذا كانت الإصابة في الطرف السفلي</strong><strong><span dir=\"LTR\">:</span></strong></p>\r\n\r\n<ul>\r\n	<li>اتصل بالإسعاف وأبق المريض ساكناً و دافئاً</li>\r\n	<li>إذا كان الإسعاف سيتأخر (إذا كنت موجوداً في منطقة نائية مثلاً) ثبت الإصابة باستخدام عصابة تربط الطرف السليم بالطرف المصاب</li>\r\n	<li>تأكد من سلامة الجهاز الدورى في المكان الذي يلي الإصابة أو أي عصابة مربوطة حول الطرف السفلي. قم بإرخاء العصابة إذا استدعى الأمر</li>\r\n</ul>'),
(124,	62,	'en',	'First aid for fractures',	'<p><strong>Signs of a fracture</strong><br />\r\n&bull; Pain: limits in the place of the fracture, and the pain can disappear in the event of taking strong <strong>painkillers</strong>, nerve injury, or mental disorder, so be careful<br />\r\n&bull;<strong> Loss of strength</strong>: such as not being able to lift anything with a broken hand<br />\r\n<strong>Abnormal movement</strong>: This type of fracture is described as unstable and the patient must be given special care to prevent the fracture from moving.<br />\r\n&bull; <strong>Swelling or bruising</strong> around the fracture site<br />\r\n<strong>Deformity</strong>: the broken leg is incorrectly bent<br />\r\n<strong>Irregular shape</strong>: bumps or depressions appear along the surface of the bone where the two broken edges meet<br />\r\n<strong>&bull; Cracking</strong>: where we feel and hear the rubbing of the broken bone edges on each other<br />\r\n<strong>How do you deal with fracture?</strong><br />\r\n&bull; Calm the patient and ask him not to move<br />\r\n&bull; Try to keep the injury still with your hands until it is well fixed and the patient can do this by himself<br />\r\n&bull; Do not move the patient until the injury is established unless he is at risk<br />\r\n&bull; If you are waiting for the <strong>ambulance</strong>, try to keep the injury only and do not tie any bandage (splints) around the injured limb.<br />\r\n&bull; Cover open wounds<br />\r\n&bull; Do not allow the patient to eat or drink because he may need surgery</p>\r\n\r\n<p><strong>If the injury is in the upper limb:</strong><br />\r\n&bull; Secure the arm in a sling as a support sling is usually used to stabilize forearm or collarbone injuries<br />\r\n&bull; If the patient is in excruciating pain, or the rotation or nerves in the affected limb are damaged, or the patient has difficulty breathing, or if you are not sure what to do You have to call an <strong>ambulance</strong><br />\r\n&bull; Try to take the patient to the <strong>hospital</strong></p>\r\n\r\n<p><strong>If the injury is in the lower extremity:</strong><br />\r\n&bull; Call 911 and keep the patient still and warm<br />\r\n&bull; If the ambulance will be delayed (if you are in a remote area, for example) prove the injury by using a band that connects the healthy limb to the injured limb<br />\r\n&bull; Ensure the integrity of the circulatory system in the place following the injury or any band tied around the lower limb. Relax the gang if necessary</p>'),
(125,	63,	'ar',	'إلتواء',	'<p><strong>الإلتواء </strong></p>\r\n\r\n<p>الالتواء هو إصابة لرباط في مفصل .</p>\r\n\r\n<p><strong>الإسعافات</strong></p>\r\n\r\n<p>أوائل حروف خطوات العلاج مجموعة في كلمة <strong><span dir=\"LTR\">RICE</span></strong></p>\r\n\r\n<ul>\r\n	<li><strong>الراحة</strong> <span dir=\"LTR\">:</span><strong><span dir=\"LTR\">Rest</span></strong>أرح الإصابة (مثلا: لا تسمح للاعب الرياضة أن يكمل اللعب بعد تعرضه للإصابة فمن الأفضل أن يستريح الآن على أن تفوته عشر مباريات في المستقبل.</li>\r\n	<li><strong>الثلج </strong><strong><span dir=\"LTR\">:</span></strong><strong><span dir=\"LTR\">Ice</span></strong>ضع كيساً من الثلج على الإصابة بأسرع وقت ممكن حيث يساعد ذلك على تخفيف الورم مما يؤدي لسرعة شفاء الإصابة وقم بوضع قطعة قماش نظيفة أو عصابة مثلثية الشكل بين الجلد و كيس الثلج<span dir=\"LTR\">.</span> و للحصول على أفضل النتائج كرر وضع كيس الثلج لمدة عشر دقائق كل ساعتين لفترة &nbsp;24 ساعة</li>\r\n	<li><strong>الضغط </strong><strong><span dir=\"LTR\">:</span></strong><strong><span dir=\"LTR\">Compression</span></strong>قم بربط عصابة قوية (غير مطاطة) على مكان الإصابة حيث يساعد ذلك على تقليل التورم<span dir=\"LTR\">.</span> يمكن ربط العصابة حول كيس ثلج مسحوق لمدة عشر دقائق بعد الإصابة</li>\r\n	<li><strong>الرفع </strong><strong><span dir=\"LTR\">:</span></strong><strong><span dir=\"LTR\">Elevation</span></strong>ارفع مكان الإصابة ليساعد ذلك على خفض درجة التورم<br />\r\n	<strong>تذكر</strong><strong><span dir=\"LTR\"> :</span></strong> الكسور الصغيرة يمكن أن تلتبس مع الإجهاد و الالتواء و تعتبر الأشعة السينية الطريقة الوحيدة لاستبعاد حدوث كسر و لذلك خذ المريض إلى المشفى</li>\r\n	<li><span dir=\"LTR\">يمكن اخذ بعض الدواء الذى يحتوى على مادة <strong>الديكلوفيناك</strong>.</span></li>\r\n	<li><strong>تحذير</strong> :<strong>عليك أن تقوم بتغليف كيس الثلج بقطعة قماش قبل وضعها على الجرح لمنع حدوث تثليج(قضمة برد) في الأصابع وقم بوضع الثلج لمدة أقصاها 10 دقائق ثم اترك الجلد يعود لدرجة الحرارة الطبيعية قبل أن تضع الثلج مرة أخرى</strong></li>\r\n</ul>\r\n\r\n<p>&nbsp;</p>\r\n\r\n<p>&nbsp;</p>\r\n\r\n<p>&nbsp;</p>\r\n\r\n<p>&nbsp;</p>'),
(126,	63,	'en',	'torsion',	'<p><strong>torsion</strong></p>\r\n\r\n<p>A torsionis an injury to a ligament in a joint.<br />\r\n<strong>first aid</strong><br />\r\nThe first letters of the treatment steps are set in the word <strong>RICE</strong><br />\r\n&bull; <strong>Rest</strong>: Rest the injury (eg: do not allow a sports player to continue playing after an injury, it is better to rest now than to miss ten matches in the future.<br />\r\n&bull; <strong>Ice</strong>: Put an ice bag on the injury as soon as possible, as this helps reduce the swelling, which leads to faster healing of the injury. Place a clean piece of cloth or a triangular ring between the skin and the ice bag. For best results, repeat the application of the ice pack for ten minutes every two hours for a period of 24 hours<br />\r\n<strong>Compression</strong>: Tie a strong bandage (not elastic) to the injury site, as this helps reduce swelling. The blindfold can be tied around a bag of crushed ice for ten minutes after the injury<br />\r\n<strong>Elevation</strong>: Elevate the place of injury to help reduce the degree of swelling<br />\r\n<strong>Remember</strong>: small fractures can be confused with strains and sprains, and an X-ray is the only way to rule out a fracture, so take the patient to the hospital.</p>\r\n\r\n<p>*Some medicine that contains <strong>diclofenac Na&nbsp;</strong>can be taken.<br />\r\n<strong>Warning: You must wrap the ice pack with a cloth before placing it on the wound to prevent frostbite (cold bite) on the fingers. Apply the ice for a maximum of 10 minutes, then let the skin return to its normal temperature before applying the ice again.</strong></p>'),
(127,	64,	'ar',	'إجهاد',	'<p><strong>الإجهاد</strong></p>\r\n\r\n<p><strong>الإجهاد</strong> هو إصابة تحدث للعضلات وعادةً ما تؤدي حركة ليّ (ثني) عنيفة للمفصل إلى انثناء مفرط فيه مما يؤدي إلى تمزق العضلات و الأربطة المحيطة .<br />\r\nيصعب التمييز بين الكسور الصغيرة من جهة و الإجهاد و الالتواء من جهة أخرى<span dir=\"LTR\"> .</span><br />\r\nفإذا لم تكن واثقاً من التشخيص فقم بعلاج الإصابة على أنها كسر إذ أن الطريقة الوحيدة لاستبعاد احتمال الكسرهي الأشعة السينية</p>\r\n\r\n<p><strong>الإسعافات</strong></p>\r\n\r\n<ul>\r\n	<li><strong>الراحة</strong> <span dir=\"LTR\">:</span><strong><span dir=\"LTR\">Rest</span></strong>أرح الإصابة (مثلا: لا تسمح للاعب الرياضة أن يكمل اللعب بعد تعرضه للإصابة فمن الأفضل أن يستريح الآن على أن تفوته عشر مباريات في المستقبل.</li>\r\n	<li><strong>الثلج </strong><strong><span dir=\"LTR\">:</span></strong><strong><span dir=\"LTR\">Ice</span></strong>ضع كيساً من الثلج على الإصابة بأسرع وقت ممكن حيث يساعد ذلك على تخفيف الورم مما يؤدي لسرعة شفاء الإصابة وقم بوضع قطعة قماش نظيفة أو عصابة مثلثية الشكل بين الجلد و كيس الثلج<span dir=\"LTR\">.</span> و للحصول على أفضل النتائج كرر وضع كيس الثلج لمدة عشر دقائق كل ساعتين لفترة &nbsp;24 ساعة</li>\r\n	<li><strong>الضغط </strong><strong><span dir=\"LTR\">:</span></strong><strong><span dir=\"LTR\">Compression</span></strong>قم بربط عصابة قوية (غير مطاطة) على مكان الإصابة حيث يساعد ذلك على تقليل التورم<span dir=\"LTR\">.</span> يمكن ربط العصابة حول كيس ثلج مسحوق لمدة عشر دقائق بعد الإصابة</li>\r\n	<li><strong>الرفع </strong><strong><span dir=\"LTR\">:</span></strong><strong><span dir=\"LTR\">Elevation</span></strong>ارفع مكان الإصابة ليساعد ذلك على خفض درجة التورم<br />\r\n	<strong>تذكر</strong><strong><span dir=\"LTR\"> :</span></strong> الكسور الصغيرة يمكن أن تلتبس مع الإجهاد و الالتواء و تعتبر الأشعة السينية الطريقة الوحيدة لاستبعاد حدوث كسر و لذلك خذ المريض إلى المشفى<span dir=\"LTR\">.</span></li>\r\n	<li><strong>تحذير</strong> :<strong>عليك أن تقوم بتغليف كيس الثلج بقطعة قماش قبل وضعها على الجرح لمنع حدوث تثليج(قضمة برد) في الأصابع وقم بوضع الثلج لمدة أقصاها 10 دقائق ثم اترك الجلد يعود لدرجة الحرارة الطبيعية قبل أن تضع الثلج مرة أخرى</strong></li>\r\n</ul>\r\n\r\n<p>&nbsp;</p>'),
(128,	64,	'en',	'fatigue',	'<p><strong>fatigue</strong></p>\r\n\r\n<p>A strain is an injury that occurs to the muscles and usually a violent twisting (flexion) movement of the joint leads to excessive flexion in it, which leads to the rupture of the surrounding muscles and ligaments.<br />\r\nIt is difficult to distinguish between small fractures on the one hand and stress and sprains on the other.<br />\r\nIf you are not sure of the diagnosis, treat the injury as a fracture, as the only way to rule out the possibility of a fracture is an X-ray.<br />\r\n<strong>first aid</strong><br />\r\n&bull; <strong>Rest</strong>: Rest the injury (eg: do not allow a sports player to continue playing after an injury, it is better to rest now than to miss ten matches in the future.<br />\r\n&bull; <strong>Ice</strong>: Put an ice bag on the injury as soon as possible, as this helps reduce the swelling, which leads to faster healing of the injury. Place a clean piece of cloth or a triangular ring between the skin and the ice bag. For best results, repeat the application of the ice pack for ten minutes every two hours for a period of 24 hours<br />\r\n<strong>Compression</strong>: Tie a strong bandage (not elastic) to the injury site, as this helps reduce swelling. The blindfold can be tied around a bag of crushed ice for ten minutes after the injury<br />\r\n<strong>Elevation</strong>: Elevate the place of injury to help reduce the degree of swelling<br />\r\n<strong>Remember</strong>: small fractures can be confused with strains and sprains, and an X-ray is the only way to rule out a fracture, so take the patient to the hospital.<br />\r\n<strong>Warning: You must wrap the ice pack with a cloth before placing it on the wound to prevent frostbite (cold bite) on the fingers. Apply the ice for a maximum of 10 minutes, then let the skin return to its normal temperature before applying the ice again.</strong></p>'),
(129,	65,	'ar',	'إصابات العمود الفقرى ( الإصابات الشوكية )',	'<p><strong>إصابات العمود الفقرى ( الإصابات الشوكية )</strong></p>\r\n\r\n<p>تحدث مثل تلك الإصابات في حوالي <span dir=\"LTR\">%</span> 2من المرضى المصابين بأذية رضية<span dir=\"LTR\">.</span><br />\r\nو يبدو عددهم قليلاً بالنسبة للإصابات الأخرى إلا أن التعرف على الإصابة<br />\r\nو علاجها أمر أساسي لأن عدم علاج مثل هذه الإصابة يمكن أن يؤدي إلى شلل<br />\r\nالمريض بشكل دائم أو حتى إلى الموت. إن النخاع الشوكي هو امتداد لجذع<br />\r\nالدماغ و يسير ضمن العمود الفقري حيث تسير الأعصاب الهامة التي تتحكم</p>\r\n\r\n<p>بالتنفس و حركة الأطراف في النخاع الشوكي إن أضعف منطقة في العمود الفقري هي العنق و كذلك أكثر إصابات العمود الفقري خطورة هي الإصابات العنقية و ذلك بسب احتمال حدوث قطع في الأعصاب التي تتحكم بالتنفس<span dir=\"LTR\">.</span></p>\r\n\r\n<p><br />\r\n<span dir=\"LTR\"><strong>- </strong></span><strong>يحتمل حدوث إصابة في العمود الفقري إذا</strong><strong><span dir=\"LTR\">:</span></strong></p>\r\n\r\n<ul>\r\n	<li>تلقى المريض ضربة قوية على الرأس أو العنق أو الظهر (خصوصاً إذا فقد المريض وعيه)</li>\r\n	<li>وقع المريض من مكان مرتفع</li>\r\n	<li>&nbsp;غطسُ المريض في ماء ضحل</li>\r\n	<li>تعرضُ المريض لحادث ينتج عن اصطدام سريع(مثل حادث سيارة أو تلقي ضربة أسقطت المريض بقوة)</li>\r\n	<li>تعرضُ المريض لحوادث تؤدي إلى ضغط كبير على جسمه (كحواد التصادم أو التدافع العنيف للاعبي كرة القدم الأمريكية)</li>\r\n	<li>كان عند المصاب إصابات متعددة</li>\r\n	<li>أو إذا كان عندك أي شك بوجود إصابة</li>\r\n	<li>ألم في العنق أو الظهر بعد الحادث ( يمكن <strong>لمسكنات الألم</strong> أو الإصابات القوية في مناطق أخرى أن تخمد الألم في هذه المناطق لذا كن حذراً)</li>\r\n	<li>يمكن استخدام&nbsp;<strong>إيبوبروفين </strong>لتسكين الألم</li>\r\n	<li>&nbsp;</li>\r\n</ul>'),
(130,	65,	'en',	'Spinal injuries ',	'<p><strong>Spinal injuries&nbsp;</strong><br />\r\nSuch injuries occur in about 2% of patients with traumatic injury.<br />\r\nAnd their number seems small compared to other injuries, but the identification of the injury<br />\r\nAnd treating it is essential because not treating such an injury can lead to paralysis<br />\r\nsick permanently or even to death. The spinal cord is an extension of the stem<br />\r\nThe brain runs through the spine, where the important nerves that control<br />\r\nWith breathing and movement of the limbs in the spinal cord, the weakest area in the spine is the neck, and the most serious spinal injuries are cervical injuries, due to the possibility of cutting the nerves that control breathing.</p>\r\n\r\n<p>&nbsp;</p>\r\n\r\n<p><strong>A spinal injury is possible if:</strong><br />\r\n&bull; The patient received a strong blow to the head, neck or back (especially if the patient lost consciousness).<br />\r\nThe patient fell from a high place<br />\r\nThe patient immersed himself in shallow water<br />\r\n&bull; The patient had an accident resulting from a rapid collision (such as a car accident or receiving a blow that brought the patient down hard)<br />\r\n&bull; The patient has been exposed to accidents that put great pressure on his body (such as the collision or violent stampede of American football players).<br />\r\n&bull; The victim had multiple injuries<br />\r\n&bull; Or if you suspect that there is an injury<br />\r\n&bull; Pain in the neck or back after the accident (pain relievers or strong injuries in other areas can relieve pain in these areas, so be careful)</p>\r\n\r\n<p><strong>Ibuprofen </strong>can be used to relieve pain</p>'),
(131,	66,	'ar',	'إسعافات العمود الفقرى',	'<p><strong>أعراض إصابة العمود الفقرى</strong></p>\r\n\r\n<ul>\r\n	<li>ألم أو مضض في الظهر أو العنق</li>\r\n	<li>علامات حدو كسر في العنق أو الظهر</li>\r\n	<li>فقدان السيطرة على الأطراف عند أو أسفل مستوى الإصابة</li>\r\n	<li>انعدام الإحساس في الأطراف</li>\r\n	<li>يشعر المريض بأحاسيس غير طبيعية في الطرف مثل الشعور بحرقة أو وخز</li>\r\n	<li>صعوبة في التنفس</li>\r\n	<li>سَلَس (التبول و التبرز اللاإرادي )</li>\r\n</ul>\r\n\r\n<p><strong>إسعافات إصابة العمود الفقرى</strong></p>\r\n\r\n<p><strong>إذا كان المريض واعيا</strong>:ً</p>\r\n\r\n<ul>\r\n	<li>هدئ المريض و اطلب منه عدم التحرك</li>\r\n	<li>&nbsp;اترك المريض في الوضعية التي وجدته عليها ولا تسمح له بالتحرك إلا إذا كان معرضاً<br />\r\n	لخطر شديد</li>\r\n	<li>ثبت رأس المريض بيديك و حافظ على رأسه و عنقه على استقامة واحدة مع<br />\r\n	الجذع</li>\r\n	<li><strong>اتصل بالإسعاف</strong> و حافظ على المريض دافئاً و ساكناً حتى يصل الإسعاف</li>\r\n</ul>\r\n\r\n<p><br />\r\n<span dir=\"LTR\">-<strong> </strong></span><strong>إذا كان المريض غير واعٍ و يتنفس بشكل طبيعي</strong><strong><span dir=\"LTR\">:</span></strong></p>\r\n\r\n<ul>\r\n	<li>&nbsp;لا تحرك المريض إلا إذا كان في خطر شديد</li>\r\n	<li>إذا كان التنفس طبيعياً فهذا يعني أن المسالك الهوائية سليمة و بالتالي ليس هناك داعٍ<br />\r\n	لإمالة الرأس نحو الخلف .راقب التنفس بشكل مستمر<span dir=\"LTR\">.</span></li>\r\n	<li><strong>اتصل بالإسعاف</strong></li>\r\n	<li>ثبت الرأس بيديك و أبقه على استقامة واحدة مع العنق و الجذع</li>\r\n	<li>إذا كنت مضطراً لترك المريض أو بدأ المريض بالتقيؤ أو كان عندك قلق عن سلامة<br />\r\n	مجرى الهواء لأي سبب كان ضع المريـض في وضعية الإفاقة. حاول إبقاء الرأس<br />\r\n	و الجذع و العنق على استقامة واحدة أثناء تحريك المريض و اطلب المساعدة لفعل<br />\r\n	ذلك لأن تحريك المريض يحتاج لأكثر من شخص ليتم بشكل سليم<br />\r\n	<br />\r\n	<span dir=\"LTR\"><strong>- </strong></span><strong>إذا كان المريض فاقد الوعي و لا يتنفس بشكل طبيعي</strong><strong><span dir=\"LTR\">:</span></strong></li>\r\n	<li>&nbsp;يجب فتح مجرى الهواء في هذه الحالة و يمكن أن نقوم بإمالة الرأس بأقل قدر يسمح بمرور أنفاس تنقذ حياة المريض</li>\r\n	<li>تفقد التنفس مرة أخرى بعد فتح مجرى التنفس</li>\r\n	<li>إذا كان المريض عاجزاً عن التنفس بعد فتح مجرى الهواء <strong>اتصل بالإسعاف</strong> و ابدأ <strong>بالإنعاش</strong></li>\r\n	<li>اطلب المساعدة مــِمــّــن حولك لتثبيت رأس المريض أثناء قيامك بالإنعاش<br />\r\n	<strong>تذكر :</strong> من المؤسف أن يؤدي <strong>الإنعاش</strong> الناجح لمصاب في الرقبة إلى <strong>الإصابة بالشلل</strong> ولكن في المقابل <strong>سيموت</strong> المريض إذا <strong>فشلت </strong>في الحفاظ على تهوية كافية للرئتين</li>\r\n</ul>\r\n\r\n<p>&nbsp;</p>\r\n\r\n<ul>\r\n	<li>يمكن أن يغلق مجرى التنفس بعد الإقياء أو بسبب اللسان الراجع نحو الخلف عند المريض<br />\r\n	الفاقد للوعي و المستلقي على ظهره. نضع المريض غير المصاب بإصابة في العمود الفقري في وضعية إعادة الوعي لحماية مجرى التنفس ولكن يجب الحذر من تحريك العمود الفقري في حال الشك بوجود إصابة فيه. ليس عليك أن تحرك المريض إذا وجدته مستلقيا على جانبه (و ليس على ظهره) .</li>\r\n</ul>\r\n\r\n<p>&nbsp;</p>\r\n\r\n<ul>\r\n	<li><strong><span dir=\"LTR\">- </span></strong><strong>مناورة الدحرجة</strong><strong><span dir=\"LTR\">:</span></strong><br />\r\n	يجب أن يستلقي المريض على جانبه في حال كنت مضطراً لترك المريض أو تقيأ المريض<br />\r\n	أو إذا كـنت قلقـاً بشأن سلامة مجاري التنفس لأي سبب كان كما يجب إبـقاء الجذع<br />\r\n	و العنق و الرأس على استقامة واحدة أثناء تحريك المريض إلى هذه الوضعية و تعتبر<br />\r\n	مناورة الدحرجة من أفضل الطرق المتبعة لجعل المريض المصاب في عموده الفقري<br />\r\n	يستلقي على جانبه ولكنها تحتاج إلى ثلاثة مساعدين على الأقل. ثبت رأس المريض<br />\r\n	في وضعية تضمن بقاء الرأس و العنق و الجذع على استقامة واحدة<br />\r\n	يجب أن يجلس المساعدون على ركبهم على شكل صف بجانب المريض <span dir=\"LTR\">,</span>اطلب من<br />\r\n	المساعدين أن يعملوا بحذر على جعل أيدي و أقدام المريض مستقيمة . يجب على<br />\r\n	المساعدين أن يديروا المريض باتجاههم بعد أن تقوم بالعد و يجب أن يكون التنسيق<br />\r\n	بينكم جيداً حيث عليك أن تدير رأس المريض بحذر بحيث يتبع دوران الرأس دوران الجسم</li>\r\n</ul>'),
(132,	66,	'en',	'Spine First Aid',	'<p><strong>Spinal injury symptoms</strong><br />\r\nPain or tenderness in the back or neck<br />\r\n&bull; Signs of a broken neck or back<br />\r\n&bull; Loss of control of the extremities at or below the level of injury<br />\r\n&bull; Lack of sensation in the extremities<br />\r\n&bull; The patient feels abnormal sensations in the limb, such as burning or tingling<br />\r\n&bull;&nbsp;&nbsp; &nbsp;breathing difficulties<br />\r\nIncontinence (involuntary urination and defecation)<br />\r\n<strong>Spinal injury first aid<br />\r\nIf the patient is conscious:</strong><br />\r\n&bull; Calm the patient and ask him not to move<br />\r\n&bull; Leave the patient in the position you found him in and do not allow him to move unless he is exposed<br />\r\nvery dangerous<br />\r\n&bull; Fix the patient&#39;s head with your hands and keep his head and neck in one straight line with<br />\r\nthe trunk<br />\r\n&bull; Call an ambulance and keep the patient warm and still until the ambulance arrives</p>\r\n\r\n<p><strong>If the patient is unconscious and breathing normally:</strong><br />\r\n&bull; Do not move the patient unless he is in serious danger<br />\r\n&bull; If breathing is normal, this means that the airways are healthy and therefore there is no need<br />\r\nTo tilt the head back. Monitor breathing continuously.<br />\r\n&bull;&nbsp;&nbsp; &nbsp;Call an ambulance<br />\r\n&bull; Hold the head with your hands and keep it in line with the neck and torso<br />\r\n&bull; If you have to leave the patient or the patient begins to vomit or you are concerned about safety<br />\r\nAirway for any reason put the patient in the recovery position. Try to keep the head<br />\r\nThe torso and neck are in one straight line while moving the patient and ask for help to do this<br />\r\nThis is because the patient needs more than one person to move the patient properly</p>\r\n\r\n<p><strong>If the patient is unconscious and is not breathing normally:</strong><br />\r\n&bull; The airway must be opened in this case and we can tilt the head as little as possible to allow breathing to save the patient&#39;s life<br />\r\n&bull; Take a breath again after opening your airway<br />\r\n&bull; If the patient is unable to breathe after opening the airway, call an ambulance and start CPR<br />\r\n&bull; Ask for help from those around you to stabilize the patient&#39;s head while you perform CPR<br />\r\n<strong>Remember: It is unfortunate that successful resuscitation of a neck casualty can lead to paralysis but in return the patient will die if you fail to maintain adequate ventilation of the lungs</strong></p>\r\n\r\n<p>&bull; The airway may be closed after vomiting or due to the tongue falling back in the patient<br />\r\nUnconscious and lying on his back. We put the patient without a spinal injury in the re-conscious position to protect the airway, but care must be taken not to move the spine if there is a suspicion of an injury. You do not have to move the patient if you find him lying on his side (not on his back).</p>\r\n\r\n<p><strong>&bull; - rolling maneuver:</strong><br />\r\nThe patient should lie on his side in case you have to leave the patient or the patient vomits<br />\r\nOr if you are concerned about the safety of the airways for any reason and the stump should be kept<br />\r\nThe neck and head are in one straight line while moving the patient to this position<br />\r\nRolling maneuver is one of the best ways to put a patient in the spine<br />\r\nHe lies on his side but she needs at least three helpers. Fix the patient&#39;s head<br />\r\nIn a position that ensures that the head, neck and torso remain in one straight line<br />\r\nThe assistants should sit on their knees in a row next to the patient, ask<br />\r\nHelpers should work carefully to keep the patient&#39;s hands and feet straight. I must<br />\r\nThe assistants must turn the patient towards them after you have counted, and coordination must be<br />\r\nBetween you well as you have to rotate the patient&#39;s head carefully so that the rotation of the head follows the rotation of the body</p>');

DROP TABLE IF EXISTS `first_aid_translations`;
CREATE TABLE `first_aid_translations` (
  `id` int(10) unsigned NOT NULL AUTO_INCREMENT,
  `first_aid_id` bigint(20) unsigned NOT NULL,
  `locale` varchar(191) COLLATE utf8mb4_unicode_ci NOT NULL,
  `name` varchar(191) COLLATE utf8mb4_unicode_ci NOT NULL,
  PRIMARY KEY (`id`),
  UNIQUE KEY `first_aid_translations_first_aid_id_locale_unique` (`first_aid_id`,`locale`),
  KEY `first_aid_translations_locale_index` (`locale`),
  CONSTRAINT `first_aid_translations_first_aid_id_foreign` FOREIGN KEY (`first_aid_id`) REFERENCES `first_aids` (`id`) ON DELETE CASCADE ON UPDATE CASCADE
) ENGINE=InnoDB DEFAULT CHARSET=utf8mb4 COLLATE=utf8mb4_unicode_ci;

INSERT INTO `first_aid_translations` (`id`, `first_aid_id`, `locale`, `name`) VALUES
(1,	1,	'ar',	'الآم الرأس'),
(2,	1,	'en',	'head'),
(3,	2,	'ar',	'الجهاز التنفسى'),
(4,	2,	'en',	'Respiratory system'),
(5,	3,	'ar',	'الجروح'),
(6,	3,	'en',	'wounds'),
(7,	4,	'ar',	'إضطرابات الدورة الدموية'),
(8,	4,	'en',	'circulatory disorders'),
(9,	5,	'ar',	'الجلد'),
(10,	5,	'en',	'skin'),
(11,	6,	'ar',	'الكسور'),
(12,	6,	'en',	'fractions'),
(13,	7,	'ar',	'التسمم'),
(14,	7,	'en',	'poisoning'),
(15,	8,	'ar',	'الأجسام الغريبة'),
(16,	8,	'en',	'foreign bodies'),
(17,	9,	'ar',	'حوادث'),
(18,	9,	'en',	'Accidents'),
(19,	10,	'ar',	'الأمراض العصبية'),
(20,	10,	'en',	'Neurological diseases'),
(21,	11,	'ar',	'الجهاز الهضمى'),
(22,	11,	'en',	'Gastrointestinal tract'),
(23,	12,	'ar',	'المجرى البولى والتناسلى'),
(24,	12,	'en',	'Urinary and genital tract'),
(25,	13,	'ar',	'عضة الحيوانات'),
(26,	13,	'en',	'animals bite'),
(27,	14,	'ar',	'الحروق'),
(28,	14,	'en',	'burns'),
(29,	15,	'ar',	'الهيكل العظمى'),
(30,	15,	'en',	'The skeleton');

DROP TABLE IF EXISTS `migrations`;
CREATE TABLE `migrations` (
  `id` int(10) unsigned NOT NULL AUTO_INCREMENT,
  `migration` varchar(191) COLLATE utf8mb4_unicode_ci NOT NULL,
  `batch` int(11) NOT NULL,
  PRIMARY KEY (`id`)
) ENGINE=InnoDB DEFAULT CHARSET=utf8mb4 COLLATE=utf8mb4_unicode_ci;

INSERT INTO `migrations` (`id`, `migration`, `batch`) VALUES
(1,	'2014_10_12_000000_create_users_table',	1),
(2,	'2014_10_12_100000_create_password_resets_table',	1),
(3,	'2016_06_01_000001_create_oauth_auth_codes_table',	1),
(4,	'2016_06_01_000002_create_oauth_access_tokens_table',	1),
(5,	'2016_06_01_000003_create_oauth_refresh_tokens_table',	1),
(6,	'2016_06_01_000004_create_oauth_clients_table',	1),
(7,	'2016_06_01_000005_create_oauth_personal_access_clients_table',	1),
(8,	'2019_08_19_000000_create_failed_jobs_table',	1),
(9,	'2021_03_22_191340_laratrust_setup_tables',	1),
(10,	'2021_09_21_085542_create_notifications_table',	1),
(11,	'2021_10_21_172949_create_specials_table',	1),
(12,	'2021_11_21_171930_create_doctors_table',	1),
(13,	'2021_11_21_174715_create_patients_table',	1),
(14,	'2021_11_22_095454_create_doctor_verify_emails_table',	1),
(15,	'2021_11_22_110619_create_doctor_forget_emails_table',	1),
(16,	'2021_12_02_120433_create_patient_medicals_table',	1),
(17,	'2021_12_05_114428_create_doctor_personal_histories_table',	1),
(18,	'2021_12_06_124148_create_patient_personal_histories_table',	1),
(19,	'2021_12_09_134159_create_doctor_family_histories_table',	1),
(20,	'2021_12_09_155103_create_patient_family_histories_table',	1),
(21,	'2021_12_10_105355_create_doctor_travel_histories_table',	1),
(22,	'2021_12_10_133627_create_patient_travel_histories_table',	1),
(23,	'2021_12_12_110808_create_doctor_medical_reports_table',	1),
(24,	'2021_12_13_105532_create_patient_medical_reports_table',	1),
(25,	'2021_12_13_130031_create_firstaids_table',	1),
(26,	'2021_12_13_130219_create_firstaid_children_table',	1),
(27,	'2021_12_14_115157_create_emergencs_table',	1),
(28,	'2021_12_14_115738_create_emergenc_children_table',	1),
(29,	'2021_12_19_194048_create_first_aid_translations_table',	1),
(30,	'2021_12_19_211419_create_first_aid_child_translations_table',	1),
(31,	'2021_12_20_122949_create_emergenc_translations_table',	1),
(32,	'2021_12_20_130856_create_emergenc_child_translations_table',	1);

DROP TABLE IF EXISTS `notifications`;
CREATE TABLE `notifications` (
  `id` bigint(20) unsigned NOT NULL AUTO_INCREMENT,
  `bidder_id` bigint(20) unsigned DEFAULT NULL,
  `vehicle_id` bigint(20) unsigned DEFAULT NULL,
  `whowinner_id` bigint(20) unsigned DEFAULT NULL,
  `whowner_id` bigint(20) unsigned DEFAULT NULL,
  `title` varchar(191) COLLATE utf8mb4_unicode_ci DEFAULT NULL,
  `body` text COLLATE utf8mb4_unicode_ci,
  `read_at` date DEFAULT NULL,
  `created_at` timestamp NULL DEFAULT NULL,
  `updated_at` timestamp NULL DEFAULT NULL,
  PRIMARY KEY (`id`)
) ENGINE=InnoDB DEFAULT CHARSET=utf8mb4 COLLATE=utf8mb4_unicode_ci;


DROP TABLE IF EXISTS `oauth_access_tokens`;
CREATE TABLE `oauth_access_tokens` (
  `id` varchar(100) COLLATE utf8mb4_unicode_ci NOT NULL,
  `user_id` bigint(20) unsigned DEFAULT NULL,
  `client_id` bigint(20) unsigned NOT NULL,
  `name` varchar(191) COLLATE utf8mb4_unicode_ci DEFAULT NULL,
  `scopes` text COLLATE utf8mb4_unicode_ci,
  `revoked` tinyint(1) NOT NULL,
  `created_at` timestamp NULL DEFAULT NULL,
  `updated_at` timestamp NULL DEFAULT NULL,
  `expires_at` datetime DEFAULT NULL,
  PRIMARY KEY (`id`),
  KEY `oauth_access_tokens_user_id_index` (`user_id`)
) ENGINE=InnoDB DEFAULT CHARSET=utf8mb4 COLLATE=utf8mb4_unicode_ci;


DROP TABLE IF EXISTS `oauth_auth_codes`;
CREATE TABLE `oauth_auth_codes` (
  `id` varchar(100) COLLATE utf8mb4_unicode_ci NOT NULL,
  `user_id` bigint(20) unsigned NOT NULL,
  `client_id` bigint(20) unsigned NOT NULL,
  `scopes` text COLLATE utf8mb4_unicode_ci,
  `revoked` tinyint(1) NOT NULL,
  `expires_at` datetime DEFAULT NULL,
  PRIMARY KEY (`id`),
  KEY `oauth_auth_codes_user_id_index` (`user_id`)
) ENGINE=InnoDB DEFAULT CHARSET=utf8mb4 COLLATE=utf8mb4_unicode_ci;


DROP TABLE IF EXISTS `oauth_clients`;
CREATE TABLE `oauth_clients` (
  `id` bigint(20) unsigned NOT NULL AUTO_INCREMENT,
  `user_id` bigint(20) unsigned DEFAULT NULL,
  `name` varchar(191) COLLATE utf8mb4_unicode_ci NOT NULL,
  `secret` varchar(100) COLLATE utf8mb4_unicode_ci DEFAULT NULL,
  `provider` varchar(191) COLLATE utf8mb4_unicode_ci DEFAULT NULL,
  `redirect` text COLLATE utf8mb4_unicode_ci NOT NULL,
  `personal_access_client` tinyint(1) NOT NULL,
  `password_client` tinyint(1) NOT NULL,
  `revoked` tinyint(1) NOT NULL,
  `created_at` timestamp NULL DEFAULT NULL,
  `updated_at` timestamp NULL DEFAULT NULL,
  PRIMARY KEY (`id`),
  KEY `oauth_clients_user_id_index` (`user_id`)
) ENGINE=InnoDB DEFAULT CHARSET=utf8mb4 COLLATE=utf8mb4_unicode_ci;


DROP TABLE IF EXISTS `oauth_personal_access_clients`;
CREATE TABLE `oauth_personal_access_clients` (
  `id` bigint(20) unsigned NOT NULL AUTO_INCREMENT,
  `client_id` bigint(20) unsigned NOT NULL,
  `created_at` timestamp NULL DEFAULT NULL,
  `updated_at` timestamp NULL DEFAULT NULL,
  PRIMARY KEY (`id`)
) ENGINE=InnoDB DEFAULT CHARSET=utf8mb4 COLLATE=utf8mb4_unicode_ci;


DROP TABLE IF EXISTS `oauth_refresh_tokens`;
CREATE TABLE `oauth_refresh_tokens` (
  `id` varchar(100) COLLATE utf8mb4_unicode_ci NOT NULL,
  `access_token_id` varchar(100) COLLATE utf8mb4_unicode_ci NOT NULL,
  `revoked` tinyint(1) NOT NULL,
  `expires_at` datetime DEFAULT NULL,
  PRIMARY KEY (`id`),
  KEY `oauth_refresh_tokens_access_token_id_index` (`access_token_id`)
) ENGINE=InnoDB DEFAULT CHARSET=utf8mb4 COLLATE=utf8mb4_unicode_ci;


DROP TABLE IF EXISTS `password_resets`;
CREATE TABLE `password_resets` (
  `email` varchar(191) COLLATE utf8mb4_unicode_ci NOT NULL,
  `token` varchar(191) COLLATE utf8mb4_unicode_ci NOT NULL,
  `created_at` timestamp NULL DEFAULT NULL,
  KEY `password_resets_email_index` (`email`)
) ENGINE=InnoDB DEFAULT CHARSET=utf8mb4 COLLATE=utf8mb4_unicode_ci;


DROP TABLE IF EXISTS `patients`;
CREATE TABLE `patients` (
  `id` bigint(20) unsigned NOT NULL AUTO_INCREMENT,
  `full_name` varchar(191) COLLATE utf8mb4_unicode_ci NOT NULL,
  `phone` varchar(191) COLLATE utf8mb4_unicode_ci DEFAULT NULL,
  `email` varchar(191) COLLATE utf8mb4_unicode_ci DEFAULT NULL,
  `password` varchar(191) COLLATE utf8mb4_unicode_ci NOT NULL,
  `token` text COLLATE utf8mb4_unicode_ci,
  `dob` varchar(191) COLLATE utf8mb4_unicode_ci NOT NULL,
  `gender` varchar(191) COLLATE utf8mb4_unicode_ci NOT NULL,
  `token_firebase` varchar(191) COLLATE utf8mb4_unicode_ci DEFAULT NULL,
  `type` varchar(191) COLLATE utf8mb4_unicode_ci NOT NULL,
  `height` varchar(191) COLLATE utf8mb4_unicode_ci DEFAULT NULL,
  `blood_type` varchar(191) COLLATE utf8mb4_unicode_ci DEFAULT NULL,
  `smoking` tinyint(1) DEFAULT NULL,
  `alcohol` tinyint(1) DEFAULT NULL,
  `login` tinyint(1) NOT NULL DEFAULT '0',
  `serial_key` varchar(191) COLLATE utf8mb4_unicode_ci NOT NULL,
  `avatar` varchar(191) COLLATE utf8mb4_unicode_ci NOT NULL DEFAULT 'patient.png',
  `verified_email` tinyint(1) DEFAULT '1',
  `created_at` timestamp NULL DEFAULT NULL,
  `updated_at` timestamp NULL DEFAULT NULL,
  PRIMARY KEY (`id`),
  UNIQUE KEY `patients_phone_unique` (`phone`),
  UNIQUE KEY `patients_email_unique` (`email`)
) ENGINE=InnoDB DEFAULT CHARSET=utf8mb4 COLLATE=utf8mb4_unicode_ci;

INSERT INTO `patients` (`id`, `full_name`, `phone`, `email`, `password`, `token`, `dob`, `gender`, `token_firebase`, `type`, `height`, `blood_type`, `smoking`, `alcohol`, `login`, `serial_key`, `avatar`, `verified_email`, `created_at`, `updated_at`) VALUES
(34,	'Mohamed Adel',	'01017238583',	'mohamedadel.developer@gmail.com',	'$2y$10$mSf5uHyMufORpkKHKir/xOJgLXPXG/CmmEUujhi9Qyp1xEiZEKAN.',	'eyJ0eXAiOiJKV1QiLCJhbGciOiJIUzI1NiJ9.eyJpc3MiOiJodHRwOi8vcGhwbGFyYXZlbC02OTUwMTgtMjMwMDQ3NC5jbG91ZHdheXNhcHBzLmNvbS9hcGkvbG9naW4iLCJpYXQiOjE2NDE5NzEzOTcsIm5iZiI6MTY0MTk3MTM5NywianRpIjoieU1HZ29jY2o1YUxOcWZPYSIsInN1YiI6MzQsInBydiI6Ijc1Mjg5NTY3MTBkMWM3NWI2NzEzMGQ0ZTRjNWMwZWU5YTBhZWI2MTQiLCJ0eXBlIjoicGF0aWVudCJ9.Cfdb9BnaGoGSG21bz3iY_uT2tihnqpXbWQ6rWGskTGM',	'12/10/2000',	'Male',	NULL,	'patient',	NULL,	NULL,	NULL,	NULL,	1,	'21641854760',	'patient.png',	1,	'2022-01-10 22:46:00',	'2022-01-12 07:09:57'),
(35,	'Abo_Mesalam',	'01056996380',	'abdelrhman123@gmail.com',	'$2y$10$QNWTV94YW33u8yQV9xitlumJkRjpxGJIJ8R70hqcVeJ7nF2sbYtNq',	NULL,	'11/01/2022',	'Male',	NULL,	'patient',	'176',	'B',	0,	0,	0,	'11641915244',	'1926911641915590.jpg',	1,	'2022-01-11 15:34:04',	'2022-01-12 13:27:02'),
(36,	'أحمد محمد عبدالغني هلال',	'01208982814',	'am9514994@gmail.com',	'$2y$10$K7A6x2ubsV7Vg1DQR/pOWuJHptXbTWDpNAI8O911Ikj47wdnRihZi',	'eyJ0eXAiOiJKV1QiLCJhbGciOiJIUzI1NiJ9.eyJpc3MiOiJodHRwOi8vcGhwbGFyYXZlbC02OTUwMTgtMjMwMDQ3NC5jbG91ZHdheXNhcHBzLmNvbS9hcGkvcmVnaXN0ZXIiLCJpYXQiOjE2NDIwMDU3MjgsIm5iZiI6MTY0MjAwNTcyOCwianRpIjoiMmI2UFBPckNqWHk4cDNrNSIsInN1YiI6MzYsInBydiI6Ijc1Mjg5NTY3MTBkMWM3NWI2NzEzMGQ0ZTRjNWMwZWU5YTBhZWI2MTQiLCJ0eXBlIjoicGF0aWVudCJ9.DShLnspFlp9POxIIXDmJAtgFPSV_IUYfXKK-nnxT3-s',	'15/05/2021',	'Male',	NULL,	'patient',	NULL,	NULL,	NULL,	NULL,	1,	'81642005728',	'patient.png',	1,	'2022-01-12 16:42:08',	'2022-01-12 16:42:08'),
(37,	'Mohammed Helal',	'01093776491',	'Azola1819@gmail.com',	'$2y$10$96vweNX1LEK.gku3KvcW8.w9Utq7/3enEUYzU6vDdP91I/KCr8iYG',	'eyJ0eXAiOiJKV1QiLCJhbGciOiJIUzI1NiJ9.eyJpc3MiOiJodHRwOi8vcGhwbGFyYXZlbC02OTUwMTgtMjMwMDQ3NC5jbG91ZHdheXNhcHBzLmNvbS9hcGkvbG9naW4iLCJpYXQiOjE2NDIwMDU4MjAsIm5iZiI6MTY0MjAwNTgyMCwianRpIjoiQkh2YkdpUldnWDFsOXp2QiIsInN1YiI6MzcsInBydiI6Ijc1Mjg5NTY3MTBkMWM3NWI2NzEzMGQ0ZTRjNWMwZWU5YTBhZWI2MTQiLCJ0eXBlIjoicGF0aWVudCJ9.sk6iXFz7kQWUEnEtoeL7Hqa8_PKd52zOfmyGwWNylCM',	'16/01/1963',	'Male',	NULL,	'patient',	NULL,	NULL,	NULL,	NULL,	1,	'11642005750',	'patient.png',	1,	'2022-01-12 16:42:30',	'2022-01-12 16:43:40'),
(38,	'Abdelrhman mohamed abo mesalam',	'01026996791',	'abdelrhmanabomesalam@gmail.com',	'$2y$10$E2skNzmKCpA6Mkm3AnGpjeHA8.3sJGmGpZM8k1vfIXPFl.lZOjRim',	'eyJ0eXAiOiJKV1QiLCJhbGciOiJIUzI1NiJ9.eyJpc3MiOiJodHRwOi8vcGhwbGFyYXZlbC02OTUwMTgtMjMwMDQ3NC5jbG91ZHdheXNhcHBzLmNvbS9hcGkvbG9naW4iLCJpYXQiOjE2NDIwMDc1NzgsIm5iZiI6MTY0MjAwNzU3OCwianRpIjoiOEhSbWhzTFlxQkJnVnpFTiIsInN1YiI6MzgsInBydiI6Ijc1Mjg5NTY3MTBkMWM3NWI2NzEzMGQ0ZTRjNWMwZWU5YTBhZWI2MTQiLCJ0eXBlIjoicGF0aWVudCJ9.aSQiu7Dqq1INK118k-YOoATegE0NUR7NjE6K8AUwZkE',	'27/11/2000',	'Male',	NULL,	'patient',	'176',	'B',	0,	0,	1,	'81642007570',	'2240631642351850.jpg',	1,	'2022-01-12 17:12:50',	'2022-01-16 16:50:50'),
(39,	'Hagernabil',	'01147963928',	'hagernabil@gmail.com',	'$2y$10$oQG6dCX7q4D0QApOhPWuOOSZOgzPOOY6unDROK6yxTds9jfBplPeq',	'eyJ0eXAiOiJKV1QiLCJhbGciOiJIUzI1NiJ9.eyJpc3MiOiJodHRwOi8vcGhwbGFyYXZlbC02OTUwMTgtMjMwMDQ3NC5jbG91ZHdheXNhcHBzLmNvbS9hcGkvbG9naW4iLCJpYXQiOjE2NDIwMDc3NjEsIm5iZiI6MTY0MjAwNzc2MSwianRpIjoiNkdwZk5QV3RYaENEaXhJQSIsInN1YiI6MzksInBydiI6Ijc1Mjg5NTY3MTBkMWM3NWI2NzEzMGQ0ZTRjNWMwZWU5YTBhZWI2MTQiLCJ0eXBlIjoicGF0aWVudCJ9.9OwFgVVcQn_pPzg3gLyxML_EMXtFsh1lToosT7xoa54',	'20/11/1999',	'Male',	NULL,	'patient',	NULL,	NULL,	NULL,	NULL,	1,	'31642007737',	'patient.png',	1,	'2022-01-12 17:15:37',	'2022-01-12 17:16:01'),
(40,	'Shaimaa Adel Mohammed',	'01024166273',	'shimaaadel6700@gmail.com',	'$2y$10$tooXjZWnHdTcVC1Iclnpo.K2TKfIT5CAW1xHGiSiSMO03Za/ilLl2',	'eyJ0eXAiOiJKV1QiLCJhbGciOiJIUzI1NiJ9.eyJpc3MiOiJodHRwOi8vcGhwbGFyYXZlbC02OTUwMTgtMjMwMDQ3NC5jbG91ZHdheXNhcHBzLmNvbS9hcGkvbG9naW4iLCJpYXQiOjE2NDIwMDg0NTAsIm5iZiI6MTY0MjAwODQ1MCwianRpIjoiY1ozQXFLVW4ydEs0Sm9mUCIsInN1YiI6NDAsInBydiI6Ijc1Mjg5NTY3MTBkMWM3NWI2NzEzMGQ0ZTRjNWMwZWU5YTBhZWI2MTQiLCJ0eXBlIjoicGF0aWVudCJ9.iijtkBsJcglNSIt8ctCnvNkRHHOB-BF2jds6wsweDAY',	'18/09/2001',	'Female',	NULL,	'patient',	NULL,	NULL,	NULL,	NULL,	1,	'41642008428',	'patient.png',	1,	'2022-01-12 17:27:08',	'2022-01-12 17:27:30'),
(41,	'Habiba Khaled',	'01112209204',	'khaledhabiba152@gmail.com',	'$2y$10$lgDq3.nWtE0pzv96f0.f8uG1CV.Bqohjm0XiWHKF.HwOIBJrYMFOa',	'eyJ0eXAiOiJKV1QiLCJhbGciOiJIUzI1NiJ9.eyJpc3MiOiJodHRwOi8vcGhwbGFyYXZlbC02OTUwMTgtMjMwMDQ3NC5jbG91ZHdheXNhcHBzLmNvbS9hcGkvbG9naW4iLCJpYXQiOjE2NDIwMDk2MjAsIm5iZiI6MTY0MjAwOTYyMCwianRpIjoiOFFWRXBsUEllMEJiWVFETSIsInN1YiI6NDEsInBydiI6Ijc1Mjg5NTY3MTBkMWM3NWI2NzEzMGQ0ZTRjNWMwZWU5YTBhZWI2MTQiLCJ0eXBlIjoicGF0aWVudCJ9.IoSGfP15Y-7TIewXFblcGYwovXAtgSy4-lHtCHJ5gME',	'07/03/2000',	'Female',	NULL,	'patient',	'165',	'A',	0,	0,	1,	'31642009603',	'patient.png',	1,	'2022-01-12 17:46:43',	'2022-01-15 08:05:57'),
(42,	'shahera sobhy',	'01095663576',	'shaherasobhy890@gmail.com',	'$2y$10$cXjYiJAnHcab8UlLjCMMgOoS.7hykT9NWJIbVKmK4nwk7J0/7jZYG',	'eyJ0eXAiOiJKV1QiLCJhbGciOiJIUzI1NiJ9.eyJpc3MiOiJodHRwOi8vcGhwbGFyYXZlbC02OTUwMTgtMjMwMDQ3NC5jbG91ZHdheXNhcHBzLmNvbS9hcGkvbG9naW4iLCJpYXQiOjE2NDIwMDk3MTgsIm5iZiI6MTY0MjAwOTcxOCwianRpIjoiR1VKbExGZ1B3RFVHcXEyWSIsInN1YiI6NDIsInBydiI6Ijc1Mjg5NTY3MTBkMWM3NWI2NzEzMGQ0ZTRjNWMwZWU5YTBhZWI2MTQiLCJ0eXBlIjoicGF0aWVudCJ9.zFw-Zku-Nj3zVf7j_4EgBgjQQ66eWuiL2-QOZVlkcNM',	'12/01/2022',	'Female',	NULL,	'patient',	NULL,	NULL,	NULL,	NULL,	1,	'91642009692',	'patient.png',	1,	'2022-01-12 17:48:12',	'2022-01-12 17:48:38'),
(43,	'Omnia Elderiny',	'01012791480',	'omniaeldrieny@gmail.com',	'$2y$10$m.5S6EvjWC0EexewXwIck.T8UqzHjv799uKuHHJwtGl.1kUncd3Ri',	'eyJ0eXAiOiJKV1QiLCJhbGciOiJIUzI1NiJ9.eyJpc3MiOiJodHRwOi8vcGhwbGFyYXZlbC02OTUwMTgtMjMwMDQ3NC5jbG91ZHdheXNhcHBzLmNvbS9hcGkvbG9naW4iLCJpYXQiOjE2NDIwMTY2MjcsIm5iZiI6MTY0MjAxNjYyNywianRpIjoiWGpyNFlKNkc4UVo2bHJMWSIsInN1YiI6NDMsInBydiI6Ijc1Mjg5NTY3MTBkMWM3NWI2NzEzMGQ0ZTRjNWMwZWU5YTBhZWI2MTQiLCJ0eXBlIjoicGF0aWVudCJ9.Uvz5B_B17PQbonDHQPo0ZeiPTQYo0h59xoPPNxVNHnQ',	'17/09/2001',	'Female',	NULL,	'patient',	NULL,	NULL,	NULL,	NULL,	1,	'101642016611',	'patient.png',	1,	'2022-01-12 19:43:31',	'2022-01-12 19:43:47'),
(44,	'روان إبراهيم محمد',	'01154292959',	'Rawan.ibrahim2412@gmail.com',	'$2y$10$JVRhYEFX/5jL4nGeLEvJI.7BrIFJjfGFypOq9LIbqw2rjxbPBu.06',	'eyJ0eXAiOiJKV1QiLCJhbGciOiJIUzI1NiJ9.eyJpc3MiOiJodHRwOi8vcGhwbGFyYXZlbC02OTUwMTgtMjMwMDQ3NC5jbG91ZHdheXNhcHBzLmNvbS9hcGkvbG9naW4iLCJpYXQiOjE2NDIwMTgxOTIsIm5iZiI6MTY0MjAxODE5MiwianRpIjoiOThlRzZidlZxM2VGVUtMTyIsInN1YiI6NDQsInBydiI6Ijc1Mjg5NTY3MTBkMWM3NWI2NzEzMGQ0ZTRjNWMwZWU5YTBhZWI2MTQiLCJ0eXBlIjoicGF0aWVudCJ9.acV8tNxhlBdzUMzMZjzV10aYiqbmVPfRE7lMO7MLeSM',	'01/01/2002',	'Female',	NULL,	'patient',	NULL,	NULL,	NULL,	NULL,	1,	'11642018121',	'patient.png',	1,	'2022-01-12 20:08:41',	'2022-01-12 20:09:52'),
(45,	'enshrah mohamed',	'01014613552',	'shoshomenofy@gmail.com',	'$2y$10$mBaanfRnBgKA8S.A0bhUbe5MB0HrHFELUN65VcSBsTxdmbt/LgDUy',	'eyJ0eXAiOiJKV1QiLCJhbGciOiJIUzI1NiJ9.eyJpc3MiOiJodHRwOi8vcGhwbGFyYXZlbC02OTUwMTgtMjMwMDQ3NC5jbG91ZHdheXNhcHBzLmNvbS9hcGkvbG9naW4iLCJpYXQiOjE2NDIwMjAzNTcsIm5iZiI6MTY0MjAyMDM1NywianRpIjoiZWdBMVdXeTFnS2p2a2VmTiIsInN1YiI6NDUsInBydiI6Ijc1Mjg5NTY3MTBkMWM3NWI2NzEzMGQ0ZTRjNWMwZWU5YTBhZWI2MTQiLCJ0eXBlIjoicGF0aWVudCJ9.ZnegNNxLHtnsafx5KXop-BRQqg_TuBKspnUB7gj12rU',	'29/09/1977',	'Female',	NULL,	'patient',	NULL,	NULL,	NULL,	NULL,	1,	'31642020337',	'patient.png',	1,	'2022-01-12 20:45:37',	'2022-01-12 20:45:57'),
(46,	'Salma',	'01157588152',	'salmareda61199@gmail.com',	'$2y$10$5Zqrxfqi0x0tCYlXQvzGq.xt9h/gcDTVPcDHYG3CtXbaboF.KiB5.',	'eyJ0eXAiOiJKV1QiLCJhbGciOiJIUzI1NiJ9.eyJpc3MiOiJodHRwOi8vcGhwbGFyYXZlbC02OTUwMTgtMjMwMDQ3NC5jbG91ZHdheXNhcHBzLmNvbS9hcGkvbG9naW4iLCJpYXQiOjE2NDIwMjAzOTksIm5iZiI6MTY0MjAyMDM5OSwianRpIjoiOUZvbVViUzhOVVZReTJtbyIsInN1YiI6NDYsInBydiI6Ijc1Mjg5NTY3MTBkMWM3NWI2NzEzMGQ0ZTRjNWMwZWU5YTBhZWI2MTQiLCJ0eXBlIjoicGF0aWVudCJ9._3IMuF7CiTwq_Obun4_NY0EINPmEh8MTOkwdj7KOoDk',	'06/11/1999',	'Female',	NULL,	'patient',	NULL,	NULL,	NULL,	NULL,	1,	'71642020383',	'patient.png',	1,	'2022-01-12 20:46:23',	'2022-01-12 20:46:39'),
(47,	'Mahmoud Gamal',	'01091572547',	'Mahmoudgeme123456789@gmail.com',	'$2y$10$pnfBvu7kskSsP0QXQSl/7O9Uivs/uIMCm0/gzqaElSbue3h1vD5.u',	'eyJ0eXAiOiJKV1QiLCJhbGciOiJIUzI1NiJ9.eyJpc3MiOiJodHRwOi8vcGhwbGFyYXZlbC02OTUwMTgtMjMwMDQ3NC5jbG91ZHdheXNhcHBzLmNvbS9hcGkvbG9naW4iLCJpYXQiOjE2NDIwMjgwNjMsIm5iZiI6MTY0MjAyODA2MywianRpIjoiWTlVUGFZVjN1TmZ5U08yeCIsInN1YiI6NDcsInBydiI6Ijc1Mjg5NTY3MTBkMWM3NWI2NzEzMGQ0ZTRjNWMwZWU5YTBhZWI2MTQiLCJ0eXBlIjoicGF0aWVudCJ9.596sDCcDHgqfnFI46vNNkqRey2UeH4GVDkjYxzyuOUg',	'15/08/2000',	'Male',	NULL,	'patient',	NULL,	NULL,	NULL,	NULL,	1,	'51642028051',	'patient.png',	1,	'2022-01-12 22:54:11',	'2022-01-12 22:54:23'),
(48,	'khalid Elderiny',	'01149835347',	'khalidgamal126@yahoo.com',	'$2y$10$7AzzjmOb7f6y2Xhjz/XXT.WPVe5axySGLvPYzNBTYpoAdrC3fHSrK',	NULL,	'21/06/1999',	'Male',	NULL,	'patient',	NULL,	NULL,	NULL,	NULL,	0,	'01642044617',	'patient.png',	1,	'2022-01-13 03:30:17',	'2022-01-18 20:29:39'),
(49,	'Nada Ahmed Emara',	'01270944135',	'nedaahamada472@gmail.com',	'$2y$10$AA0X/YAzoxyw/LM0Uf39fesEir8AAgFSu0gUn9oJDH5qM3Ekb7mq2',	'eyJ0eXAiOiJKV1QiLCJhbGciOiJIUzI1NiJ9.eyJpc3MiOiJodHRwOi8vcGhwbGFyYXZlbC02OTUwMTgtMjMwMDQ3NC5jbG91ZHdheXNhcHBzLmNvbS9hcGkvbG9naW4iLCJpYXQiOjE2NDIwNjc2MzcsIm5iZiI6MTY0MjA2NzYzNywianRpIjoieEF2R1pLS3IyUnU5aFRGTyIsInN1YiI6NDksInBydiI6Ijc1Mjg5NTY3MTBkMWM3NWI2NzEzMGQ0ZTRjNWMwZWU5YTBhZWI2MTQiLCJ0eXBlIjoicGF0aWVudCJ9.LP8ZOA-eWRSOw_BK-4YaGi1wlIHP0g_E08O_Lpyn62w',	'20/01/2000',	'Female',	NULL,	'patient',	NULL,	NULL,	NULL,	NULL,	1,	'101642067604',	'patient.png',	1,	'2022-01-13 09:53:24',	'2022-01-13 09:53:57'),
(50,	'Mona Ahmed',	'01065238597',	'montaahmed88@gmail.com',	'$2y$10$K1vi3RgjsgFj98JVwXoceOzwQTQMg/8vp3C0QZFEDgZKNwq0C.OnC',	'eyJ0eXAiOiJKV1QiLCJhbGciOiJIUzI1NiJ9.eyJpc3MiOiJodHRwOi8vcGhwbGFyYXZlbC02OTUwMTgtMjMwMDQ3NC5jbG91ZHdheXNhcHBzLmNvbS9hcGkvbG9naW4iLCJpYXQiOjE2NDIwNzAwMTQsIm5iZiI6MTY0MjA3MDAxNCwianRpIjoiMUh6Q1ZXM1NtQzNrNnd3cSIsInN1YiI6NTAsInBydiI6Ijc1Mjg5NTY3MTBkMWM3NWI2NzEzMGQ0ZTRjNWMwZWU5YTBhZWI2MTQiLCJ0eXBlIjoicGF0aWVudCJ9.MRi_Ud_snsZhJpi-iRkQhaaxc1HuhuI1awyJby4YeeU',	'28/10/2002',	'Female',	NULL,	'patient',	'159',	'O',	0,	0,	1,	'11642069997',	'patient.png',	1,	'2022-01-13 10:33:17',	'2022-01-13 10:35:06'),
(51,	'MO ali',	'01029046433',	'mohamedaliamr2014@gmail.com',	'$2y$10$jhfjBGZUwYXwbHTecGqvyemmJ8zPKIt98jjUbBFNf2CoNuM5JUJ4C',	'eyJ0eXAiOiJKV1QiLCJhbGciOiJIUzI1NiJ9.eyJpc3MiOiJodHRwOi8vcGhwbGFyYXZlbC02OTUwMTgtMjMwMDQ3NC5jbG91ZHdheXNhcHBzLmNvbS9hcGkvbG9naW4iLCJpYXQiOjE2NDIwODQwMzgsIm5iZiI6MTY0MjA4NDAzOCwianRpIjoiVFV2emdlS3hLU3NEUTBMTiIsInN1YiI6NTEsInBydiI6Ijc1Mjg5NTY3MTBkMWM3NWI2NzEzMGQ0ZTRjNWMwZWU5YTBhZWI2MTQiLCJ0eXBlIjoicGF0aWVudCJ9.F601Y0O0yzknJT8bGZ9USAmmJ3gX6wLhFy9qMEUBV-Q',	'16/01/1998',	'Male',	NULL,	'patient',	NULL,	NULL,	NULL,	NULL,	1,	'21642084008',	'patient.png',	1,	'2022-01-13 14:26:48',	'2022-01-13 14:27:18'),
(52,	'Moaz',	'01124037932',	'moazment@gmail.com',	'$2y$10$XjVOj5aMrFrV/Fhy12T8dOUiJ4xDoyADa1gCZHcmWlTfLxjN1qMz2',	NULL,	'13/01/2022',	'Male',	NULL,	'patient',	NULL,	NULL,	NULL,	NULL,	0,	'01642087430',	'patient.png',	1,	'2022-01-13 15:23:50',	'2022-01-13 16:37:35'),
(53,	'héba abdelraouf',	'01113531837',	'heba.abdelraoufhassan@gmail.com',	'$2y$10$J3j12uOGyiAFyL46qIFbd.3snT7bW.U0yVQ7FCYYhdYcmZFUPd4Qi',	'eyJ0eXAiOiJKV1QiLCJhbGciOiJIUzI1NiJ9.eyJpc3MiOiJodHRwOi8vcGhwbGFyYXZlbC02OTUwMTgtMjMwMDQ3NC5jbG91ZHdheXNhcHBzLmNvbS9hcGkvbG9naW4iLCJpYXQiOjE2NDIwODc5ODgsIm5iZiI6MTY0MjA4Nzk4OCwianRpIjoiSjg0S2dBUnVkdk8yMDRHMSIsInN1YiI6NTMsInBydiI6Ijc1Mjg5NTY3MTBkMWM3NWI2NzEzMGQ0ZTRjNWMwZWU5YTBhZWI2MTQiLCJ0eXBlIjoicGF0aWVudCJ9.yyYVJ-e470KQlwmQM6Kgy0v5Q6ypBFMYM_VfzitgLT8',	'29/09/1994',	'Female',	NULL,	'patient',	NULL,	NULL,	NULL,	NULL,	1,	'11642087939',	'patient.png',	1,	'2022-01-13 15:32:19',	'2022-01-13 15:33:08'),
(54,	'Heba Abdelraouf',	'0111539134',	'heba.ibrahim@kashati.net',	'$2y$10$YPIwt3JTV4tyQnrBCxLy9uWMinbAqlvUMPJuY2PSluqSoN/oKaSgy',	'eyJ0eXAiOiJKV1QiLCJhbGciOiJIUzI1NiJ9.eyJpc3MiOiJodHRwOi8vcGhwbGFyYXZlbC02OTUwMTgtMjMwMDQ3NC5jbG91ZHdheXNhcHBzLmNvbS9hcGkvbG9naW4iLCJpYXQiOjE2NDIwOTAzNDcsIm5iZiI6MTY0MjA5MDM0NywianRpIjoic2JnUERRRTh4b2hZdUZDRiIsInN1YiI6NTQsInBydiI6Ijc1Mjg5NTY3MTBkMWM3NWI2NzEzMGQ0ZTRjNWMwZWU5YTBhZWI2MTQiLCJ0eXBlIjoicGF0aWVudCJ9.Y8vE-vGP1wyUkwUaZ6kODzR9KdrVwLTCLIhVqvk4yxc',	'29/09/1994',	'Female',	NULL,	'patient',	NULL,	NULL,	NULL,	NULL,	1,	'41642090330',	'patient.png',	1,	'2022-01-13 16:12:10',	'2022-01-13 16:12:27'),
(55,	'Alaa Amin',	'01011562517',	'alaaaminwasfy@gmail.com',	'$2y$10$psCD1XB4WKkG7i5uRBdeIOkIz6FsqNGuNpxcH7pOhFHK/SZwIJluS',	NULL,	'27/08/2001',	'Female',	NULL,	'patient',	NULL,	NULL,	NULL,	NULL,	0,	'101642100311',	'patient.png',	1,	'2022-01-13 18:58:31',	'2022-01-13 18:59:52'),
(56,	'Ahmed Ragab Ahmed',	'01003858299',	'ahmed935killer@gmail.com',	'$2y$10$edJfloQyGzhY3lNr4Xe8weoItzVsgXEjNa12hI34j119Q8GY1s4TC',	'eyJ0eXAiOiJKV1QiLCJhbGciOiJIUzI1NiJ9.eyJpc3MiOiJodHRwOi8vcGhwbGFyYXZlbC02OTUwMTgtMjMwMDQ3NC5jbG91ZHdheXNhcHBzLmNvbS9hcGkvbG9naW4iLCJpYXQiOjE2NDIxMDM0NTAsIm5iZiI6MTY0MjEwMzQ1MCwianRpIjoiWlBkdnlGZ080bldRZ0c2QyIsInN1YiI6NTYsInBydiI6Ijc1Mjg5NTY3MTBkMWM3NWI2NzEzMGQ0ZTRjNWMwZWU5YTBhZWI2MTQiLCJ0eXBlIjoicGF0aWVudCJ9.f_LJVDg05QoJzffyC7g6X732aMTSGC9Cg8b_0y-AjGM',	'01/01/2001',	'Male',	NULL,	'patient',	NULL,	NULL,	NULL,	NULL,	1,	'51642103429',	'4033141642103516.jpg',	1,	'2022-01-13 19:50:29',	'2022-01-13 19:51:56'),
(57,	'salma alaa',	'01141762764',	'alaasalma61@gmail.com',	'$2y$10$eiOVTZ9YtRkP.MSac/auU.8/OxphPSM2MJwfwHfBnyV516M9UMKsu',	'eyJ0eXAiOiJKV1QiLCJhbGciOiJIUzI1NiJ9.eyJpc3MiOiJodHRwOi8vcGhwbGFyYXZlbC02OTUwMTgtMjMwMDQ3NC5jbG91ZHdheXNhcHBzLmNvbS9hcGkvbG9naW4iLCJpYXQiOjE2NDIxNTc3MzAsIm5iZiI6MTY0MjE1NzczMCwianRpIjoiN25LMWFESmpIZHFmWHd4cyIsInN1YiI6NTcsInBydiI6Ijc1Mjg5NTY3MTBkMWM3NWI2NzEzMGQ0ZTRjNWMwZWU5YTBhZWI2MTQiLCJ0eXBlIjoicGF0aWVudCJ9.2Z3TD-0GpJpm9tAYcdBLYWlAPZw_LJDayLIehCFSzZU',	'24/08/2000',	'Female',	NULL,	'patient',	NULL,	NULL,	NULL,	NULL,	1,	'21642157704',	'patient.png',	1,	'2022-01-14 10:55:04',	'2022-01-14 10:55:30'),
(58,	'El Sayed El Sherbiny',	'01096769969',	'alshrbynyalsyd48@gmail.com',	'$2y$10$O/qrwt73QWtW9IdZRoPnZudkzOHhqK7ZYEPmM/.39muBkAxFNmnGy',	'eyJ0eXAiOiJKV1QiLCJhbGciOiJIUzI1NiJ9.eyJpc3MiOiJodHRwOi8vcGhwbGFyYXZlbC02OTUwMTgtMjMwMDQ3NC5jbG91ZHdheXNhcHBzLmNvbS9hcGkvbG9naW4iLCJpYXQiOjE2NDIxNTkwODYsIm5iZiI6MTY0MjE1OTA4NiwianRpIjoiaXRzUTBSTURMU3JUeHZDayIsInN1YiI6NTgsInBydiI6Ijc1Mjg5NTY3MTBkMWM3NWI2NzEzMGQ0ZTRjNWMwZWU5YTBhZWI2MTQiLCJ0eXBlIjoicGF0aWVudCJ9.d73151NSTcUyBxUErmNmpGn7DKyP44dB4dvwzgfMyLA',	'17/09/1984',	'Male',	NULL,	'patient',	NULL,	NULL,	NULL,	NULL,	1,	'51642159057',	'patient.png',	1,	'2022-01-14 11:17:37',	'2022-01-14 11:18:06'),
(59,	'Tarek El nashaar',	'01033442073',	'tarekelmshar@gmail.com',	'$2y$10$Dfj3QX0Th0de3koLBDO4guEtyHsFAoAMP9Otv7mdlSUrF4i.lyy5y',	'eyJ0eXAiOiJKV1QiLCJhbGciOiJIUzI1NiJ9.eyJpc3MiOiJodHRwOi8vcGhwbGFyYXZlbC02OTUwMTgtMjMwMDQ3NC5jbG91ZHdheXNhcHBzLmNvbS9hcGkvbG9naW4iLCJpYXQiOjE2NDIxNTkzNzYsIm5iZiI6MTY0MjE1OTM3NiwianRpIjoiZmc0TmMzZWdncThJMWg4QSIsInN1YiI6NTksInBydiI6Ijc1Mjg5NTY3MTBkMWM3NWI2NzEzMGQ0ZTRjNWMwZWU5YTBhZWI2MTQiLCJ0eXBlIjoicGF0aWVudCJ9.oNPWmfsxJ_TKPgwFwFCbXGdGCyGEIHGYGjc4zbGR0QI',	'24/09/1978',	'Male',	NULL,	'patient',	NULL,	NULL,	NULL,	NULL,	1,	'01642159330',	'patient.png',	1,	'2022-01-14 11:22:10',	'2022-01-14 11:22:56'),
(60,	'Nora Hossam',	'01032153260',	'noor.ana804@gmail.com',	'$2y$10$GG6QvYXfUvPhGDwO7GueleArNxVa9Mo6GYvgQEOMy4fS6drvsoSTm',	'eyJ0eXAiOiJKV1QiLCJhbGciOiJIUzI1NiJ9.eyJpc3MiOiJodHRwOi8vcGhwbGFyYXZlbC02OTUwMTgtMjMwMDQ3NC5jbG91ZHdheXNhcHBzLmNvbS9hcGkvbG9naW4iLCJpYXQiOjE2NDIxOTg2NjgsIm5iZiI6MTY0MjE5ODY2OCwianRpIjoiZW9LMnFyUzFMcVBjSnhLWSIsInN1YiI6NjAsInBydiI6Ijc1Mjg5NTY3MTBkMWM3NWI2NzEzMGQ0ZTRjNWMwZWU5YTBhZWI2MTQiLCJ0eXBlIjoicGF0aWVudCJ9.iGydNVdsj5rX-wWRS4rq3Ev2-Khw1LEQMKHZ_eWL84s',	'06/01/1999',	'Female',	NULL,	'patient',	NULL,	NULL,	NULL,	NULL,	1,	'11642198651',	'patient.png',	1,	'2022-01-14 22:17:31',	'2022-01-14 22:17:48'),
(61,	'Mohamed Rezk',	'01097739029',	'algzarmohamed98@gmail.com',	'$2y$10$P6NRBY79VZCLF3sUwRhD8eVhQLGnaYNDyWEzZnAla8e3VdmAM5qTW',	'eyJ0eXAiOiJKV1QiLCJhbGciOiJIUzI1NiJ9.eyJpc3MiOiJodHRwOi8vcGhwbGFyYXZlbC02OTUwMTgtMjMwMDQ3NC5jbG91ZHdheXNhcHBzLmNvbS9hcGkvbG9naW4iLCJpYXQiOjE2NDIxOTg5MDYsIm5iZiI6MTY0MjE5ODkwNiwianRpIjoiSURsVEpLSDdxT0t1Q3g5cCIsInN1YiI6NjEsInBydiI6Ijc1Mjg5NTY3MTBkMWM3NWI2NzEzMGQ0ZTRjNWMwZWU5YTBhZWI2MTQiLCJ0eXBlIjoicGF0aWVudCJ9.kgsm3nOFOL_YBiUkTAGLe_w2mvbTLmGKvKrQ55vTEv8',	'13/11/1998',	'Male',	NULL,	'patient',	NULL,	NULL,	NULL,	NULL,	1,	'91642198890',	'patient.png',	1,	'2022-01-14 22:21:30',	'2022-01-14 22:21:46'),
(62,	'ibrahimfathi',	'0155374660',	'denowork1@gmail.com',	'$2y$10$XO4.TOt8pzgmknRr03P2HuOPLh8pcVRrp/FXTjXs3f3b1bMt.cNrG',	'eyJ0eXAiOiJKV1QiLCJhbGciOiJIUzI1NiJ9.eyJpc3MiOiJodHRwOi8vcGhwbGFyYXZlbC02OTUwMTgtMjMwMDQ3NC5jbG91ZHdheXNhcHBzLmNvbS9hcGkvbG9naW4iLCJpYXQiOjE2NDIxOTkzNjQsIm5iZiI6MTY0MjE5OTM2NCwianRpIjoiOGRJdTRvNmFWSDQzQ0tiQyIsInN1YiI6NjIsInBydiI6Ijc1Mjg5NTY3MTBkMWM3NWI2NzEzMGQ0ZTRjNWMwZWU5YTBhZWI2MTQiLCJ0eXBlIjoicGF0aWVudCJ9.jbXdPuTWnKBrAoOdcmoLA3_5B1JZiF91OtFb3q8O42w',	'14/01/2005',	'Male',	NULL,	'patient',	NULL,	NULL,	NULL,	NULL,	1,	'81642199347',	'patient.png',	1,	'2022-01-14 22:29:07',	'2022-01-14 22:29:24'),
(63,	'Mohamed Abdelnaser',	'01097734714',	'abonaser3401@gmail.com',	'$2y$10$NUcMikPgHA95t5iCWOopZ.946PIL19oxYEyGeGRKsXnyz6cBEGpOi',	'eyJ0eXAiOiJKV1QiLCJhbGciOiJIUzI1NiJ9.eyJpc3MiOiJodHRwOi8vcGhwbGFyYXZlbC02OTUwMTgtMjMwMDQ3NC5jbG91ZHdheXNhcHBzLmNvbS9hcGkvbG9naW4iLCJpYXQiOjE2NDIyMTIwODQsIm5iZiI6MTY0MjIxMjA4NCwianRpIjoiN1hOcWN1VHdrUEJrTTliYSIsInN1YiI6NjMsInBydiI6Ijc1Mjg5NTY3MTBkMWM3NWI2NzEzMGQ0ZTRjNWMwZWU5YTBhZWI2MTQiLCJ0eXBlIjoicGF0aWVudCJ9.c7dAj1OVdTddVPlRcn2x9pRciSjrnLs5rLLebO_2LtU',	'03/04/2001',	'Male',	NULL,	'patient',	NULL,	NULL,	NULL,	NULL,	1,	'11642212063',	'patient.png',	1,	'2022-01-15 02:01:03',	'2022-01-15 02:01:24'),
(64,	'esraa',	'01097056316',	'essraa2345@gmail.com',	'$2y$10$hwQ.CmWgjQHrk.p0dZBcNu9Bs.6.liV.PBcncVIrYQK3025VZJyS.',	'eyJ0eXAiOiJKV1QiLCJhbGciOiJIUzI1NiJ9.eyJpc3MiOiJodHRwOi8vcGhwbGFyYXZlbC02OTUwMTgtMjMwMDQ3NC5jbG91ZHdheXNhcHBzLmNvbS9hcGkvbG9naW4iLCJpYXQiOjE2NDIyMTY1NjMsIm5iZiI6MTY0MjIxNjU2MywianRpIjoicks0WllPcXN5aFc2RU9peSIsInN1YiI6NjQsInBydiI6Ijc1Mjg5NTY3MTBkMWM3NWI2NzEzMGQ0ZTRjNWMwZWU5YTBhZWI2MTQiLCJ0eXBlIjoicGF0aWVudCJ9.p4MkFjNupvYMlq0pQlVrXHiNj_x-3PyDypC_Nks09rs',	'14/01/2022',	'Female',	NULL,	'patient',	NULL,	NULL,	NULL,	NULL,	1,	'51642216527',	'patient.png',	1,	'2022-01-15 03:15:27',	'2022-01-15 03:16:03'),
(65,	'Hassan',	'01018440919',	'hassan.m.daboos@gmail.com',	'$2y$10$3YcbTp7rXWyaK2isSJm1ru7yEYevuE3wi1eeoqsrALXLpRMoc.Yoq',	'eyJ0eXAiOiJKV1QiLCJhbGciOiJIUzI1NiJ9.eyJpc3MiOiJodHRwOi8vcGhwbGFyYXZlbC02OTUwMTgtMjMwMDQ3NC5jbG91ZHdheXNhcHBzLmNvbS9hcGkvbG9naW4iLCJpYXQiOjE2NDIyMTg4NzIsIm5iZiI6MTY0MjIxODg3MiwianRpIjoiOTNVMzRRSUdDU1dTWHg1ZSIsInN1YiI6NjUsInBydiI6Ijc1Mjg5NTY3MTBkMWM3NWI2NzEzMGQ0ZTRjNWMwZWU5YTBhZWI2MTQiLCJ0eXBlIjoicGF0aWVudCJ9.eKrFBrl3VC5_NdcljhfuVEfZx7mW9fQEoFiRTNZmdsk',	'16/05/1997',	'Male',	NULL,	'patient',	NULL,	NULL,	NULL,	NULL,	1,	'91642218859',	'patient.png',	1,	'2022-01-15 03:54:19',	'2022-01-15 03:54:32'),
(66,	'Nada Ibrahim',	'01150561982',	'NShaheen3092@gmail.com',	'$2y$10$sam3Uupzvmysr9RCoXJ6n.hwSfcNGAnwowoyV6e60fZbTDSru85UO',	'eyJ0eXAiOiJKV1QiLCJhbGciOiJIUzI1NiJ9.eyJpc3MiOiJodHRwOi8vcGhwbGFyYXZlbC02OTUwMTgtMjMwMDQ3NC5jbG91ZHdheXNhcHBzLmNvbS9hcGkvbG9naW4iLCJpYXQiOjE2NDIyMzExMTYsIm5iZiI6MTY0MjIzMTExNiwianRpIjoibGgwSG1jNmtuVk9sUHA1cCIsInN1YiI6NjYsInBydiI6Ijc1Mjg5NTY3MTBkMWM3NWI2NzEzMGQ0ZTRjNWMwZWU5YTBhZWI2MTQiLCJ0eXBlIjoicGF0aWVudCJ9.1ovEy7I5dqRH9WVwaCFJK3svoSbYHE40RAyI66qmwOU',	'10/10/2001',	'Female',	NULL,	'patient',	NULL,	NULL,	NULL,	NULL,	1,	'101642231072',	'patient.png',	1,	'2022-01-15 07:17:52',	'2022-01-15 07:18:36'),
(67,	'Mohamed Hassan Elsayed',	'01016662260',	'mabdelwahed20200@gmail.com',	'$2y$10$qD3Ea4TLuw6RthS7XThBOujmF.nmPHEESxYWU9iSLQLhmP1HFR2bi',	'eyJ0eXAiOiJKV1QiLCJhbGciOiJIUzI1NiJ9.eyJpc3MiOiJodHRwOi8vcGhwbGFyYXZlbC02OTUwMTgtMjMwMDQ3NC5jbG91ZHdheXNhcHBzLmNvbS9hcGkvbG9naW4iLCJpYXQiOjE2NDIyMzEyMjUsIm5iZiI6MTY0MjIzMTIyNSwianRpIjoiY0p2dndpSVNLNHlyc1ZHRiIsInN1YiI6NjcsInBydiI6Ijc1Mjg5NTY3MTBkMWM3NWI2NzEzMGQ0ZTRjNWMwZWU5YTBhZWI2MTQiLCJ0eXBlIjoicGF0aWVudCJ9.ErJyQHDoElSNBrcucxIzRWxvre52yiMpuXmDKIkUt68',	'31/07/1992',	'Male',	NULL,	'patient',	NULL,	NULL,	NULL,	NULL,	1,	'11642231212',	'patient.png',	1,	'2022-01-15 07:20:12',	'2022-01-15 07:20:25'),
(68,	'manal',	'01143259774',	'manal_s_abd@cic-cairo.com',	'$2y$10$gf8vXOYZSFdAsG7wRT72bOVCReALXqA1R6FHXQn8lMhkoV1a3ycJW',	NULL,	'01/01/1993',	'Female',	NULL,	'patient',	NULL,	NULL,	NULL,	NULL,	0,	'31642233458',	'patient.png',	1,	'2022-01-15 07:57:38',	'2022-01-15 07:57:38'),
(69,	'Ibrahim khaled',	'01554055173',	'c.ibrahim258654@gmail.com',	'$2y$10$Snhr5HdZ5wwZHJ1vUSGRCeOchAOalGQolVtc6sYl6HCGor0xGSYRG',	'eyJ0eXAiOiJKV1QiLCJhbGciOiJIUzI1NiJ9.eyJpc3MiOiJodHRwOi8vcGhwbGFyYXZlbC02OTUwMTgtMjMwMDQ3NC5jbG91ZHdheXNhcHBzLmNvbS9hcGkvbG9naW4iLCJpYXQiOjE2NDIyMzYyMzQsIm5iZiI6MTY0MjIzNjIzNCwianRpIjoidGlmeFE0dU81UHV2cG5FRCIsInN1YiI6NjksInBydiI6Ijc1Mjg5NTY3MTBkMWM3NWI2NzEzMGQ0ZTRjNWMwZWU5YTBhZWI2MTQiLCJ0eXBlIjoicGF0aWVudCJ9.r2tFQPrF3F20pJioOcoOMZfGO0Eo3wNXH3mpBMROXIM',	'26/01/1998',	'Male',	NULL,	'patient',	NULL,	NULL,	NULL,	NULL,	1,	'21642236187',	'patient.png',	1,	'2022-01-15 08:43:07',	'2022-01-15 08:43:54'),
(70,	'amira',	'01207460636',	'amg18698@gmail.com',	'$2y$10$QMPOyVhAKEoM74exZ2SCcOCPEFjQt9JL2zYlBuPRN8OES.2FJHyYa',	'eyJ0eXAiOiJKV1QiLCJhbGciOiJIUzI1NiJ9.eyJpc3MiOiJodHRwOi8vcGhwbGFyYXZlbC02OTUwMTgtMjMwMDQ3NC5jbG91ZHdheXNhcHBzLmNvbS9hcGkvbG9naW4iLCJpYXQiOjE2NDIyMzY4NzYsIm5iZiI6MTY0MjIzNjg3NiwianRpIjoidWJCQVRsdnpoejFQTzNQciIsInN1YiI6NzAsInBydiI6Ijc1Mjg5NTY3MTBkMWM3NWI2NzEzMGQ0ZTRjNWMwZWU5YTBhZWI2MTQiLCJ0eXBlIjoicGF0aWVudCJ9.gNLgVuffEUBKBeuZKA0KS0DnAP5SeTdJ7yRBRWB3bM4',	'18/06/1998',	'Female',	NULL,	'patient',	NULL,	NULL,	NULL,	NULL,	1,	'101642236864',	'patient.png',	1,	'2022-01-15 08:54:24',	'2022-01-15 08:54:36'),
(71,	'Gehad Mohamed',	'01000397630',	'www.gmiza500@gmail.com',	'$2y$10$JWvI9rSpimf25/aRZligHOf8l5NYWqS01m4J8wsvZblMTeesusPTC',	'eyJ0eXAiOiJKV1QiLCJhbGciOiJIUzI1NiJ9.eyJpc3MiOiJodHRwOi8vcGhwbGFyYXZlbC02OTUwMTgtMjMwMDQ3NC5jbG91ZHdheXNhcHBzLmNvbS9hcGkvbG9naW4iLCJpYXQiOjE2NDIyMzgyMjIsIm5iZiI6MTY0MjIzODIyMiwianRpIjoiQ01XOTdTYmFWZXhHd1hNUCIsInN1YiI6NzEsInBydiI6Ijc1Mjg5NTY3MTBkMWM3NWI2NzEzMGQ0ZTRjNWMwZWU5YTBhZWI2MTQiLCJ0eXBlIjoicGF0aWVudCJ9.jhv5FX5dw8ewBKoRfEUIseVHjC5cGJ1OW6b0kNpKGOw',	'18/08/1998',	'Male',	NULL,	'patient',	NULL,	NULL,	NULL,	NULL,	1,	'41642238211',	'patient.png',	1,	'2022-01-15 09:16:51',	'2022-01-15 09:17:02'),
(72,	'للبببب',	'012524525788',	'mohamadelgamal2002.9.1@gmail.com',	'$2y$10$EB25tbAMTuNcGR7Q0DdtgeyO/o4QskWvjTG/5VEcqLc2MlYemTHbi',	NULL,	'14/12/2006',	'Male',	NULL,	'patient',	NULL,	NULL,	NULL,	NULL,	0,	'11642247328',	'patient.png',	1,	'2022-01-15 11:48:48',	'2022-01-15 11:50:19'),
(73,	'Mohamed Alaa',	'0116985231',	'mo742@gmail.com',	'$2y$10$jV1G8yh8fYr4rMqyfozn6ue.Mcx2m.GK47EapueKvbCeHF40yTrqK',	NULL,	'15/01/2000',	'Male',	NULL,	'patient',	NULL,	NULL,	NULL,	NULL,	0,	'61642248901',	'patient.png',	1,	'2022-01-15 12:15:01',	'2022-01-15 12:15:01'),
(74,	'Mohamed Alaa',	'010852147',	'mk123@gmail.com',	'$2y$10$N2ZjruSFXsBE0IrldyqD3.a2pJ0qKSVIFmHYHjSIgX/bPpnt82wZK',	'eyJ0eXAiOiJKV1QiLCJhbGciOiJIUzI1NiJ9.eyJpc3MiOiJodHRwOi8vcGhwbGFyYXZlbC02OTUwMTgtMjMwMDQ3NC5jbG91ZHdheXNhcHBzLmNvbS9hcGkvbG9naW4iLCJpYXQiOjE2NDIyNDg5NzgsIm5iZiI6MTY0MjI0ODk3OCwianRpIjoiU3pBZlF2VjNINlY3WndIYyIsInN1YiI6NzQsInBydiI6Ijc1Mjg5NTY3MTBkMWM3NWI2NzEzMGQ0ZTRjNWMwZWU5YTBhZWI2MTQiLCJ0eXBlIjoicGF0aWVudCJ9.F4tfqJC6lCSZqwo3C6d8lu9gIB0Gi9yoKjYdOigANoE',	'15/01/2000',	'Male',	NULL,	'patient',	NULL,	NULL,	NULL,	NULL,	1,	'71642248965',	'patient.png',	1,	'2022-01-15 12:16:05',	'2022-01-15 12:16:18'),
(75,	'Mostafa Elshnhab',	'01009642687',	'sasaelshnhab@gmail.com',	'$2y$10$PV17kgjeFfob/z8DRV98puPvtlu9G47kQjk7aNWKgXH5BrnigXNk.',	NULL,	'26/12/1997',	'Male',	NULL,	'patient',	NULL,	NULL,	NULL,	NULL,	0,	'01642250220',	'patient.png',	1,	'2022-01-15 12:37:00',	'2022-01-15 12:38:35'),
(76,	'عبدالله',	'07709431604',	'abd@gmail.com',	'$2y$10$oxGnipagIEbC3NW1KYGwre7hu4K.zqgE7Gv9/Qyv5Wl/j2UPDa132',	'eyJ0eXAiOiJKV1QiLCJhbGciOiJIUzI1NiJ9.eyJpc3MiOiJodHRwOi8vcGhwbGFyYXZlbC02OTUwMTgtMjMwMDQ3NC5jbG91ZHdheXNhcHBzLmNvbS9hcGkvbG9naW4iLCJpYXQiOjE2NDIyNTI5MjksIm5iZiI6MTY0MjI1MjkyOSwianRpIjoiWFNjdVRRbERtUk9KN0RVRSIsInN1YiI6NzYsInBydiI6Ijc1Mjg5NTY3MTBkMWM3NWI2NzEzMGQ0ZTRjNWMwZWU5YTBhZWI2MTQiLCJ0eXBlIjoicGF0aWVudCJ9.Fh8US-Ci4q1BhPZJOKSx_iw9GBnwrzGFRrDoZdLAx2c',	'15/01/2022',	'Male',	NULL,	'patient',	NULL,	NULL,	NULL,	NULL,	1,	'21642252898',	'6278641642338846.jpg',	1,	'2022-01-15 13:21:38',	'2022-01-16 13:14:06'),
(77,	'Mohamed',	'01001770870',	'dentist.redasalem@gmail.com',	'$2y$10$/VdDNyxTym1e3tMowkDzYOprk4yaJ0e.E.yssK.gNMPiMsY3iiGTK',	'eyJ0eXAiOiJKV1QiLCJhbGciOiJIUzI1NiJ9.eyJpc3MiOiJodHRwOi8vcGhwbGFyYXZlbC02OTUwMTgtMjMwMDQ3NC5jbG91ZHdheXNhcHBzLmNvbS9hcGkvbG9naW4iLCJpYXQiOjE2NDI0MTU0MTAsIm5iZiI6MTY0MjQxNTQxMCwianRpIjoib3pjZGRNR29HSjBMQjF3SCIsInN1YiI6NzcsInBydiI6Ijc1Mjg5NTY3MTBkMWM3NWI2NzEzMGQ0ZTRjNWMwZWU5YTBhZWI2MTQiLCJ0eXBlIjoicGF0aWVudCJ9.rXoN5XNQuCzjkJEIewJWBp6z-wuQ24DEKIhKlSJcuwo',	'06/11/1992',	'Male',	NULL,	'patient',	NULL,	NULL,	NULL,	NULL,	1,	'41642252904',	'patient.png',	1,	'2022-01-15 13:21:44',	'2022-01-17 10:30:10'),
(78,	'Moamen',	'01273308123',	'moamen.rabee@hotmail.com',	'$2y$10$QEcur76N6yrYa8uiWT8IlOY/jm2AKK/E7H5t8iemCjqoBSX11/BB.',	'eyJ0eXAiOiJKV1QiLCJhbGciOiJIUzI1NiJ9.eyJpc3MiOiJodHRwOi8vcGhwbGFyYXZlbC02OTUwMTgtMjMwMDQ3NC5jbG91ZHdheXNhcHBzLmNvbS9hcGkvbG9naW4iLCJpYXQiOjE2NDIyNTMwODMsIm5iZiI6MTY0MjI1MzA4MywianRpIjoiZ3kxQ0VzbExLY0xHQmtDdSIsInN1YiI6NzgsInBydiI6Ijc1Mjg5NTY3MTBkMWM3NWI2NzEzMGQ0ZTRjNWMwZWU5YTBhZWI2MTQiLCJ0eXBlIjoicGF0aWVudCJ9.Ii3n_O5laNVEzH8whLcmUoFUzaTzgeKS1wzBtdecRAU',	'15/01/2022',	'Male',	NULL,	'patient',	NULL,	NULL,	NULL,	NULL,	1,	'31642253051',	'patient.png',	1,	'2022-01-15 13:24:11',	'2022-01-15 13:24:43'),
(79,	'Mohamed Ayman',	'01552159417',	'modyhemead@gmail.com',	'$2y$10$fxTY4mjtt3iGvkIblw5I7u3/IAECr58.8qjJzu6ojyLvtsWQt9Ae2',	'eyJ0eXAiOiJKV1QiLCJhbGciOiJIUzI1NiJ9.eyJpc3MiOiJodHRwOi8vcGhwbGFyYXZlbC02OTUwMTgtMjMwMDQ3NC5jbG91ZHdheXNhcHBzLmNvbS9hcGkvbG9naW4iLCJpYXQiOjE2NDIyNTMxNzIsIm5iZiI6MTY0MjI1MzE3MiwianRpIjoiMm9TdlBad083ZnJXY0l6TyIsInN1YiI6NzksInBydiI6Ijc1Mjg5NTY3MTBkMWM3NWI2NzEzMGQ0ZTRjNWMwZWU5YTBhZWI2MTQiLCJ0eXBlIjoicGF0aWVudCJ9.9AFJpDLzR3AhPCL-l2chAOLqn6Q-9Uro3w8Mu7a9viY',	'01/01/2000',	'Male',	NULL,	'patient',	NULL,	NULL,	NULL,	NULL,	1,	'21642253162',	'patient.png',	1,	'2022-01-15 13:26:02',	'2022-01-15 13:26:12'),
(80,	'ahmed aldu',	'0916027922',	'alkls9343@gmail.com',	'$2y$10$MrlDkZYL4DxCL57pznNifej3Couw4MEKzcF9W9CXv2pHq8M9WwXha',	'eyJ0eXAiOiJKV1QiLCJhbGciOiJIUzI1NiJ9.eyJpc3MiOiJodHRwOi8vcGhwbGFyYXZlbC02OTUwMTgtMjMwMDQ3NC5jbG91ZHdheXNhcHBzLmNvbS9hcGkvbG9naW4iLCJpYXQiOjE2NDIyNTM3NzAsIm5iZiI6MTY0MjI1Mzc3MCwianRpIjoiRjBCUEVZeng2TzR1WXVKSiIsInN1YiI6ODAsInBydiI6Ijc1Mjg5NTY3MTBkMWM3NWI2NzEzMGQ0ZTRjNWMwZWU5YTBhZWI2MTQiLCJ0eXBlIjoicGF0aWVudCJ9.lRh5K26-0w2Sjviyb8C7XO9mgHlolt1JpwpXG7mZHl8',	'15/01/2022',	'Male',	NULL,	'patient',	NULL,	NULL,	NULL,	NULL,	1,	'91642253755',	'patient.png',	1,	'2022-01-15 13:35:55',	'2022-01-15 13:36:10'),
(81,	'Abdalhady Mohamed Abdalhady Abdelfatah',	'01140233262',	'abdalhadymohamed36@gmail.com',	'$2y$10$UdqmFFW4vHE/HO.Qhhtj7OvFLpdVfsajiWzoOspK9qZnIV3FJtscm',	'eyJ0eXAiOiJKV1QiLCJhbGciOiJIUzI1NiJ9.eyJpc3MiOiJodHRwOi8vcGhwbGFyYXZlbC02OTUwMTgtMjMwMDQ3NC5jbG91ZHdheXNhcHBzLmNvbS9hcGkvbG9naW4iLCJpYXQiOjE2NDIyNTQ1MDIsIm5iZiI6MTY0MjI1NDUwMiwianRpIjoiNUtLVHpZdzdtMkpreXlNSiIsInN1YiI6ODEsInBydiI6Ijc1Mjg5NTY3MTBkMWM3NWI2NzEzMGQ0ZTRjNWMwZWU5YTBhZWI2MTQiLCJ0eXBlIjoicGF0aWVudCJ9.R5PQx4HxrvF86bV5KDOFDIc-cTnxnAMGZxhmknRP6Rw',	'03/06/2001',	'Male',	NULL,	'patient',	NULL,	NULL,	NULL,	NULL,	1,	'21642254494',	'patient.png',	1,	'2022-01-15 13:48:14',	'2022-01-15 13:48:22'),
(82,	'Esraa',	'01212535184',	'esraakamal1211@gmail.com',	'$2y$10$YIAWohea77Je5Jr.HUQox.BE3eEtCrjSIXSjGw8j24KQZl88a0IiS',	'eyJ0eXAiOiJKV1QiLCJhbGciOiJIUzI1NiJ9.eyJpc3MiOiJodHRwOi8vcGhwbGFyYXZlbC02OTUwMTgtMjMwMDQ3NC5jbG91ZHdheXNhcHBzLmNvbS9hcGkvbG9naW4iLCJpYXQiOjE2NDIyNTQ2NDgsIm5iZiI6MTY0MjI1NDY0OCwianRpIjoiRWVYRlZ2cDM0Z3dVMm1WcyIsInN1YiI6ODIsInBydiI6Ijc1Mjg5NTY3MTBkMWM3NWI2NzEzMGQ0ZTRjNWMwZWU5YTBhZWI2MTQiLCJ0eXBlIjoicGF0aWVudCJ9.hCo8IyH9T2h4DWyKimjWR8Vr5NiW7Bd-q950WmVP6L0',	'12/11/1998',	'Female',	NULL,	'patient',	NULL,	NULL,	NULL,	NULL,	1,	'41642254611',	'patient.png',	1,	'2022-01-15 13:50:11',	'2022-01-15 13:50:48'),
(83,	'Bassem Omar',	'01150095072',	'basemomar94@yahoo.com',	'$2y$10$JZecYCB/H/Gn0wYxr7CUze/KJ.OEW3GrXzyO94FFwHFfPiuSyeqXC',	NULL,	'01/11/1994',	'Male',	NULL,	'patient',	'172',	'O',	1,	1,	0,	'31642256327',	'patient.png',	1,	'2022-01-15 14:18:47',	'2022-01-15 14:22:38'),
(84,	'Ali Talib',	'07813215448',	'alitalib1998ali1@gmail.com',	'$2y$10$Agq0LhwyHMuWvxZ3FmoQlu8QOs8YE58lHfvDoPvZgdpObg/VCqgyW',	'eyJ0eXAiOiJKV1QiLCJhbGciOiJIUzI1NiJ9.eyJpc3MiOiJodHRwOi8vcGhwbGFyYXZlbC02OTUwMTgtMjMwMDQ3NC5jbG91ZHdheXNhcHBzLmNvbS9hcGkvbG9naW4iLCJpYXQiOjE2NDIyNTY0ODQsIm5iZiI6MTY0MjI1NjQ4NCwianRpIjoiTmVDWFJiejdDZG1HRU9FZyIsInN1YiI6ODQsInBydiI6Ijc1Mjg5NTY3MTBkMWM3NWI2NzEzMGQ0ZTRjNWMwZWU5YTBhZWI2MTQiLCJ0eXBlIjoicGF0aWVudCJ9.9NLc2HdT7Iois2tMab0bEeFJeDnMogc67C-2NAuy8do',	'16/01/1998',	'Male',	NULL,	'patient',	NULL,	NULL,	NULL,	NULL,	1,	'41642256470',	'patient.png',	1,	'2022-01-15 14:21:10',	'2022-01-15 14:21:24'),
(85,	'asd asd',	'1111111111',	'haitha@las-ins.com',	'$2y$10$aXi2uavPdXFj1Tbzttj4q.LliWWKkJuqsX.uI4DDwn5.Wf5QgLRca',	NULL,	'15/01/2022',	'Male',	NULL,	'patient',	NULL,	NULL,	NULL,	NULL,	0,	'71642256510',	'patient.png',	1,	'2022-01-15 14:21:50',	'2022-01-15 14:21:51'),
(86,	'aaaaaa',	'00588888854',	'ggggg@ggggg.com',	'$2y$10$SBO80xpDsI2mbkdmPo8Ske/2npReoaQ3lk66SXuftRJwr1VRz0Kz6',	NULL,	'15/01/2022',	'Male',	NULL,	'patient',	NULL,	NULL,	NULL,	NULL,	0,	'41642257773',	'patient.png',	1,	'2022-01-15 14:42:53',	'2022-01-15 14:42:55'),
(87,	'aaaaaa',	'008888888',	'aaaa@aaaa.com',	'$2y$10$5zeyicBhWAIQKIajwVsteeMzbLhjbPnQFnE9llIugBMcsg.kJ.GXu',	'eyJ0eXAiOiJKV1QiLCJhbGciOiJIUzI1NiJ9.eyJpc3MiOiJodHRwOi8vcGhwbGFyYXZlbC02OTUwMTgtMjMwMDQ3NC5jbG91ZHdheXNhcHBzLmNvbS9hcGkvbG9naW4iLCJpYXQiOjE2NDIyNTc4NTAsIm5iZiI6MTY0MjI1Nzg1MCwianRpIjoiY2RGUExtc3RhTHl5RG5XWiIsInN1YiI6ODcsInBydiI6Ijc1Mjg5NTY3MTBkMWM3NWI2NzEzMGQ0ZTRjNWMwZWU5YTBhZWI2MTQiLCJ0eXBlIjoicGF0aWVudCJ9.bNPfHE3LSwzQyJ59J1RoZkwhqYOj93oSKYREF1EmePY',	'15/01/2022',	'Male',	NULL,	'patient',	NULL,	NULL,	NULL,	NULL,	1,	'41642257838',	'patient.png',	1,	'2022-01-15 14:43:58',	'2022-01-15 14:44:10'),
(88,	'xxx',	'1234553455868',	'xxx@xxx.xxxx',	'$2y$10$qXV7O9sIF3ld9TYIfGof.OD1XGv4ICu.j7KOp39Aao6FgTr7d/Nw.',	'eyJ0eXAiOiJKV1QiLCJhbGciOiJIUzI1NiJ9.eyJpc3MiOiJodHRwOi8vcGhwbGFyYXZlbC02OTUwMTgtMjMwMDQ3NC5jbG91ZHdheXNhcHBzLmNvbS9hcGkvbG9naW4iLCJpYXQiOjE2NDIyNTkxODMsIm5iZiI6MTY0MjI1OTE4MywianRpIjoiSjBaVVQ3V3dteFk2ZW1WciIsInN1YiI6ODgsInBydiI6Ijc1Mjg5NTY3MTBkMWM3NWI2NzEzMGQ0ZTRjNWMwZWU5YTBhZWI2MTQiLCJ0eXBlIjoicGF0aWVudCJ9.iMhU7dwr4sa-Gqu-2Izb53pP0IKeS2WWVCgFcPTkaXk',	'15/01/2022',	'Male',	NULL,	'patient',	NULL,	NULL,	NULL,	NULL,	1,	'11642259109',	'patient.png',	1,	'2022-01-15 15:05:09',	'2022-01-15 15:06:23'),
(89,	'عباس حسين',	'07736321902',	'mm9264128@gmail.com',	'$2y$10$9wENk/tZ9l/ICyPve7gLTu3jgg/RU/mVBrwDpgHsYtK6AyU4cqGwm',	'eyJ0eXAiOiJKV1QiLCJhbGciOiJIUzI1NiJ9.eyJpc3MiOiJodHRwOi8vcGhwbGFyYXZlbC02OTUwMTgtMjMwMDQ3NC5jbG91ZHdheXNhcHBzLmNvbS9hcGkvbG9naW4iLCJpYXQiOjE2NDIyNTk3NjMsIm5iZiI6MTY0MjI1OTc2MywianRpIjoiWnN5QVFPbUMzYmZDSm5laCIsInN1YiI6ODksInBydiI6Ijc1Mjg5NTY3MTBkMWM3NWI2NzEzMGQ0ZTRjNWMwZWU5YTBhZWI2MTQiLCJ0eXBlIjoicGF0aWVudCJ9.Q2KhvshCOS8UdNykrjgyb01anXatDeiPlawEEGIpf9A',	'09/01/2022',	'Male',	NULL,	'patient',	NULL,	NULL,	NULL,	NULL,	1,	'61642259741',	'patient.png',	1,	'2022-01-15 15:15:41',	'2022-01-15 15:16:03'),
(90,	'Mohmmed TAHER Al salem',	'550121031',	'iimohmd2006@gmail.com',	'$2y$10$W0mvgFEINmlGAiViVJGmbeRijFOMCxfImT6.LGUsFo7k5rzo09MDG',	'eyJ0eXAiOiJKV1QiLCJhbGciOiJIUzI1NiJ9.eyJpc3MiOiJodHRwOi8vcGhwbGFyYXZlbC02OTUwMTgtMjMwMDQ3NC5jbG91ZHdheXNhcHBzLmNvbS9hcGkvbG9naW4iLCJpYXQiOjE2NDIyNjAwMDQsIm5iZiI6MTY0MjI2MDAwNCwianRpIjoidVRyZURUWlFWcHBjTFNsZSIsInN1YiI6OTAsInBydiI6Ijc1Mjg5NTY3MTBkMWM3NWI2NzEzMGQ0ZTRjNWMwZWU5YTBhZWI2MTQiLCJ0eXBlIjoicGF0aWVudCJ9.Uq0p0jHiFDY5v9q3fENJu2EothVQ7N46JmdFz9Oa2tA',	'08/06/2006',	'Male',	NULL,	'patient',	NULL,	NULL,	NULL,	NULL,	1,	'51642259995',	'patient.png',	1,	'2022-01-15 15:19:55',	'2022-01-15 15:20:04'),
(91,	'ehapm3@gmail.com',	'011245765',	'ehapm1766@gmail.com',	'$2y$10$.NC7lLCN4xhcVgX3Eo9vrOa1e/qkVPHOef6DCocG6ov9eBTXLYly2',	'eyJ0eXAiOiJKV1QiLCJhbGciOiJIUzI1NiJ9.eyJpc3MiOiJodHRwOi8vcGhwbGFyYXZlbC02OTUwMTgtMjMwMDQ3NC5jbG91ZHdheXNhcHBzLmNvbS9hcGkvbG9naW4iLCJpYXQiOjE2NDIyNjA5NTIsIm5iZiI6MTY0MjI2MDk1MiwianRpIjoiRGxDUFd4U0h0TVZLaVlWZyIsInN1YiI6OTEsInBydiI6Ijc1Mjg5NTY3MTBkMWM3NWI2NzEzMGQ0ZTRjNWMwZWU5YTBhZWI2MTQiLCJ0eXBlIjoicGF0aWVudCJ9.XpexcVNwL7XHtxsEijl2KQAnOi8oMSBrJKAMBVYk20o',	'13/06/1999',	'Male',	NULL,	'patient',	NULL,	NULL,	NULL,	NULL,	1,	'41642260939',	'patient.png',	1,	'2022-01-15 15:35:39',	'2022-01-15 15:35:52'),
(92,	'beth ri',	'+21629529152',	'riadh.beth@gmail.com',	'$2y$10$xSm1S0svdu08myyBQH3Z9uvJUXPEmAtotGR5pjVfCUTb76LsCaLqG',	'eyJ0eXAiOiJKV1QiLCJhbGciOiJIUzI1NiJ9.eyJpc3MiOiJodHRwOi8vcGhwbGFyYXZlbC02OTUwMTgtMjMwMDQ3NC5jbG91ZHdheXNhcHBzLmNvbS9hcGkvbG9naW4iLCJpYXQiOjE2NDIyNjExMTgsIm5iZiI6MTY0MjI2MTExOCwianRpIjoiVWZ5STYzSGlzYm1yMnU3VSIsInN1YiI6OTIsInBydiI6Ijc1Mjg5NTY3MTBkMWM3NWI2NzEzMGQ0ZTRjNWMwZWU5YTBhZWI2MTQiLCJ0eXBlIjoicGF0aWVudCJ9.YyEV5xk2HHLCHg_82J8Jp5idxJs3WNdR5ft10WoDLag',	'03/10/1986',	'Male',	NULL,	'patient',	NULL,	NULL,	NULL,	NULL,	1,	'51642261084',	'patient.png',	1,	'2022-01-15 15:38:04',	'2022-01-15 15:38:38'),
(93,	'hassan',	'07717682341',	'hassanboy757@gmail.com',	'$2y$10$icSoh2wcb7al2PRKLsTv8OUWoRCjEL8vKwiF6ocDxTCRj5z/6VRqO',	'eyJ0eXAiOiJKV1QiLCJhbGciOiJIUzI1NiJ9.eyJpc3MiOiJodHRwOi8vcGhwbGFyYXZlbC02OTUwMTgtMjMwMDQ3NC5jbG91ZHdheXNhcHBzLmNvbS9hcGkvbG9naW4iLCJpYXQiOjE2NDIyNjE0ODUsIm5iZiI6MTY0MjI2MTQ4NSwianRpIjoiWEhxQ2Q5ZkwwMHkxeFFNUCIsInN1YiI6OTMsInBydiI6Ijc1Mjg5NTY3MTBkMWM3NWI2NzEzMGQ0ZTRjNWMwZWU5YTBhZWI2MTQiLCJ0eXBlIjoicGF0aWVudCJ9.PIsAAvVudwUhRKxsvjaxfeXPCd9MZG387HsvTAWMz9s',	'02/11/1998',	'Male',	NULL,	'patient',	NULL,	NULL,	NULL,	NULL,	1,	'11642261467',	'patient.png',	1,	'2022-01-15 15:44:27',	'2022-01-15 15:44:45'),
(94,	'yazanhmaed',	'07897219466',	'yhmaed58@gmail.com',	'$2y$10$U7baBEQfJVLfNK19h1CYrOsBqPhsm8ylkSn63my2RrrqSpumvm4yq',	'eyJ0eXAiOiJKV1QiLCJhbGciOiJIUzI1NiJ9.eyJpc3MiOiJodHRwOi8vcGhwbGFyYXZlbC02OTUwMTgtMjMwMDQ3NC5jbG91ZHdheXNhcHBzLmNvbS9hcGkvbG9naW4iLCJpYXQiOjE2NDIyNjU5NTcsIm5iZiI6MTY0MjI2NTk1NywianRpIjoicWswNHJUcGtCQk1HODh4ZCIsInN1YiI6OTQsInBydiI6Ijc1Mjg5NTY3MTBkMWM3NWI2NzEzMGQ0ZTRjNWMwZWU5YTBhZWI2MTQiLCJ0eXBlIjoicGF0aWVudCJ9.JnR5EQ1qCzbJ9uZVNG8UxFHbQ1Ji85IaSuTWmQCyCWI',	'05/01/1999',	'Male',	NULL,	'patient',	NULL,	NULL,	NULL,	NULL,	1,	'41642265944',	'patient.png',	1,	'2022-01-15 16:59:04',	'2022-01-15 16:59:17'),
(95,	'Salem Abdullah Mohamed',	'01096622386',	'salimabdullah1771@gmail.com',	'$2y$10$FE51m0pyT5rb6b8x/suDfOiFfuLQWi5Eckp8uG3TI4xhl/K6jID9i',	'eyJ0eXAiOiJKV1QiLCJhbGciOiJIUzI1NiJ9.eyJpc3MiOiJodHRwOi8vcGhwbGFyYXZlbC02OTUwMTgtMjMwMDQ3NC5jbG91ZHdheXNhcHBzLmNvbS9hcGkvbG9naW4iLCJpYXQiOjE2NDIyNjY0NDksIm5iZiI6MTY0MjI2NjQ0OSwianRpIjoiaTBGU2dHQXcwdGtuYjVlWCIsInN1YiI6OTUsInBydiI6Ijc1Mjg5NTY3MTBkMWM3NWI2NzEzMGQ0ZTRjNWMwZWU5YTBhZWI2MTQiLCJ0eXBlIjoicGF0aWVudCJ9.pg4riY2zJD-16lD_i_XEvytevAB1bXb1916u2twfaeU',	'07/05/2001',	'Male',	NULL,	'patient',	'175',	'O',	0,	0,	1,	'01642266438',	'patient.png',	1,	'2022-01-15 17:07:18',	'2022-01-15 17:11:22'),
(96,	'رضا المنوفى',	'01007941360',	'redaahmed435@gmail.com',	'$2y$10$Y6eEGekLVbDFDO3k9YOlmO4ijGP5iGDuc3MKTpG2piImZqukG1TT2',	'eyJ0eXAiOiJKV1QiLCJhbGciOiJIUzI1NiJ9.eyJpc3MiOiJodHRwOi8vcGhwbGFyYXZlbC02OTUwMTgtMjMwMDQ3NC5jbG91ZHdheXNhcHBzLmNvbS9hcGkvbG9naW4iLCJpYXQiOjE2NDIyNjY3NDEsIm5iZiI6MTY0MjI2Njc0MSwianRpIjoiTHhoQVlxS3pHN05McEREciIsInN1YiI6OTYsInBydiI6Ijc1Mjg5NTY3MTBkMWM3NWI2NzEzMGQ0ZTRjNWMwZWU5YTBhZWI2MTQiLCJ0eXBlIjoicGF0aWVudCJ9.FCMfb32f2fsirZ1NorbY5a0YIrnFknJWmOGO9hgqVEQ',	'15/01/2022',	'Male',	NULL,	'patient',	NULL,	NULL,	NULL,	NULL,	1,	'81642266694',	'patient.png',	1,	'2022-01-15 17:11:34',	'2022-01-15 17:12:21'),
(97,	'Mohamed',	'01029941259',	'mohamed.karam.ahmed2019@gmail.com',	'$2y$10$4DCs0O3nasO3OOZ93H1lSeHELgD5LvnhSIUmPDz7sZPgeAiO/ggEy',	'eyJ0eXAiOiJKV1QiLCJhbGciOiJIUzI1NiJ9.eyJpc3MiOiJodHRwOi8vcGhwbGFyYXZlbC02OTUwMTgtMjMwMDQ3NC5jbG91ZHdheXNhcHBzLmNvbS9hcGkvbG9naW4iLCJpYXQiOjE2NDIyNjczNDYsIm5iZiI6MTY0MjI2NzM0NiwianRpIjoiZHM2RG0yZE9xbWVuUlg2RCIsInN1YiI6OTcsInBydiI6Ijc1Mjg5NTY3MTBkMWM3NWI2NzEzMGQ0ZTRjNWMwZWU5YTBhZWI2MTQiLCJ0eXBlIjoicGF0aWVudCJ9.HXdVtRUdHKWni9rQKWzkKs-NdMATvBvz7f1ASk0SjCU',	'01/12/2001',	'Male',	NULL,	'patient',	NULL,	NULL,	NULL,	NULL,	1,	'01642267337',	'patient.png',	1,	'2022-01-15 17:22:17',	'2022-01-15 17:22:26'),
(98,	'شيرين  فتحى محمد',	'01212707184',	'tema_fathy@yahoo.com',	'$2y$10$yvf774pG0bunnt.UQs3KYuhYnWkWUYclMo31ufTur88gSqTl7BP/G',	'eyJ0eXAiOiJKV1QiLCJhbGciOiJIUzI1NiJ9.eyJpc3MiOiJodHRwOi8vcGhwbGFyYXZlbC02OTUwMTgtMjMwMDQ3NC5jbG91ZHdheXNhcHBzLmNvbS9hcGkvbG9naW4iLCJpYXQiOjE2NDIyNjc5NjUsIm5iZiI6MTY0MjI2Nzk2NSwianRpIjoiUElFZWxScGc4WGhnRlJGQyIsInN1YiI6OTgsInBydiI6Ijc1Mjg5NTY3MTBkMWM3NWI2NzEzMGQ0ZTRjNWMwZWU5YTBhZWI2MTQiLCJ0eXBlIjoicGF0aWVudCJ9.lMTwwswyWXSn1JPDniQZ4WmzDAvQTxgzbSdYMOYiOPU',	'06/07/1974',	'Female',	NULL,	'patient',	NULL,	NULL,	NULL,	NULL,	1,	'81642267918',	'patient.png',	1,	'2022-01-15 17:31:58',	'2022-01-15 17:32:45'),
(99,	'Mohamed Adel',	'01012369858',	'abo.adel.soda@gmail.com',	'$2y$10$L4DFBiRyCtiMsQ9HXfPDHOX/H8NMTbmVDiuv1mvWYI3L6okC6PPou',	'eyJ0eXAiOiJKV1QiLCJhbGciOiJIUzI1NiJ9.eyJpc3MiOiJodHRwOi8vcGhwbGFyYXZlbC02OTUwMTgtMjMwMDQ3NC5jbG91ZHdheXNhcHBzLmNvbS9hcGkvbG9naW4iLCJpYXQiOjE2NDIyNjg1MjAsIm5iZiI6MTY0MjI2ODUyMCwianRpIjoiVnM2WjcxSGQ2Q0J6MHFFSiIsInN1YiI6OTksInBydiI6Ijc1Mjg5NTY3MTBkMWM3NWI2NzEzMGQ0ZTRjNWMwZWU5YTBhZWI2MTQiLCJ0eXBlIjoicGF0aWVudCJ9.qy3siLVQhJ1Wu4RC6Y8N2kfA9NyhHp0vRTcagIdxpqc',	'15/01/2022',	'Male',	NULL,	'patient',	NULL,	NULL,	NULL,	NULL,	1,	'11642268511',	'9498541642268561.jpg',	1,	'2022-01-15 17:41:51',	'2022-01-15 17:42:41'),
(100,	'Marwan Atef',	'01203684030',	'sofuan55.marwan@gmail.com',	'$2y$10$e5A5nDTBuIUcFDtyVZjS2ech8mLJ4O3KNQsZ6m0EvzZQkdr2PrViG',	'eyJ0eXAiOiJKV1QiLCJhbGciOiJIUzI1NiJ9.eyJpc3MiOiJodHRwOi8vcGhwbGFyYXZlbC02OTUwMTgtMjMwMDQ3NC5jbG91ZHdheXNhcHBzLmNvbS9hcGkvbG9naW4iLCJpYXQiOjE2NDIyNjg2ODEsIm5iZiI6MTY0MjI2ODY4MSwianRpIjoidm0yanAxUDBRMHFOazF2YyIsInN1YiI6MTAwLCJwcnYiOiI3NTI4OTU2NzEwZDFjNzViNjcxMzBkNGU0YzVjMGVlOWEwYWViNjE0IiwidHlwZSI6InBhdGllbnQifQ.ftWKITpuH_GTV_hyr-BNaLG4YZEMMoZPpNY98XyFRF0',	'02/11/2001',	'Male',	NULL,	'patient',	NULL,	NULL,	NULL,	NULL,	1,	'01642268669',	'patient.png',	1,	'2022-01-15 17:44:29',	'2022-01-15 17:44:41'),
(101,	'Dezzy',	'669393372',	'desking2000@gmail.com',	'$2y$10$fqv01Y5oWtL2qqfnJ5ff3.LkvraVVB7IVc5YoAdZW0N0j7G5ccJVi',	'eyJ0eXAiOiJKV1QiLCJhbGciOiJIUzI1NiJ9.eyJpc3MiOiJodHRwOi8vcGhwbGFyYXZlbC02OTUwMTgtMjMwMDQ3NC5jbG91ZHdheXNhcHBzLmNvbS9hcGkvbG9naW4iLCJpYXQiOjE2NDIyNjkwMDcsIm5iZiI6MTY0MjI2OTAwNywianRpIjoiT0pFbjhhVVBFeUZHZU5YRCIsInN1YiI6MTAxLCJwcnYiOiI3NTI4OTU2NzEwZDFjNzViNjcxMzBkNGU0YzVjMGVlOWEwYWViNjE0IiwidHlwZSI6InBhdGllbnQifQ.IUmTIpa62-653lXWReDQqc_32Bc_CcqBgbcdfDGzOuc',	'01/01/1988',	'Male',	NULL,	'patient',	NULL,	NULL,	NULL,	NULL,	1,	'11642268988',	'patient.png',	1,	'2022-01-15 17:49:48',	'2022-01-15 17:50:07'),
(102,	'Mahmoud',	'01066009893',	'm.shimi@outlook.com',	'$2y$10$L38KcXQ6wMx5aCgUI/fYDurrtXDtw.vvYLMQYUW0Hzz8VUJh41XBe',	'eyJ0eXAiOiJKV1QiLCJhbGciOiJIUzI1NiJ9.eyJpc3MiOiJodHRwOi8vcGhwbGFyYXZlbC02OTUwMTgtMjMwMDQ3NC5jbG91ZHdheXNhcHBzLmNvbS9hcGkvbG9naW4iLCJpYXQiOjE2NDIyNjkyNzMsIm5iZiI6MTY0MjI2OTI3MywianRpIjoiSEtCZEIxb1VNS1NsTEFDViIsInN1YiI6MTAyLCJwcnYiOiI3NTI4OTU2NzEwZDFjNzViNjcxMzBkNGU0YzVjMGVlOWEwYWViNjE0IiwidHlwZSI6InBhdGllbnQifQ.pNEICGMGYjZl6bBp05ludXYZLbapZyCd98Zrdcpi3DU',	'20/04/1992',	'Male',	NULL,	'patient',	'179',	'A',	1,	1,	1,	'31642269246',	'patient.png',	1,	'2022-01-15 17:54:06',	'2022-01-15 17:56:25'),
(103,	'Habiba Ashraf',	'01015660688',	'habibaa084@gmail.com',	'$2y$10$maRtPxPmXeEqI05vQxhmSu3W9An2uUJ/25en2w/Ap/sQI5nH2hGKO',	'eyJ0eXAiOiJKV1QiLCJhbGciOiJIUzI1NiJ9.eyJpc3MiOiJodHRwOi8vcGhwbGFyYXZlbC02OTUwMTgtMjMwMDQ3NC5jbG91ZHdheXNhcHBzLmNvbS9hcGkvbG9naW4iLCJpYXQiOjE2NDIyNzEzMDEsIm5iZiI6MTY0MjI3MTMwMSwianRpIjoiczdHMGhhZm5rcTNkSDFLZSIsInN1YiI6MTAzLCJwcnYiOiI3NTI4OTU2NzEwZDFjNzViNjcxMzBkNGU0YzVjMGVlOWEwYWViNjE0IiwidHlwZSI6InBhdGllbnQifQ.yZb0yGFZpcCt91wq8WcgUXg3HxLuI42ZefbPeONycKk',	'12/06/2001',	'Female',	NULL,	'patient',	NULL,	NULL,	NULL,	NULL,	1,	'81642271276',	'patient.png',	1,	'2022-01-15 18:27:56',	'2022-01-15 18:28:21'),
(104,	'tameem',	'01065222665',	'tito74ud@gmail.com',	'$2y$10$nPFB1xiqQrqbLCcZJgh1qe5Rxr6jtpmyqhROU1.pQDF8EEkyywmWu',	'eyJ0eXAiOiJKV1QiLCJhbGciOiJIUzI1NiJ9.eyJpc3MiOiJodHRwOi8vcGhwbGFyYXZlbC02OTUwMTgtMjMwMDQ3NC5jbG91ZHdheXNhcHBzLmNvbS9hcGkvbG9naW4iLCJpYXQiOjE2NDIyNzY3OTYsIm5iZiI6MTY0MjI3Njc5NiwianRpIjoidndQVWNZNjVEbjBxM1JvayIsInN1YiI6MTA0LCJwcnYiOiI3NTI4OTU2NzEwZDFjNzViNjcxMzBkNGU0YzVjMGVlOWEwYWViNjE0IiwidHlwZSI6InBhdGllbnQifQ.6EzksP_Qwnfh-KghYaoWtm_5L4fCIV_6T707RhYh_A0',	'01/12/1996',	'Male',	NULL,	'patient',	NULL,	NULL,	NULL,	NULL,	1,	'11642276778',	'patient.png',	1,	'2022-01-15 19:59:38',	'2022-01-15 19:59:56'),
(105,	'Yasser Mohamed Ali alsousi',	'01156608276',	'yasseralsousi@gmail.com',	'$2y$10$AIjwGT6Vf4mGTFwnwTXoUOumItoHJFOJeTAlkRl2Y8/M8ckIka9Ju',	'eyJ0eXAiOiJKV1QiLCJhbGciOiJIUzI1NiJ9.eyJpc3MiOiJodHRwOi8vcGhwbGFyYXZlbC02OTUwMTgtMjMwMDQ3NC5jbG91ZHdheXNhcHBzLmNvbS9hcGkvbG9naW4iLCJpYXQiOjE2NDIyNzcwNzAsIm5iZiI6MTY0MjI3NzA3MCwianRpIjoiZjJ0eFJ2Nkh2N2FoT3UzVyIsInN1YiI6MTA1LCJwcnYiOiI3NTI4OTU2NzEwZDFjNzViNjcxMzBkNGU0YzVjMGVlOWEwYWViNjE0IiwidHlwZSI6InBhdGllbnQifQ._Zv6C-8gy249UwzNyOaECSpWRlFiuh-tQUUJuCPERJI',	'16/04/1987',	'Male',	NULL,	'patient',	NULL,	NULL,	NULL,	NULL,	1,	'91642277046',	'patient.png',	1,	'2022-01-15 20:04:06',	'2022-01-15 20:04:30'),
(106,	'Nada',	'01129394840',	'nadaabdallah642@gmail.com',	'$2y$10$JCCIBsfI1bXgA.o2dQWYXeFnu2p.gi6VhomGCAG7f64GHJyRXHZ2m',	'eyJ0eXAiOiJKV1QiLCJhbGciOiJIUzI1NiJ9.eyJpc3MiOiJodHRwOi8vcGhwbGFyYXZlbC02OTUwMTgtMjMwMDQ3NC5jbG91ZHdheXNhcHBzLmNvbS9hcGkvbG9naW4iLCJpYXQiOjE2NDIyNzkzNjgsIm5iZiI6MTY0MjI3OTM2OCwianRpIjoiNHVpYzM4UU9pdW5QZXZzTCIsInN1YiI6MTA2LCJwcnYiOiI3NTI4OTU2NzEwZDFjNzViNjcxMzBkNGU0YzVjMGVlOWEwYWViNjE0IiwidHlwZSI6InBhdGllbnQifQ.9k1Hh4JseL5KdYCko6t_pyBkWdJgQil-9Ldw9Af1ykk',	'10/12/2000',	'Female',	NULL,	'patient',	NULL,	NULL,	NULL,	NULL,	1,	'11642279345',	'patient.png',	1,	'2022-01-15 20:42:25',	'2022-01-15 20:42:48'),
(107,	'mohmed',	'01117587997',	'aminmohmed977@gmail.com',	'$2y$10$Abhbro5xWwxmjWEL5Jcqy.HIMwKcxw4z7r0aR2svWD3TWHY3kksDW',	NULL,	'11/01/2022',	'Male',	NULL,	'patient',	NULL,	NULL,	NULL,	NULL,	0,	'71642279621',	'patient.png',	1,	'2022-01-15 20:47:01',	'2022-01-15 20:47:02'),
(108,	'تتع',	'+9647515069343',	'gg@ff.com',	'$2y$10$3LonG4LMlb/ogrX/RBjiF.uvkijmWwVumvWLk2HvbrggJJRPGzF9u',	NULL,	'15/01/2022',	'Male',	NULL,	'patient',	NULL,	NULL,	NULL,	NULL,	0,	'91642279914',	'patient.png',	1,	'2022-01-15 20:51:54',	'2022-01-15 20:56:31'),
(109,	'Mahmoud Farag Ahmed',	'01026717246',	'mfrj2913@gmail.com',	'$2y$10$sxYx/eZuDta5R/o1bahLsObWQMiKMeKeMwQAzM4IM2gZg1N3NfcvS',	'eyJ0eXAiOiJKV1QiLCJhbGciOiJIUzI1NiJ9.eyJpc3MiOiJodHRwOi8vcGhwbGFyYXZlbC02OTUwMTgtMjMwMDQ3NC5jbG91ZHdheXNhcHBzLmNvbS9hcGkvbG9naW4iLCJpYXQiOjE2NDIyODAzOTcsIm5iZiI6MTY0MjI4MDM5NywianRpIjoibkZFUG5uV1I0bHdWd1RHMCIsInN1YiI6MTA5LCJwcnYiOiI3NTI4OTU2NzEwZDFjNzViNjcxMzBkNGU0YzVjMGVlOWEwYWViNjE0IiwidHlwZSI6InBhdGllbnQifQ.O152NU-y3qeu47dlCDE8QBhL7lP0o2apNFZFaojMBVc',	'03/04/2001',	'Male',	NULL,	'patient',	NULL,	NULL,	NULL,	NULL,	1,	'91642280377',	'patient.png',	1,	'2022-01-15 20:59:37',	'2022-01-15 20:59:57'),
(110,	'احمد',	'01027790713',	'ya863722@gmail.com',	'$2y$10$Q/TvcJayzKkCzHXJPLpabuKE14g8RRybTyjWCn0WlZ4gvjevbzbOa',	'eyJ0eXAiOiJKV1QiLCJhbGciOiJIUzI1NiJ9.eyJpc3MiOiJodHRwOi8vcGhwbGFyYXZlbC02OTUwMTgtMjMwMDQ3NC5jbG91ZHdheXNhcHBzLmNvbS9hcGkvbG9naW4iLCJpYXQiOjE2NDIyODE5OTQsIm5iZiI6MTY0MjI4MTk5NCwianRpIjoicTBtbmFlbk4wbm9qNkE0TSIsInN1YiI6MTEwLCJwcnYiOiI3NTI4OTU2NzEwZDFjNzViNjcxMzBkNGU0YzVjMGVlOWEwYWViNjE0IiwidHlwZSI6InBhdGllbnQifQ.z9OlzQSaZEMghHz5RdJoYrqiOJCwdH4jzBhWQT9BbFM',	'22/02/2004',	'Male',	NULL,	'patient',	NULL,	NULL,	NULL,	NULL,	1,	'41642281965',	'3247161642282058.jpg',	1,	'2022-01-15 21:26:05',	'2022-01-15 21:27:38'),
(111,	'Mohamed Ali Ahmed',	'01029821791',	'alaslia28@gmail.com',	'$2y$10$YF3EMeidpfjmQ1pTRDXmxuoi1dcPCcbWzCGQYF2oph04T3XtUpQje',	'eyJ0eXAiOiJKV1QiLCJhbGciOiJIUzI1NiJ9.eyJpc3MiOiJodHRwOi8vcGhwbGFyYXZlbC02OTUwMTgtMjMwMDQ3NC5jbG91ZHdheXNhcHBzLmNvbS9hcGkvbG9naW4iLCJpYXQiOjE2NDIyODI2MTUsIm5iZiI6MTY0MjI4MjYxNSwianRpIjoiVzVqbXhqeTVJaUhacnUxdSIsInN1YiI6MTExLCJwcnYiOiI3NTI4OTU2NzEwZDFjNzViNjcxMzBkNGU0YzVjMGVlOWEwYWViNjE0IiwidHlwZSI6InBhdGllbnQifQ.Fah2OF3Jn4qHx2-_iYWpTWMOFdnCyQyayQxR9nXXAmY',	'28/09/2001',	'Male',	NULL,	'patient',	NULL,	NULL,	NULL,	NULL,	1,	'81642282602',	'patient.png',	1,	'2022-01-15 21:36:42',	'2022-01-15 21:36:55'),
(112,	'Ali',	'07806558456',	'alidiyaa2016@gmail.com',	'$2y$10$f5AA4qD1rC4./LL0Bjl5ZO1zT4MtLpjXxb95R6RmT3FepKTdR7kja',	'eyJ0eXAiOiJKV1QiLCJhbGciOiJIUzI1NiJ9.eyJpc3MiOiJodHRwOi8vcGhwbGFyYXZlbC02OTUwMTgtMjMwMDQ3NC5jbG91ZHdheXNhcHBzLmNvbS9hcGkvbG9naW4iLCJpYXQiOjE2NDIyODYxMDgsIm5iZiI6MTY0MjI4NjEwOCwianRpIjoicTR1WGVkcVl2V3NXQUVQRCIsInN1YiI6MTEyLCJwcnYiOiI3NTI4OTU2NzEwZDFjNzViNjcxMzBkNGU0YzVjMGVlOWEwYWViNjE0IiwidHlwZSI6InBhdGllbnQifQ.yxsXBGwjsNfmKlBTk3k7Do8P9Lg9oVX-p_vHUorWd9E',	'28/12/2002',	'Male',	NULL,	'patient',	'170',	'AB',	0,	0,	1,	'81642286094',	'patient.png',	1,	'2022-01-15 22:34:54',	'2022-01-15 22:39:10'),
(113,	'youssef',	'01273599580',	'yuossfahmed11@gmail.com',	'$2y$10$irxDF/AZMTDivRyMWH3tIewRNMEgY0YSegHWMyF79BRyk9TuNrk3i',	'eyJ0eXAiOiJKV1QiLCJhbGciOiJIUzI1NiJ9.eyJpc3MiOiJodHRwOi8vcGhwbGFyYXZlbC02OTUwMTgtMjMwMDQ3NC5jbG91ZHdheXNhcHBzLmNvbS9hcGkvbG9naW4iLCJpYXQiOjE2NDIyOTEyMTksIm5iZiI6MTY0MjI5MTIxOSwianRpIjoicFJOSGg4RUVadTB3UklabiIsInN1YiI6MTEzLCJwcnYiOiI3NTI4OTU2NzEwZDFjNzViNjcxMzBkNGU0YzVjMGVlOWEwYWViNjE0IiwidHlwZSI6InBhdGllbnQifQ.g9j3c2q5n5VyrfSq8vJu8UhjjwrkPoW79RgD6rdYTNs',	'07/11/2002',	'Male',	NULL,	'patient',	NULL,	NULL,	NULL,	NULL,	1,	'71642291208',	'patient.png',	1,	'2022-01-16 00:00:08',	'2022-01-16 00:00:19'),
(114,	'yjjg',	'+9056214962',	'fhjgd@gmail.com',	'$2y$10$u5zfNPoge5y7HEO1Le/LjewrKoLeK3G/K5vgt/x8WbyJ8xsXCALli',	'eyJ0eXAiOiJKV1QiLCJhbGciOiJIUzI1NiJ9.eyJpc3MiOiJodHRwOi8vcGhwbGFyYXZlbC02OTUwMTgtMjMwMDQ3NC5jbG91ZHdheXNhcHBzLmNvbS9hcGkvbG9naW4iLCJpYXQiOjE2NDIyOTQ0MjcsIm5iZiI6MTY0MjI5NDQyNywianRpIjoiVERkN2Z0bVBMWlF4cElGbiIsInN1YiI6MTE0LCJwcnYiOiI3NTI4OTU2NzEwZDFjNzViNjcxMzBkNGU0YzVjMGVlOWEwYWViNjE0IiwidHlwZSI6InBhdGllbnQifQ.gOvUJuZrJs6KTpHmtOGfMGzZF4MjsHoFxP3vtWftTn4',	'06/01/2022',	'Male',	NULL,	'patient',	NULL,	NULL,	NULL,	NULL,	1,	'01642294385',	'patient.png',	1,	'2022-01-16 00:53:05',	'2022-01-16 00:53:47'),
(115,	'Amro',	'0096891378085',	'Amrzanaty27@gmail.com',	'$2y$10$8Av5F/W/IwXf1pIl3VMuBOTEnSTFq3NphP8EacVv.ahx../E4am0K',	'eyJ0eXAiOiJKV1QiLCJhbGciOiJIUzI1NiJ9.eyJpc3MiOiJodHRwOi8vcGhwbGFyYXZlbC02OTUwMTgtMjMwMDQ3NC5jbG91ZHdheXNhcHBzLmNvbS9hcGkvbG9naW4iLCJpYXQiOjE2NDIzMDQzMDAsIm5iZiI6MTY0MjMwNDMwMCwianRpIjoiYTE4b3NadEtqcjMxNkppdyIsInN1YiI6MTE1LCJwcnYiOiI3NTI4OTU2NzEwZDFjNzViNjcxMzBkNGU0YzVjMGVlOWEwYWViNjE0IiwidHlwZSI6InBhdGllbnQifQ.UZuH3c9wNuM7Ej7GAb_X6uh2WzQw_PQGUC9nFj3rM-Q',	'16/01/2022',	'Male',	NULL,	'patient',	NULL,	NULL,	NULL,	NULL,	1,	'41642304271',	'patient.png',	1,	'2022-01-16 03:37:51',	'2022-01-16 03:38:20'),
(116,	'Mohamed Ashraf',	'01021210146',	'mohammed777ash@gmail.com',	'$2y$10$xtQNR/lY.IKH3jtlUj8Cie0Y0Fg31XRurrWAu/ZNxPfGdSY3fCKn6',	'eyJ0eXAiOiJKV1QiLCJhbGciOiJIUzI1NiJ9.eyJpc3MiOiJodHRwOi8vcGhwbGFyYXZlbC02OTUwMTgtMjMwMDQ3NC5jbG91ZHdheXNhcHBzLmNvbS9hcGkvbG9naW4iLCJpYXQiOjE2NDIzMDY3ODgsIm5iZiI6MTY0MjMwNjc4OCwianRpIjoidzRaU1U1a0xuUDBMMzF6bCIsInN1YiI6MTE2LCJwcnYiOiI3NTI4OTU2NzEwZDFjNzViNjcxMzBkNGU0YzVjMGVlOWEwYWViNjE0IiwidHlwZSI6InBhdGllbnQifQ.gHcCQf2GH-KHWA2uZP3sPoLxI40es0GDF07S9sDrk-M',	'01/02/2001',	'Male',	NULL,	'patient',	NULL,	NULL,	NULL,	NULL,	1,	'71642306775',	'patient.png',	1,	'2022-01-16 04:19:35',	'2022-01-16 04:19:48'),
(117,	'منصور',	'01119029005',	'mansourabdelsamea@gmail.com',	'$2y$10$3184tC4YFBZglaz88z.fjuoKgusSs9HE/TLcfmwqkVzU7V/vO0aCW',	'eyJ0eXAiOiJKV1QiLCJhbGciOiJIUzI1NiJ9.eyJpc3MiOiJodHRwOi8vcGhwbGFyYXZlbC02OTUwMTgtMjMwMDQ3NC5jbG91ZHdheXNhcHBzLmNvbS9hcGkvbG9naW4iLCJpYXQiOjE2NDIzMDg0MzIsIm5iZiI6MTY0MjMwODQzMiwianRpIjoiSWZ4S1pmMFd3UjlJYVc2RCIsInN1YiI6MTE3LCJwcnYiOiI3NTI4OTU2NzEwZDFjNzViNjcxMzBkNGU0YzVjMGVlOWEwYWViNjE0IiwidHlwZSI6InBhdGllbnQifQ.Alny92f_izoKdWfu9okE-LkcUzrt1izmSdpErZLDKrg',	'16/01/2007',	'Female',	NULL,	'patient',	NULL,	NULL,	NULL,	NULL,	1,	'71642308420',	'patient.png',	1,	'2022-01-16 04:47:00',	'2022-01-16 04:47:12'),
(118,	'Mohamed Al-saied',	'01010585588',	'test@gmail.com',	'$2y$10$hJKJZSAhU/.eG9CqipuJEeDPY/vWVQzQQgkM6MRc/ovK5.TeNm982',	'eyJ0eXAiOiJKV1QiLCJhbGciOiJIUzI1NiJ9.eyJpc3MiOiJodHRwOi8vcGhwbGFyYXZlbC02OTUwMTgtMjMwMDQ3NC5jbG91ZHdheXNhcHBzLmNvbS9hcGkvbG9naW4iLCJpYXQiOjE2NDIzMDk0NzksIm5iZiI6MTY0MjMwOTQ3OSwianRpIjoiSXVvM3R4a3l6ZE9UVGM5SSIsInN1YiI6MTE4LCJwcnYiOiI3NTI4OTU2NzEwZDFjNzViNjcxMzBkNGU0YzVjMGVlOWEwYWViNjE0IiwidHlwZSI6InBhdGllbnQifQ.aC76bxOOqycO-PfUKm5JWM1Nif7xW-2t1cmrS0mMwz4',	'07/01/2022',	'Male',	NULL,	'patient',	NULL,	NULL,	NULL,	NULL,	1,	'91642309454',	'patient.png',	1,	'2022-01-16 05:04:14',	'2022-01-16 05:04:39'),
(119,	'mina',	'01207350018',	'mina.el.dihabi3.6.9@gmail.com',	'$2y$10$ssHvBw.l8ZGl09eikwRcDeoAROcZiNEAMosmLjZnNfdKAT/Wux9ne',	'eyJ0eXAiOiJKV1QiLCJhbGciOiJIUzI1NiJ9.eyJpc3MiOiJodHRwOi8vcGhwbGFyYXZlbC02OTUwMTgtMjMwMDQ3NC5jbG91ZHdheXNhcHBzLmNvbS9hcGkvbG9naW4iLCJpYXQiOjE2NDIzMTM2OTYsIm5iZiI6MTY0MjMxMzY5NiwianRpIjoiZGZJWHlFWURKeDVWOVBPQSIsInN1YiI6MTE5LCJwcnYiOiI3NTI4OTU2NzEwZDFjNzViNjcxMzBkNGU0YzVjMGVlOWEwYWViNjE0IiwidHlwZSI6InBhdGllbnQifQ.yjXuFlYcfW_yFJR6vVaPvAUBv-ysX3DHYDH4SX3SUEk',	'29/08/2000',	'Male',	NULL,	'patient',	NULL,	NULL,	NULL,	NULL,	1,	'61642313679',	'patient.png',	1,	'2022-01-16 06:14:39',	'2022-01-16 06:14:56'),
(120,	'Hayat Mohammed Hosni',	'01275832445',	'hayat.mohammed2371@gmail.com',	'$2y$10$CSFcx.kRv7XzGXc9eUgIYuxSzyTQcr1emXHMMM6yxQftXpIfmfXkS',	'eyJ0eXAiOiJKV1QiLCJhbGciOiJIUzI1NiJ9.eyJpc3MiOiJodHRwOi8vcGhwbGFyYXZlbC02OTUwMTgtMjMwMDQ3NC5jbG91ZHdheXNhcHBzLmNvbS9hcGkvbG9naW4iLCJpYXQiOjE2NDIzMTQ1OTcsIm5iZiI6MTY0MjMxNDU5NywianRpIjoialBWQzM3QnZ1YjZ4R2huTiIsInN1YiI6MTIwLCJwcnYiOiI3NTI4OTU2NzEwZDFjNzViNjcxMzBkNGU0YzVjMGVlOWEwYWViNjE0IiwidHlwZSI6InBhdGllbnQifQ.678AImMc2VdUOXH566qm4Y_5eqE2HjGlFVAheRTnIjA',	'23/07/2000',	'Female',	NULL,	'patient',	NULL,	NULL,	NULL,	NULL,	1,	'81642314584',	'patient.png',	1,	'2022-01-16 06:29:44',	'2022-01-16 06:29:57'),
(121,	'mohamed emad',	'01030390358',	'mohamedemad01061881296@gmail.com',	'$2y$10$1gGSRA.jUWNKvkLNIU.Pdutx79o93IvIKCZHRBIpj4cSAtQCT3sVC',	'eyJ0eXAiOiJKV1QiLCJhbGciOiJIUzI1NiJ9.eyJpc3MiOiJodHRwOi8vcGhwbGFyYXZlbC02OTUwMTgtMjMwMDQ3NC5jbG91ZHdheXNhcHBzLmNvbS9hcGkvbG9naW4iLCJpYXQiOjE2NDIzMTgyOTcsIm5iZiI6MTY0MjMxODI5NywianRpIjoiRnN0VWY4RjA2amVFZ0hFNiIsInN1YiI6MTIxLCJwcnYiOiI3NTI4OTU2NzEwZDFjNzViNjcxMzBkNGU0YzVjMGVlOWEwYWViNjE0IiwidHlwZSI6InBhdGllbnQifQ.4DWVyNh_7xDtwi6AoV8AEH654X1qc5Y2FPm5wqFjBfs',	'15/05/1999',	'Male',	NULL,	'patient',	NULL,	NULL,	NULL,	NULL,	1,	'81642318278',	'patient.png',	1,	'2022-01-16 07:31:18',	'2022-01-16 07:31:37'),
(122,	'Mahmoud Elaraby',	'01022490393',	'mahmoudelaraby5009@gmail.com',	'$2y$10$HfF6M45VX/u6dnvzb26PlutQpulowwOWCj.n7mNvsoOKv6cee..3K',	'eyJ0eXAiOiJKV1QiLCJhbGciOiJIUzI1NiJ9.eyJpc3MiOiJodHRwOi8vcGhwbGFyYXZlbC02OTUwMTgtMjMwMDQ3NC5jbG91ZHdheXNhcHBzLmNvbS9hcGkvbG9naW4iLCJpYXQiOjE2NDIzMTk5NzYsIm5iZiI6MTY0MjMxOTk3NiwianRpIjoiT0FvalNJdnU4T1VndG5IZCIsInN1YiI6MTIyLCJwcnYiOiI3NTI4OTU2NzEwZDFjNzViNjcxMzBkNGU0YzVjMGVlOWEwYWViNjE0IiwidHlwZSI6InBhdGllbnQifQ.SCmjCRsaM-ie03aA_rUcgCRrM-1NZruJr5ss6zMRtQo',	'15/09/1997',	'Male',	NULL,	'patient',	'179',	'AB',	1,	0,	1,	'61642319953',	'9887011642320007.jpg',	1,	'2022-01-16 07:59:13',	'2022-01-16 08:02:24'),
(123,	'mozaffer',	'0993256727',	'mzfr.rgab98@gmail.com',	'$2y$10$j.Xl1d5e4.bsu3a4YfjzbuUPF1zEr.TGu1JFmfA/uffVjYGqoYYBS',	NULL,	'01/02/1998',	'Male',	NULL,	'patient',	NULL,	NULL,	NULL,	NULL,	0,	'41642321116',	'patient.png',	1,	'2022-01-16 08:18:36',	'2022-01-17 11:56:45'),
(124,	'h',	'01064224826',	'hossamezzat199@gmail.com',	'$2y$10$rX8349fpR9onvUZGYMIxrepxiLHYMzl7mj8w3Ks/3kHu39dqu7nsK',	NULL,	'16/01/2022',	'Male',	NULL,	'patient',	NULL,	NULL,	NULL,	NULL,	0,	'21642323855',	'patient.png',	1,	'2022-01-16 09:04:15',	'2022-01-16 09:04:15'),
(125,	'Mohamed fathy',	'01068299610',	'mohamed.e.fathy@gmail.com',	'$2y$10$.wfNGKEM58aiXjihIhYO7ODrQ67iLgUg46.m/7F4dxiwGkHVNsWmi',	'eyJ0eXAiOiJKV1QiLCJhbGciOiJIUzI1NiJ9.eyJpc3MiOiJodHRwOi8vcGhwbGFyYXZlbC02OTUwMTgtMjMwMDQ3NC5jbG91ZHdheXNhcHBzLmNvbS9hcGkvbG9naW4iLCJpYXQiOjE2NDIzMjcwMTQsIm5iZiI6MTY0MjMyNzAxNCwianRpIjoiZjl3Z1JhclV2M0xGakpFWCIsInN1YiI6MTI1LCJwcnYiOiI3NTI4OTU2NzEwZDFjNzViNjcxMzBkNGU0YzVjMGVlOWEwYWViNjE0IiwidHlwZSI6InBhdGllbnQifQ.0m2DPIQrnmUZGxzS7CJTQhI6y33k2dhI39xvb_p0Zg4',	'01/01/1994',	'Male',	NULL,	'patient',	NULL,	NULL,	NULL,	NULL,	1,	'51642327000',	'patient.png',	1,	'2022-01-16 09:56:40',	'2022-01-16 09:56:54'),
(126,	'ابراهيم البحراوي',	'01158919085',	'ebrahim6351544@gmail.com',	'$2y$10$Yfz6SpIoZY3oKY5uelkF3u3yshgq3Ot0lWbELeNUhcwEhxkVcZ2vS',	'eyJ0eXAiOiJKV1QiLCJhbGciOiJIUzI1NiJ9.eyJpc3MiOiJodHRwOi8vcGhwbGFyYXZlbC02OTUwMTgtMjMwMDQ3NC5jbG91ZHdheXNhcHBzLmNvbS9hcGkvbG9naW4iLCJpYXQiOjE2NDIzMzI3MDMsIm5iZiI6MTY0MjMzMjcwMywianRpIjoicEpnU2pkcHliQmVXdUE2RCIsInN1YiI6MTI2LCJwcnYiOiI3NTI4OTU2NzEwZDFjNzViNjcxMzBkNGU0YzVjMGVlOWEwYWViNjE0IiwidHlwZSI6InBhdGllbnQifQ.Fej-9ruweSzgDGjWqz1u9T1uNSv3QL80mWmoCnOwdXk',	'20/09/2003',	'Male',	NULL,	'patient',	NULL,	NULL,	NULL,	NULL,	1,	'21642331545',	'patient.png',	1,	'2022-01-16 11:12:25',	'2022-01-16 11:31:43'),
(127,	'mhmd',	'01095937158',	'mhmd.abdelnaby2020@gmail.com',	'$2y$10$SdGIjE1DBcf3TagVOSAzb.RHpnpXsCalSw5.80r7KRzA6NESekVrS',	'eyJ0eXAiOiJKV1QiLCJhbGciOiJIUzI1NiJ9.eyJpc3MiOiJodHRwOi8vcGhwbGFyYXZlbC02OTUwMTgtMjMwMDQ3NC5jbG91ZHdheXNhcHBzLmNvbS9hcGkvbG9naW4iLCJpYXQiOjE2NDIzMzI3OTAsIm5iZiI6MTY0MjMzMjc5MCwianRpIjoiRk1ac1NlRzlxdEFrWHFNeCIsInN1YiI6MTI3LCJwcnYiOiI3NTI4OTU2NzEwZDFjNzViNjcxMzBkNGU0YzVjMGVlOWEwYWViNjE0IiwidHlwZSI6InBhdGllbnQifQ.JchpyUdcJjPAJH1DDKWSs1OU7TG2hFUBmAwda-zcTOk',	'01/01/1993',	'Male',	NULL,	'patient',	NULL,	NULL,	NULL,	NULL,	1,	'21642332772',	'patient.png',	1,	'2022-01-16 11:32:52',	'2022-01-16 11:33:10'),
(128,	'Rawan Reda',	'01025972348',	'rawanro131@gmail.com',	'$2y$10$nGaRMEFE6TXPiISVpGlN1OCcEMri8bd06ihLqfb2Wf4KOm.iivRWC',	'eyJ0eXAiOiJKV1QiLCJhbGciOiJIUzI1NiJ9.eyJpc3MiOiJodHRwOi8vcGhwbGFyYXZlbC02OTUwMTgtMjMwMDQ3NC5jbG91ZHdheXNhcHBzLmNvbS9hcGkvbG9naW4iLCJpYXQiOjE2NDIzMzczNjgsIm5iZiI6MTY0MjMzNzM2OCwianRpIjoiZkxjc3ZKSWM5VnV6bDNBYiIsInN1YiI6MTI4LCJwcnYiOiI3NTI4OTU2NzEwZDFjNzViNjcxMzBkNGU0YzVjMGVlOWEwYWViNjE0IiwidHlwZSI6InBhdGllbnQifQ.buLDLBnb4PbDXki_8SjW6p3RB63pM51RE2PrmvXr9nY',	'13/01/2001',	'Female',	NULL,	'patient',	'158',	'AB',	0,	0,	1,	'61642337349',	'patient.png',	1,	'2022-01-16 12:49:09',	'2022-01-16 12:50:27'),
(129,	'Menna Mohamed',	'01118499293',	'menamohamad193@yahoo.com',	'$2y$10$AxijEd/xygb9qf.491KMX.WNIqxsBHViPw7kROvFx.J3SRVxNbv9G',	'eyJ0eXAiOiJKV1QiLCJhbGciOiJIUzI1NiJ9.eyJpc3MiOiJodHRwOi8vcGhwbGFyYXZlbC02OTUwMTgtMjMwMDQ3NC5jbG91ZHdheXNhcHBzLmNvbS9hcGkvbG9naW4iLCJpYXQiOjE2NDIzMzg2MTAsIm5iZiI6MTY0MjMzODYxMCwianRpIjoiOWRNRE1yUGVSSVFnMnJsZCIsInN1YiI6MTI5LCJwcnYiOiI3NTI4OTU2NzEwZDFjNzViNjcxMzBkNGU0YzVjMGVlOWEwYWViNjE0IiwidHlwZSI6InBhdGllbnQifQ.0rv7_9-gFGnaxOD-kHk-GkC-4Txv-BazbiUqmEEoBjk',	'18/11/1999',	'Female',	NULL,	'patient',	NULL,	NULL,	NULL,	NULL,	1,	'21642338582',	'patient.png',	1,	'2022-01-16 13:09:42',	'2022-01-16 13:10:10'),
(130,	'mark',	'01210153888',	'ramezmaher111@gmail.com',	'$2y$10$JYHjpG9lo848cmyMVO3QRuohXQ.L8NSs9TiQYyt0/mpCa.A3k9x/2',	'eyJ0eXAiOiJKV1QiLCJhbGciOiJIUzI1NiJ9.eyJpc3MiOiJodHRwOi8vcGhwbGFyYXZlbC02OTUwMTgtMjMwMDQ3NC5jbG91ZHdheXNhcHBzLmNvbS9hcGkvbG9naW4iLCJpYXQiOjE2NDIzMzg2OTIsIm5iZiI6MTY0MjMzODY5MiwianRpIjoiS2ZBNkJvMTVNS0hTdktOUCIsInN1YiI6MTMwLCJwcnYiOiI3NTI4OTU2NzEwZDFjNzViNjcxMzBkNGU0YzVjMGVlOWEwYWViNjE0IiwidHlwZSI6InBhdGllbnQifQ.35Pahd7yQmQgQFCZ0vtPSYCwnKeVO-o9NE5u6Z09kRQ',	'01/01/2004',	'Male',	NULL,	'patient',	NULL,	NULL,	NULL,	NULL,	1,	'21642338669',	'patient.png',	1,	'2022-01-16 13:11:09',	'2022-01-16 13:11:32'),
(131,	'Sara malak',	'01143753146',	'saramalak5060@gmail.com',	'$2y$10$SCwA.BhwcdtxYErWfKLK6OpGA3nkv7Z2eKwdnQlbrDyY5.1J41dzy',	'eyJ0eXAiOiJKV1QiLCJhbGciOiJIUzI1NiJ9.eyJpc3MiOiJodHRwOi8vcGhwbGFyYXZlbC02OTUwMTgtMjMwMDQ3NC5jbG91ZHdheXNhcHBzLmNvbS9hcGkvbG9naW4iLCJpYXQiOjE2NDIzNDEyNTEsIm5iZiI6MTY0MjM0MTI1MSwianRpIjoiRzNtZ1R1emljV0dkSmtVeSIsInN1YiI6MTMxLCJwcnYiOiI3NTI4OTU2NzEwZDFjNzViNjcxMzBkNGU0YzVjMGVlOWEwYWViNjE0IiwidHlwZSI6InBhdGllbnQifQ.mP9PtyRnfxvK2v-B5UcIZceiBlm-HwxyzH_TmuauEKg',	'25/10/1998',	'Male',	NULL,	'patient',	NULL,	NULL,	NULL,	NULL,	1,	'101642341236',	'patient.png',	1,	'2022-01-16 13:53:56',	'2022-01-16 13:54:11'),
(132,	'ahmed hashem',	'01063831844',	'ahmdbhgat4@gmail.com',	'$2y$10$82jR/ZEzinr9l0Qd4fUDw.toZdQj1zHKyaM57ixtclW0tClWO.hO.',	'eyJ0eXAiOiJKV1QiLCJhbGciOiJIUzI1NiJ9.eyJpc3MiOiJodHRwOi8vcGhwbGFyYXZlbC02OTUwMTgtMjMwMDQ3NC5jbG91ZHdheXNhcHBzLmNvbS9hcGkvbG9naW4iLCJpYXQiOjE2NDIzNDMwNDQsIm5iZiI6MTY0MjM0MzA0NCwianRpIjoiTDBXYkJ5ZVdyVFpibzFnNiIsInN1YiI6MTMyLCJwcnYiOiI3NTI4OTU2NzEwZDFjNzViNjcxMzBkNGU0YzVjMGVlOWEwYWViNjE0IiwidHlwZSI6InBhdGllbnQifQ.e-x-xedTbWg30WN8xbpkI-vSdy7-KasflPAHY29G61w',	'05/12/2000',	'Male',	NULL,	'patient',	NULL,	NULL,	NULL,	NULL,	1,	'81642343034',	'patient.png',	1,	'2022-01-16 14:23:54',	'2022-01-16 14:24:04'),
(133,	'Amjad',	'0595457008',	'amjadkhaliliah1998@gmail.com',	'$2y$10$WUhZUKulO6QDje9Y16BPt.CAOm74UTewsVwL.3wQWOX5K8dlElzO2',	'eyJ0eXAiOiJKV1QiLCJhbGciOiJIUzI1NiJ9.eyJpc3MiOiJodHRwOi8vcGhwbGFyYXZlbC02OTUwMTgtMjMwMDQ3NC5jbG91ZHdheXNhcHBzLmNvbS9hcGkvbG9naW4iLCJpYXQiOjE2NDIzNDg5NjUsIm5iZiI6MTY0MjM0ODk2NSwianRpIjoib1ZucnYzYUxZVkVEbURGZSIsInN1YiI6MTMzLCJwcnYiOiI3NTI4OTU2NzEwZDFjNzViNjcxMzBkNGU0YzVjMGVlOWEwYWViNjE0IiwidHlwZSI6InBhdGllbnQifQ.gcE-0vAKY8cxigjhPv0r-3V0_ylk5NYmGAGZzKy0XX0',	'10/05/1998',	'Male',	NULL,	'patient',	NULL,	NULL,	NULL,	NULL,	1,	'31642348952',	'5862731642348991.jpg',	1,	'2022-01-16 16:02:32',	'2022-01-16 16:03:11'),
(134,	'يوسف عمرو محمد',	'01011315395',	'yplus145@gmail.com',	'$2y$10$M1rXXzHUhvuLLKJwgJZIOO0YG4hRjawvWd9cCKeE2XCdZUHLMvmwO',	'eyJ0eXAiOiJKV1QiLCJhbGciOiJIUzI1NiJ9.eyJpc3MiOiJodHRwOi8vcGhwbGFyYXZlbC02OTUwMTgtMjMwMDQ3NC5jbG91ZHdheXNhcHBzLmNvbS9hcGkvbG9naW4iLCJpYXQiOjE2NDIzNTQxMjgsIm5iZiI6MTY0MjM1NDEyOCwianRpIjoiaXRNbWZmM3ZZQ25acmlndyIsInN1YiI6MTM0LCJwcnYiOiI3NTI4OTU2NzEwZDFjNzViNjcxMzBkNGU0YzVjMGVlOWEwYWViNjE0IiwidHlwZSI6InBhdGllbnQifQ.wjDtkL_WoJTd35f1NKJRLzItR92Gc4DPxwfVFjtP4Qo',	'04/10/2000',	'Male',	NULL,	'patient',	NULL,	NULL,	NULL,	NULL,	1,	'101642354118',	'patient.png',	1,	'2022-01-16 17:28:38',	'2022-01-16 17:28:48'),
(135,	'imran gill',	'03458420166',	'pulseage@gmail.com',	'$2y$10$3cedj.avht9ub45DpEACR.GxX9KDO5xuv6KeIBQ.5M0HcT2RsVnGa',	'eyJ0eXAiOiJKV1QiLCJhbGciOiJIUzI1NiJ9.eyJpc3MiOiJodHRwOi8vcGhwbGFyYXZlbC02OTUwMTgtMjMwMDQ3NC5jbG91ZHdheXNhcHBzLmNvbS9hcGkvbG9naW4iLCJpYXQiOjE2NDIzNTQ2NzUsIm5iZiI6MTY0MjM1NDY3NSwianRpIjoiZmtFZlFvUHRtQjhQRFhoNiIsInN1YiI6MTM1LCJwcnYiOiI3NTI4OTU2NzEwZDFjNzViNjcxMzBkNGU0YzVjMGVlOWEwYWViNjE0IiwidHlwZSI6InBhdGllbnQifQ.svVNWjLNfrL2aVu2VA2F23OtOcN_yHEd-8KVLTuzamw',	'01/01/1981',	'Male',	NULL,	'patient',	NULL,	NULL,	NULL,	NULL,	1,	'31642354662',	'patient.png',	1,	'2022-01-16 17:37:42',	'2022-01-16 17:37:55'),
(136,	'Toka',	'01207989126',	'tokafathy859@gmail.com',	'$2y$10$UxlJdtdtf8jKzqv1FlagJOI602AXKdscZYd/W9PBQIQJU/hgxMzL.',	'eyJ0eXAiOiJKV1QiLCJhbGciOiJIUzI1NiJ9.eyJpc3MiOiJodHRwOi8vcGhwbGFyYXZlbC02OTUwMTgtMjMwMDQ3NC5jbG91ZHdheXNhcHBzLmNvbS9hcGkvbG9naW4iLCJpYXQiOjE2NDIzNTUzMzAsIm5iZiI6MTY0MjM1NTMzMCwianRpIjoiR29YaGluWHhLcGRja0FZWSIsInN1YiI6MTM2LCJwcnYiOiI3NTI4OTU2NzEwZDFjNzViNjcxMzBkNGU0YzVjMGVlOWEwYWViNjE0IiwidHlwZSI6InBhdGllbnQifQ.WuwIWIwEoH5wXZi40PXJSRwOhf5_1ScpY-es0SYlQ0s',	'23/06/1999',	'Female',	NULL,	'patient',	NULL,	NULL,	NULL,	NULL,	1,	'81642355276',	'patient.png',	1,	'2022-01-16 17:47:56',	'2022-01-16 17:48:50'),
(137,	'Alshaymaa Saad hasseb',	'01065489196',	'shaymaahasseb@gmail.com',	'$2y$10$F/Fvc0KrK2x9CqGxsPxRwOY745elA9ZahFx4fmXzzZe8E52NTfNrO',	'eyJ0eXAiOiJKV1QiLCJhbGciOiJIUzI1NiJ9.eyJpc3MiOiJodHRwOi8vcGhwbGFyYXZlbC02OTUwMTgtMjMwMDQ3NC5jbG91ZHdheXNhcHBzLmNvbS9hcGkvbG9naW4iLCJpYXQiOjE2NDIzNTgxNjAsIm5iZiI6MTY0MjM1ODE2MCwianRpIjoiTmxJTm91bHNXTzJGZUE4eCIsInN1YiI6MTM3LCJwcnYiOiI3NTI4OTU2NzEwZDFjNzViNjcxMzBkNGU0YzVjMGVlOWEwYWViNjE0IiwidHlwZSI6InBhdGllbnQifQ.Ruo95sjuKkoLsH95Z-laVf2AUHUjIvYNjC_445MP27E',	'19/08/1999',	'Female',	NULL,	'patient',	NULL,	NULL,	NULL,	NULL,	1,	'61642358140',	'patient.png',	1,	'2022-01-16 18:35:40',	'2022-01-16 18:36:00'),
(138,	'm shahin',	'01118484446',	'mshahin9003@gmail.com',	'$2y$10$z0i8jjWslAwQwvdtdD.dhOPX9rvv0e4i6u9M9xRBc5Sg.O8KOpIOK',	'eyJ0eXAiOiJKV1QiLCJhbGciOiJIUzI1NiJ9.eyJpc3MiOiJodHRwOi8vcGhwbGFyYXZlbC02OTUwMTgtMjMwMDQ3NC5jbG91ZHdheXNhcHBzLmNvbS9hcGkvbG9naW4iLCJpYXQiOjE2NDIzNTg1NjYsIm5iZiI6MTY0MjM1ODU2NiwianRpIjoiN3FSUVd6SVVrV3pHaGtZNiIsInN1YiI6MTM4LCJwcnYiOiI3NTI4OTU2NzEwZDFjNzViNjcxMzBkNGU0YzVjMGVlOWEwYWViNjE0IiwidHlwZSI6InBhdGllbnQifQ.RYLfNhdlCEroUB8BdpzQLwdJXXmC7H5-Ic3orK1qy_Y',	'01/01/1983',	'Male',	NULL,	'patient',	NULL,	NULL,	NULL,	NULL,	1,	'31642358508',	'8198481642358692.jpg',	1,	'2022-01-16 18:41:48',	'2022-01-16 18:44:52'),
(139,	'mokhtar',	'01013033465',	'mokhdesigns@gmail.com',	'$2y$10$WktkJnF5PYXZlqeoAPiHH.VR/arQpPPGUnpp9HZfClUuLRGoSIrXO',	'eyJ0eXAiOiJKV1QiLCJhbGciOiJIUzI1NiJ9.eyJpc3MiOiJodHRwOi8vcGhwbGFyYXZlbC02OTUwMTgtMjMwMDQ3NC5jbG91ZHdheXNhcHBzLmNvbS9hcGkvbG9naW4iLCJpYXQiOjE2NDIzNjEwMTIsIm5iZiI6MTY0MjM2MTAxMiwianRpIjoiTGdTcnhLUXhwUXZYZ2pBTyIsInN1YiI6MTM5LCJwcnYiOiI3NTI4OTU2NzEwZDFjNzViNjcxMzBkNGU0YzVjMGVlOWEwYWViNjE0IiwidHlwZSI6InBhdGllbnQifQ.R_xWKJCDug4_SkNiNvbKbjmdLdZGv1zP8gmvWTSF16M',	'13/01/1991',	'Male',	NULL,	'patient',	NULL,	NULL,	NULL,	NULL,	1,	'91642360998',	'patient.png',	1,	'2022-01-16 19:23:18',	'2022-01-16 19:23:32'),
(140,	'Salma Moheb',	'01033877834',	'salmamoheb.50@gmail.com',	'$2y$10$5ocdFDCblbOKdQkRQslG8em.C4zx9bHWf9HGF6ugGV9HPE/2FwkDq',	'eyJ0eXAiOiJKV1QiLCJhbGciOiJIUzI1NiJ9.eyJpc3MiOiJodHRwOi8vcGhwbGFyYXZlbC02OTUwMTgtMjMwMDQ3NC5jbG91ZHdheXNhcHBzLmNvbS9hcGkvbG9naW4iLCJpYXQiOjE2NDIzNjE4MDAsIm5iZiI6MTY0MjM2MTgwMCwianRpIjoiWUJ3TDVGN3JzdlNBeE53biIsInN1YiI6MTQwLCJwcnYiOiI3NTI4OTU2NzEwZDFjNzViNjcxMzBkNGU0YzVjMGVlOWEwYWViNjE0IiwidHlwZSI6InBhdGllbnQifQ.7HLRG5hQBPfagL-uuFwD2OeFDAmoyL5_SQgVuDwOiB0',	'07/05/1999',	'Male',	NULL,	'patient',	NULL,	NULL,	NULL,	NULL,	1,	'71642361785',	'patient.png',	1,	'2022-01-16 19:36:25',	'2022-01-16 19:36:40'),
(141,	'azzaali',	'01282182390',	'azzaaliomar74@gmail.com',	'$2y$10$.LyAl0A.A7m3JapIEFASzeKVheNzPZ2yhWQdsCXIOTQvumcY6MjFy',	'eyJ0eXAiOiJKV1QiLCJhbGciOiJIUzI1NiJ9.eyJpc3MiOiJodHRwOi8vcGhwbGFyYXZlbC02OTUwMTgtMjMwMDQ3NC5jbG91ZHdheXNhcHBzLmNvbS9hcGkvbG9naW4iLCJpYXQiOjE2NDIzNjI4MDQsIm5iZiI6MTY0MjM2MjgwNCwianRpIjoiQXFQcmxHVDk0MlpyWnF4VyIsInN1YiI6MTQxLCJwcnYiOiI3NTI4OTU2NzEwZDFjNzViNjcxMzBkNGU0YzVjMGVlOWEwYWViNjE0IiwidHlwZSI6InBhdGllbnQifQ.B9j85xm1IBfKIE_OJRcQ2a7zsVsQBIpvsabECwP3dTQ',	'10/01/1998',	'Female',	NULL,	'patient',	NULL,	NULL,	NULL,	NULL,	1,	'01642362790',	'patient.png',	1,	'2022-01-16 19:53:10',	'2022-01-16 19:53:24'),
(142,	'jumana',	'0790566472',	'jomanahani92@yahoo.com',	'$2y$10$wTiXx6CO6NKkl4xKbKCvsek3rFpRMMwrypnQ95bnBM9wOTb8Bklqu',	'eyJ0eXAiOiJKV1QiLCJhbGciOiJIUzI1NiJ9.eyJpc3MiOiJodHRwOi8vcGhwbGFyYXZlbC02OTUwMTgtMjMwMDQ3NC5jbG91ZHdheXNhcHBzLmNvbS9hcGkvbG9naW4iLCJpYXQiOjE2NDIzNjY1MjQsIm5iZiI6MTY0MjM2NjUyNCwianRpIjoiV2hEbURtQjdBVXlUVjdnWSIsInN1YiI6MTQyLCJwcnYiOiI3NTI4OTU2NzEwZDFjNzViNjcxMzBkNGU0YzVjMGVlOWEwYWViNjE0IiwidHlwZSI6InBhdGllbnQifQ.oHN3_JLhrRHB_Qq9-JYOoCiSigCSYS4eQ3-XiaH27Nw',	'22/10/1992',	'Female',	NULL,	'patient',	NULL,	NULL,	NULL,	NULL,	1,	'81642366490',	'patient.png',	1,	'2022-01-16 20:54:50',	'2022-01-16 20:55:24'),
(143,	'Mostafa Mahfouz Mohammed',	'01228170928',	'mostafamahfouz023@gmail.com',	'$2y$10$9DB0bEy3hOIgUvkohGhNVOjllIckVJf0AUoOpS9jZArCLR8o5YXpO',	'eyJ0eXAiOiJKV1QiLCJhbGciOiJIUzI1NiJ9.eyJpc3MiOiJodHRwOi8vcGhwbGFyYXZlbC02OTUwMTgtMjMwMDQ3NC5jbG91ZHdheXNhcHBzLmNvbS9hcGkvbG9naW4iLCJpYXQiOjE2NDIzNzcyNzUsIm5iZiI6MTY0MjM3NzI3NSwianRpIjoicFJveVBHcU5KeWhsNm55RCIsInN1YiI6MTQzLCJwcnYiOiI3NTI4OTU2NzEwZDFjNzViNjcxMzBkNGU0YzVjMGVlOWEwYWViNjE0IiwidHlwZSI6InBhdGllbnQifQ.jzAVyKrYLhcX0t-fX-qZNKDpYLMWt3jMAoEp0W9gK4Q',	'10/12/2000',	'Male',	NULL,	'patient',	NULL,	NULL,	NULL,	NULL,	1,	'01642377261',	'patient.png',	1,	'2022-01-16 23:54:21',	'2022-01-16 23:54:35'),
(144,	'mina',	'01208328734',	'minapolose123@gmail.com',	'$2y$10$R5hRq9q.c2G6G1BHU2c4M.S3VEUj/mUxk9XOxNnTvgS2CaWb8MPVe',	'eyJ0eXAiOiJKV1QiLCJhbGciOiJIUzI1NiJ9.eyJpc3MiOiJodHRwOi8vcGhwbGFyYXZlbC02OTUwMTgtMjMwMDQ3NC5jbG91ZHdheXNhcHBzLmNvbS9hcGkvbG9naW4iLCJpYXQiOjE2NDI0MDEyNDIsIm5iZiI6MTY0MjQwMTI0MiwianRpIjoiVVNobk5qS3pNMWNicGZuViIsInN1YiI6MTQ0LCJwcnYiOiI3NTI4OTU2NzEwZDFjNzViNjcxMzBkNGU0YzVjMGVlOWEwYWViNjE0IiwidHlwZSI6InBhdGllbnQifQ.nsGLrHwzJcx1iqorVTVXUnfRPfOMSnZyEaMVGDLtNt0',	'18/11/2002',	'Male',	NULL,	'patient',	NULL,	NULL,	NULL,	NULL,	1,	'01642401227',	'patient.png',	1,	'2022-01-17 06:33:47',	'2022-01-17 06:34:02'),
(145,	'Assem Musallam',	'0785482266',	'assemmusallam62@gmail.com',	'$2y$10$Q2oSTBbRTlAs9aGwoekFEeSWKSQf./6Z85OBRvD/8Fn9OCrbWHu7K',	'eyJ0eXAiOiJKV1QiLCJhbGciOiJIUzI1NiJ9.eyJpc3MiOiJodHRwOi8vcGhwbGFyYXZlbC02OTUwMTgtMjMwMDQ3NC5jbG91ZHdheXNhcHBzLmNvbS9hcGkvbG9naW4iLCJpYXQiOjE2NDI0MTU0MDcsIm5iZiI6MTY0MjQxNTQwNywianRpIjoiTmhJMWRLakx0Q2E5RXc2bSIsInN1YiI6MTQ1LCJwcnYiOiI3NTI4OTU2NzEwZDFjNzViNjcxMzBkNGU0YzVjMGVlOWEwYWViNjE0IiwidHlwZSI6InBhdGllbnQifQ.RjWCXAbbJiSCXO8RwgfD5VTHPTec3WAih5dEUB8oSUM',	'21/08/2002',	'Male',	NULL,	'patient',	NULL,	NULL,	NULL,	NULL,	1,	'101642415375',	'patient.png',	1,	'2022-01-17 10:29:35',	'2022-01-17 10:30:07'),
(146,	'youssef',	'01205968606',	'youssefabuhamda@gmail.com',	'$2y$10$saWYL0444gedCfA1tfXdEOGHfdSPW7GI.JaCXRgMR0JjqYvi6Ibs6',	'eyJ0eXAiOiJKV1QiLCJhbGciOiJIUzI1NiJ9.eyJpc3MiOiJodHRwOi8vcGhwbGFyYXZlbC02OTUwMTgtMjMwMDQ3NC5jbG91ZHdheXNhcHBzLmNvbS9hcGkvbG9naW4iLCJpYXQiOjE2NDI0MTU2MjEsIm5iZiI6MTY0MjQxNTYyMSwianRpIjoiUjNBaExyM0hSZXI0YWNEeCIsInN1YiI6MTQ2LCJwcnYiOiI3NTI4OTU2NzEwZDFjNzViNjcxMzBkNGU0YzVjMGVlOWEwYWViNjE0IiwidHlwZSI6InBhdGllbnQifQ.TGKFD5LvktNCfR3kwIKISsN2UYZokxT1bcb8hGHwNUY',	'16/01/2001',	'Male',	NULL,	'patient',	NULL,	NULL,	NULL,	NULL,	1,	'31642415579',	'2208441642415659.jpg',	1,	'2022-01-17 10:32:59',	'2022-01-17 10:34:19'),
(147,	'mohamed lotfy',	'01008718631',	'mohamed80f@gmail.com',	'$2y$10$q030raiLQg65u.BgBe/d5eiBtytnwxA8c4SKvXZ7Pappb.l8ubD4K',	'eyJ0eXAiOiJKV1QiLCJhbGciOiJIUzI1NiJ9.eyJpc3MiOiJodHRwOi8vcGhwbGFyYXZlbC02OTUwMTgtMjMwMDQ3NC5jbG91ZHdheXNhcHBzLmNvbS9hcGkvbG9naW4iLCJpYXQiOjE2NDI0MTU5NjYsIm5iZiI6MTY0MjQxNTk2NiwianRpIjoiNmdZWEQ2eXFuVkRpdDhrMCIsInN1YiI6MTQ3LCJwcnYiOiI3NTI4OTU2NzEwZDFjNzViNjcxMzBkNGU0YzVjMGVlOWEwYWViNjE0IiwidHlwZSI6InBhdGllbnQifQ.j_tzNCQLw_ZsDyrz9B1eJLIIdNRmGC3bjjij1xFnPSg',	'04/02/2003',	'Male',	NULL,	'patient',	NULL,	NULL,	NULL,	NULL,	1,	'01642415947',	'patient.png',	1,	'2022-01-17 10:39:07',	'2022-01-17 10:39:26'),
(148,	'Md Rifat',	'01790544669',	'sheikhrifat289@gmail.com',	'$2y$10$0vN/4S0TXOlmQCERjgWUOeGjsJ0.RjCNGWZqAvN82j5mGvTOQDk3W',	'eyJ0eXAiOiJKV1QiLCJhbGciOiJIUzI1NiJ9.eyJpc3MiOiJodHRwOi8vcGhwbGFyYXZlbC02OTUwMTgtMjMwMDQ3NC5jbG91ZHdheXNhcHBzLmNvbS9hcGkvbG9naW4iLCJpYXQiOjE2NDI0MjA2MzgsIm5iZiI6MTY0MjQyMDYzOCwianRpIjoiOVVITnYxQ3pzQXNWeU9EbCIsInN1YiI6MTQ4LCJwcnYiOiI3NTI4OTU2NzEwZDFjNzViNjcxMzBkNGU0YzVjMGVlOWEwYWViNjE0IiwidHlwZSI6InBhdGllbnQifQ.WbCEJmwYt_EQXrbjVZgieDPVY0dq0dq47Kgw8BbjgfE',	'25/07/1998',	'Male',	NULL,	'patient',	NULL,	NULL,	NULL,	NULL,	1,	'21642420617',	'patient.png',	1,	'2022-01-17 11:56:57',	'2022-01-17 11:57:18'),
(149,	'mohamed',	'01000783767',	'my1326545@gmail.com',	'$2y$10$uQ30DEobqfoDxZVfmvZW9.LoqTxJ6o.3sKu4CAWJTSTnnFxgewFZu',	'eyJ0eXAiOiJKV1QiLCJhbGciOiJIUzI1NiJ9.eyJpc3MiOiJodHRwOi8vcGhwbGFyYXZlbC02OTUwMTgtMjMwMDQ3NC5jbG91ZHdheXNhcHBzLmNvbS9hcGkvbG9naW4iLCJpYXQiOjE2NDI0MjA4NDIsIm5iZiI6MTY0MjQyMDg0MiwianRpIjoiaVNVOGlrV2pIM05FMVlMYiIsInN1YiI6MTQ5LCJwcnYiOiI3NTI4OTU2NzEwZDFjNzViNjcxMzBkNGU0YzVjMGVlOWEwYWViNjE0IiwidHlwZSI6InBhdGllbnQifQ.ecid5pdfXwps9R1jqqeJ3dEpOWfqBIiM06WN_kZdxAk',	'17/01/2022',	'Male',	NULL,	'patient',	NULL,	NULL,	NULL,	NULL,	1,	'31642420826',	'patient.png',	1,	'2022-01-17 12:00:26',	'2022-01-17 12:00:42'),
(150,	'aa',	'010100000',	'mfa.ac30@gmail.com',	'$2y$10$uZXGPLL9mFe/B.1QHHIkq.Ki8EB7aUAYVRJ7JqvQi4to/S6QJeFyW',	NULL,	'12/01/2022',	'Male',	NULL,	'patient',	NULL,	NULL,	NULL,	NULL,	0,	'71642423374',	'patient.png',	1,	'2022-01-17 12:42:54',	'2022-01-17 12:42:54'),
(151,	'hb',	'010111679797888',	'mm3hh@gmail.com',	'$2y$10$ni.tCv70odcrh96JeXVmje23AZp2ObBGo7ogPcj8OeM4TZgAPAunO',	'eyJ0eXAiOiJKV1QiLCJhbGciOiJIUzI1NiJ9.eyJpc3MiOiJodHRwOi8vcGhwbGFyYXZlbC02OTUwMTgtMjMwMDQ3NC5jbG91ZHdheXNhcHBzLmNvbS9hcGkvbG9naW4iLCJpYXQiOjE2NDI0MjM1NTQsIm5iZiI6MTY0MjQyMzU1NCwianRpIjoic0VvNlRvbTFSTmxuc0twSCIsInN1YiI6MTUxLCJwcnYiOiI3NTI4OTU2NzEwZDFjNzViNjcxMzBkNGU0YzVjMGVlOWEwYWViNjE0IiwidHlwZSI6InBhdGllbnQifQ.G_quVbhYOl6cd7pv-VdnEkOBN8CoV5r35ayvnWHdcls',	'12/01/2022',	'Male',	NULL,	'patient',	NULL,	NULL,	NULL,	NULL,	1,	'81642423546',	'patient.png',	1,	'2022-01-17 12:45:46',	'2022-01-17 12:45:54'),
(152,	'php',	'01257235469',	'ahmedns1234567@gmail.com',	'$2y$10$6qvyuRcQe6iTxoNo0YAzPOc/uY9x08tTthLTKgA.yyEto566K4csy',	NULL,	'17/01/2022',	'Male',	NULL,	'patient',	NULL,	NULL,	NULL,	NULL,	0,	'101642434338',	'patient.png',	1,	'2022-01-17 15:45:38',	'2022-01-20 07:32:40'),
(153,	'علي',	'052399412',	'amsco.waled@gmail.com',	'$2y$10$5pGgkiA7ycunm8SUewF0A.LCTFJV3SfndZC8Bu8i8HQSOS/B9T4hK',	NULL,	'05/01/2022',	'Male',	NULL,	'patient',	NULL,	NULL,	NULL,	NULL,	0,	'71642458233',	'patient.png',	1,	'2022-01-17 22:23:53',	'2022-01-17 22:23:53'),
(154,	'waleed',	'0502399412',	'amsco.walead@gmail.com',	'$2y$10$q0EP.6RvksTG1uNFybloi.1M29n2AS8/UToiga2gnNifINqrkywvq',	'eyJ0eXAiOiJKV1QiLCJhbGciOiJIUzI1NiJ9.eyJpc3MiOiJodHRwOi8vcGhwbGFyYXZlbC02OTUwMTgtMjMwMDQ3NC5jbG91ZHdheXNhcHBzLmNvbS9hcGkvbG9naW4iLCJpYXQiOjE2NDI0NTg0NDIsIm5iZiI6MTY0MjQ1ODQ0MiwianRpIjoiUzUyTHBGeWlEa2d2TGZFRiIsInN1YiI6MTU0LCJwcnYiOiI3NTI4OTU2NzEwZDFjNzViNjcxMzBkNGU0YzVjMGVlOWEwYWViNjE0IiwidHlwZSI6InBhdGllbnQifQ.Jrwt4PKpjsYCMZYhT8hmMQgx_mjjJTqnwSXjB0SC-58',	'08/01/2022',	'Male',	NULL,	'patient',	NULL,	NULL,	NULL,	NULL,	1,	'31642458408',	'patient.png',	1,	'2022-01-17 22:26:48',	'2022-01-17 22:27:22'),
(155,	'Ahmed',	'01001306470',	'rabieahmed027@gmail.com',	'$2y$10$vVnyd6Fy/hWJjr8U.zTPx.MTRrLkZnqQ9CwpgNXujy0IQrW4komqu',	'eyJ0eXAiOiJKV1QiLCJhbGciOiJIUzI1NiJ9.eyJpc3MiOiJodHRwOi8vcGhwbGFyYXZlbC02OTUwMTgtMjMwMDQ3NC5jbG91ZHdheXNhcHBzLmNvbS9hcGkvbG9naW4iLCJpYXQiOjE2NDI0NjkzODMsIm5iZiI6MTY0MjQ2OTM4MywianRpIjoiT3paTThCbnJzeTl3SFJlRiIsInN1YiI6MTU1LCJwcnYiOiI3NTI4OTU2NzEwZDFjNzViNjcxMzBkNGU0YzVjMGVlOWEwYWViNjE0IiwidHlwZSI6InBhdGllbnQifQ.FXuSDYm4MfeAX3UwjWipHdU8C2LYMsf7yGv0qvbIgWg',	'26/09/2002',	'Male',	NULL,	'patient',	NULL,	NULL,	NULL,	NULL,	1,	'91642469364',	'patient.png',	1,	'2022-01-18 01:29:24',	'2022-01-18 01:29:43'),
(156,	'magdy',	'0100805670',	'memasoft@gmail.com',	'$2y$10$q4bwpyJncgK1CaFGmeBHKeaiZpbkkW8owP/gpbFpJVpha6HxtoFfi',	'eyJ0eXAiOiJKV1QiLCJhbGciOiJIUzI1NiJ9.eyJpc3MiOiJodHRwOi8vcGhwbGFyYXZlbC02OTUwMTgtMjMwMDQ3NC5jbG91ZHdheXNhcHBzLmNvbS9hcGkvbG9naW4iLCJpYXQiOjE2NDI1MDI5MTIsIm5iZiI6MTY0MjUwMjkxMiwianRpIjoiQ0RlbVJ6WTFjVElwZWVhZyIsInN1YiI6MTU2LCJwcnYiOiI3NTI4OTU2NzEwZDFjNzViNjcxMzBkNGU0YzVjMGVlOWEwYWViNjE0IiwidHlwZSI6InBhdGllbnQifQ.39HgrJmqLXeYQ-b1qocoom-LozKHv3IaSvknt2x8mJM',	'08/06/1987',	'Male',	NULL,	'patient',	NULL,	NULL,	NULL,	NULL,	1,	'01642502877',	'patient.png',	1,	'2022-01-18 10:47:57',	'2022-01-18 10:48:32'),
(157,	'bilalsaied',	'0994528634',	'bilalsaied1997@gmail.com',	'$2y$10$IVUcbuJVdUmCzV2Zyn7R5.FLZm2miezkMNchhi1Mjde.KdFUMPSXy',	'eyJ0eXAiOiJKV1QiLCJhbGciOiJIUzI1NiJ9.eyJpc3MiOiJodHRwOi8vcGhwbGFyYXZlbC02OTUwMTgtMjMwMDQ3NC5jbG91ZHdheXNhcHBzLmNvbS9hcGkvbG9naW4iLCJpYXQiOjE2NDI1MjY4MjksIm5iZiI6MTY0MjUyNjgyOSwianRpIjoidlNnZUZlSXNJU2xTZ1NiZiIsInN1YiI6MTU3LCJwcnYiOiI3NTI4OTU2NzEwZDFjNzViNjcxMzBkNGU0YzVjMGVlOWEwYWViNjE0IiwidHlwZSI6InBhdGllbnQifQ.AC4n7nPxmR8WPm_LMlMVVjoCIgjtY1R_v3I7yqGtV2g',	'07/09/1997',	'Male',	NULL,	'patient',	NULL,	NULL,	NULL,	NULL,	1,	'71642526802',	'patient.png',	1,	'2022-01-18 17:26:42',	'2022-01-18 17:27:09'),
(158,	'mom',	'05988886666',	'm@gmail.com',	'$2y$10$MvKjpdoE6qqSRefj46r5Huez/kVBVK.SepMy9NlVYpza2e0AdWZFW',	NULL,	'18/01/2022',	'Male',	NULL,	'patient',	NULL,	NULL,	NULL,	NULL,	0,	'61642530833',	'patient.png',	1,	'2022-01-18 18:33:53',	'2022-01-18 18:33:53'),
(159,	'Rasha Ibrahim',	'01110732223',	'rasha.ibrahim@kashati.net',	'$2y$10$nAEluXt2xf2RcjaQhRJSZ.aU.ZnLLGa/nvXFGRfwZtfIDUh3n.VB2',	'eyJ0eXAiOiJKV1QiLCJhbGciOiJIUzI1NiJ9.eyJpc3MiOiJodHRwOi8vcGhwbGFyYXZlbC02OTUwMTgtMjMwMDQ3NC5jbG91ZHdheXNhcHBzLmNvbS9hcGkvbG9naW4iLCJpYXQiOjE2NDI1MzczOTIsIm5iZiI6MTY0MjUzNzM5MiwianRpIjoicVFNZXdEM3o2SjA1VTlqcSIsInN1YiI6MTU5LCJwcnYiOiI3NTI4OTU2NzEwZDFjNzViNjcxMzBkNGU0YzVjMGVlOWEwYWViNjE0IiwidHlwZSI6InBhdGllbnQifQ.LRpKkQD1CPzUUuluAKLtzT_JbYvhssyXQrxC61q6NIc',	'07/02/1978',	'Female',	NULL,	'patient',	NULL,	NULL,	NULL,	NULL,	1,	'101642537369',	'patient.png',	1,	'2022-01-18 20:22:49',	'2022-01-18 20:23:12'),
(160,	'a7med 3sam',	'01002081128',	'ahmedessamsayed2003@gmail.com',	'$2y$10$2yWkc06wxhKSe7eeWmm.7ODow11YWYG79C1U/NaAi4Zr9mgfTmNTS',	'eyJ0eXAiOiJKV1QiLCJhbGciOiJIUzI1NiJ9.eyJpc3MiOiJodHRwOi8vcGhwbGFyYXZlbC02OTUwMTgtMjMwMDQ3NC5jbG91ZHdheXNhcHBzLmNvbS9hcGkvbG9naW4iLCJpYXQiOjE2NDI1OTYwMjEsIm5iZiI6MTY0MjU5NjAyMSwianRpIjoiNGxNWmpRZG5XS3pNUUpubyIsInN1YiI6MTYwLCJwcnYiOiI3NTI4OTU2NzEwZDFjNzViNjcxMzBkNGU0YzVjMGVlOWEwYWViNjE0IiwidHlwZSI6InBhdGllbnQifQ.ChnQG5_nnMnbXFEtYw2kDk7HDxxRE3_C0oDHBjhERpY',	'16/07/2003',	'Male',	NULL,	'patient',	NULL,	NULL,	NULL,	NULL,	1,	'11642596001',	'patient.png',	1,	'2022-01-19 12:40:01',	'2022-01-19 12:40:21'),
(161,	'Ali Bushra',	'0993756595',	'ali@gmail.com',	'$2y$10$F6mhSrOSy9F6zDg/h/C8AeZ5ZjFaOoG6J.jWWJV9iRfM0Lv8m7fjq',	'eyJ0eXAiOiJKV1QiLCJhbGciOiJIUzI1NiJ9.eyJpc3MiOiJodHRwOi8vcGhwbGFyYXZlbC02OTUwMTgtMjMwMDQ3NC5jbG91ZHdheXNhcHBzLmNvbS9hcGkvbG9naW4iLCJpYXQiOjE2NDI2MDIzNDUsIm5iZiI6MTY0MjYwMjM0NSwianRpIjoidG92ejN1N0daeEZWdEViYiIsInN1YiI6MTYxLCJwcnYiOiI3NTI4OTU2NzEwZDFjNzViNjcxMzBkNGU0YzVjMGVlOWEwYWViNjE0IiwidHlwZSI6InBhdGllbnQifQ.mHYCoJ9U12uXDZuDCBCcL_iNmPO2yN2hbP72DqOfB-4',	'19/01/2022',	'Female',	NULL,	'patient',	NULL,	NULL,	NULL,	NULL,	1,	'41642602316',	'patient.png',	1,	'2022-01-19 14:25:16',	'2022-01-19 14:25:45'),
(162,	'shimaa adel abd elgleel',	'01102571248',	'shimaabadwy875@gmail.com',	'$2y$10$FnLqztqT1qeBF/0ex/6uReDnAXh7wuEx8CDZJ.hkO.YuEw0ghzg1.',	'eyJ0eXAiOiJKV1QiLCJhbGciOiJIUzI1NiJ9.eyJpc3MiOiJodHRwOi8vcGhwbGFyYXZlbC02OTUwMTgtMjMwMDQ3NC5jbG91ZHdheXNhcHBzLmNvbS9hcGkvbG9naW4iLCJpYXQiOjE2NDI2MDYyNDksIm5iZiI6MTY0MjYwNjI0OSwianRpIjoiNlh0MzFrZmozakF3bmJSMSIsInN1YiI6MTYyLCJwcnYiOiI3NTI4OTU2NzEwZDFjNzViNjcxMzBkNGU0YzVjMGVlOWEwYWViNjE0IiwidHlwZSI6InBhdGllbnQifQ.3O8pX-UDdD8GyXKFCq4tfX5IdIkZJq0N8JONWAtyjTA',	'25/08/2000',	'Female',	NULL,	'patient',	NULL,	NULL,	NULL,	NULL,	1,	'41642606228',	'patient.png',	1,	'2022-01-19 15:30:28',	'2022-01-19 15:30:49'),
(163,	'ايمن',	'05347038327',	'km.eymen2003@gmail.com',	'$2y$10$3HJzYEcDoGLShtiotCzz2.N0EFWRL2gbpUFcg7HYkYPkpcU1buJMe',	'eyJ0eXAiOiJKV1QiLCJhbGciOiJIUzI1NiJ9.eyJpc3MiOiJodHRwOi8vcGhwbGFyYXZlbC02OTUwMTgtMjMwMDQ3NC5jbG91ZHdheXNhcHBzLmNvbS9hcGkvbG9naW4iLCJpYXQiOjE2NDI2ODA0MTgsIm5iZiI6MTY0MjY4MDQxOCwianRpIjoiQzVhQUdleFZ5VUEzTmQ5dyIsInN1YiI6MTYzLCJwcnYiOiI3NTI4OTU2NzEwZDFjNzViNjcxMzBkNGU0YzVjMGVlOWEwYWViNjE0IiwidHlwZSI6InBhdGllbnQifQ.ZsX3O4F3P4FKdlt3ExnXc-FJ-HlDZl6v4_WF652Liek',	'01/01/2003',	'Male',	NULL,	'patient',	NULL,	NULL,	NULL,	NULL,	1,	'01642680405',	'patient.png',	1,	'2022-01-20 12:06:45',	'2022-01-20 12:06:58'),
(164,	'Jehad Hassan',	'01015954848',	'gehadh207@gmail.com',	'$2y$10$Ztc5oCF9JsSxox3.uEKR6uHaYDlf3WHiMRey7.F.Fus9tc18wc34y',	'eyJ0eXAiOiJKV1QiLCJhbGciOiJIUzI1NiJ9.eyJpc3MiOiJodHRwOi8vcGhwbGFyYXZlbC02OTUwMTgtMjMwMDQ3NC5jbG91ZHdheXNhcHBzLmNvbS9hcGkvbG9naW4iLCJpYXQiOjE2NDI2OTkxNjgsIm5iZiI6MTY0MjY5OTE2OCwianRpIjoib21RSmtKNEYwSEdyMFBYRSIsInN1YiI6MTY0LCJwcnYiOiI3NTI4OTU2NzEwZDFjNzViNjcxMzBkNGU0YzVjMGVlOWEwYWViNjE0IiwidHlwZSI6InBhdGllbnQifQ.RkxnI73CMh88AsfmUGgbdbLxpP_upH6kwRIUNLbdnaE',	'06/10/2000',	'Female',	NULL,	'patient',	NULL,	NULL,	NULL,	NULL,	1,	'51642699157',	'6245941642699252.jpg',	1,	'2022-01-20 17:19:17',	'2022-01-20 17:20:52');

DROP TABLE IF EXISTS `patient_family_histories`;
CREATE TABLE `patient_family_histories` (
  `id` bigint(20) unsigned NOT NULL AUTO_INCREMENT,
  `patient_id` bigint(20) unsigned NOT NULL,
  `name` varchar(191) COLLATE utf8mb4_unicode_ci NOT NULL,
  `relation` varchar(191) COLLATE utf8mb4_unicode_ci NOT NULL,
  `diagnosis` varchar(191) COLLATE utf8mb4_unicode_ci NOT NULL,
  `note` varchar(191) COLLATE utf8mb4_unicode_ci DEFAULT NULL,
  `created_at` timestamp NULL DEFAULT NULL,
  `updated_at` timestamp NULL DEFAULT NULL,
  PRIMARY KEY (`id`),
  KEY `patient_family_histories_patient_id_foreign` (`patient_id`),
  CONSTRAINT `patient_family_histories_patient_id_foreign` FOREIGN KEY (`patient_id`) REFERENCES `patients` (`id`) ON DELETE CASCADE ON UPDATE CASCADE
) ENGINE=InnoDB DEFAULT CHARSET=utf8mb4 COLLATE=utf8mb4_unicode_ci;

INSERT INTO `patient_family_histories` (`id`, `patient_id`, `name`, `relation`, `diagnosis`, `note`, `created_at`, `updated_at`) VALUES
(4,	53,	'heba',	'aunt',	'healthy,attaché',	'high depression',	'2022-01-13 15:38:59',	'2022-01-13 15:38:59'),
(5,	151,	'h',	'j',	'n,b.',	'bbb',	'2022-01-17 12:47:07',	'2022-01-17 12:47:07');

DROP TABLE IF EXISTS `patient_medicals`;
CREATE TABLE `patient_medicals` (
  `id` bigint(20) unsigned NOT NULL AUTO_INCREMENT,
  `doctor_id` bigint(20) unsigned DEFAULT NULL,
  `patient_id` bigint(20) unsigned DEFAULT NULL,
  `doc_id` bigint(20) unsigned DEFAULT NULL,
  `created_at` timestamp NULL DEFAULT NULL,
  `updated_at` timestamp NULL DEFAULT NULL,
  PRIMARY KEY (`id`),
  KEY `patient_medicals_doctor_id_foreign` (`doctor_id`),
  KEY `patient_medicals_patient_id_foreign` (`patient_id`),
  KEY `patient_medicals_doc_id_foreign` (`doc_id`),
  CONSTRAINT `patient_medicals_doc_id_foreign` FOREIGN KEY (`doc_id`) REFERENCES `doctors` (`id`) ON DELETE CASCADE ON UPDATE CASCADE,
  CONSTRAINT `patient_medicals_doctor_id_foreign` FOREIGN KEY (`doctor_id`) REFERENCES `doctors` (`id`) ON DELETE CASCADE ON UPDATE CASCADE,
  CONSTRAINT `patient_medicals_patient_id_foreign` FOREIGN KEY (`patient_id`) REFERENCES `patients` (`id`) ON DELETE CASCADE ON UPDATE CASCADE
) ENGINE=InnoDB DEFAULT CHARSET=utf8mb4 COLLATE=utf8mb4_unicode_ci;

INSERT INTO `patient_medicals` (`id`, `doctor_id`, `patient_id`, `doc_id`, `created_at`, `updated_at`) VALUES
(6,	29,	35,	NULL,	'2022-01-12 13:28:33',	'2022-01-12 13:28:33'),
(7,	37,	58,	NULL,	'2022-01-14 11:30:38',	'2022-01-14 11:30:38'),
(8,	30,	77,	NULL,	'2022-01-15 13:24:03',	'2022-01-15 13:24:03');

DROP TABLE IF EXISTS `patient_medical_reports`;
CREATE TABLE `patient_medical_reports` (
  `id` bigint(20) unsigned NOT NULL AUTO_INCREMENT,
  `patient_id` bigint(20) unsigned NOT NULL,
  `images` text COLLATE utf8mb4_unicode_ci NOT NULL,
  `created_at` timestamp NULL DEFAULT NULL,
  `updated_at` timestamp NULL DEFAULT NULL,
  PRIMARY KEY (`id`),
  KEY `patient_medical_reports_patient_id_foreign` (`patient_id`),
  CONSTRAINT `patient_medical_reports_patient_id_foreign` FOREIGN KEY (`patient_id`) REFERENCES `patients` (`id`) ON DELETE CASCADE ON UPDATE CASCADE
) ENGINE=InnoDB DEFAULT CHARSET=utf8mb4 COLLATE=utf8mb4_unicode_ci;

INSERT INTO `patient_medical_reports` (`id`, `patient_id`, `images`, `created_at`, `updated_at`) VALUES
(10,	35,	'[\"2449001641993933.jpg\",\"3587551641993982.jpg\",\"5615261641993982.jpg\",\"7615091641993982.jpg\",\"3128871641993982.jpg\",\"9516901641993982.jpg\",\"160641641993982.jpg\",\"8378131641993982.jpg\",\"2256521641993982.jpg\",\"8194131641993982.jpg\",\"6020411641993982.jpg\",\"7249471641993982.jpg\",\"5141971641993982.jpg\",\"498551641993982.jpg\",\"7236171641993982.jpg\",\"629241641993982.jpg\",\"4685481641993982.jpg\",\"2355971641993982.jpg\",\"4967811641993982.jpg\"]',	'2022-01-11 15:37:47',	'2022-01-12 13:26:22'),
(11,	38,	'[]',	'2022-01-12 21:01:12',	'2022-01-12 21:02:58'),
(12,	52,	'[\"6225451642087755.jpg\"]',	'2022-01-13 15:29:15',	'2022-01-13 15:29:15'),
(13,	83,	'[]',	'2022-01-15 14:20:56',	'2022-01-15 14:21:37'),
(14,	118,	'[\"7673061642309725.jpg\"]',	'2022-01-16 05:08:45',	'2022-01-16 05:08:45'),
(15,	121,	'[\"7929411642318510.jpg\"]',	'2022-01-16 07:35:10',	'2022-01-16 07:35:10'),
(16,	137,	'[\"4458461642366197.jpg\",\"6524141642366216.jpg\",\"4190001642366235.jpg\",\"1955141642366253.jpg\",\"5184491642366275.jpg\"]',	'2022-01-16 20:49:57',	'2022-01-16 20:51:15'),
(17,	142,	'[]',	'2022-01-16 20:57:59',	'2022-01-16 20:58:08'),
(18,	77,	'[\"9412451642415473.jpg\"]',	'2022-01-17 10:31:13',	'2022-01-17 10:31:13');

DROP TABLE IF EXISTS `patient_personal_histories`;
CREATE TABLE `patient_personal_histories` (
  `id` bigint(20) unsigned NOT NULL AUTO_INCREMENT,
  `patient_id` bigint(20) unsigned NOT NULL,
  `disease` varchar(191) COLLATE utf8mb4_unicode_ci NOT NULL,
  `diagnosis_date` varchar(191) COLLATE utf8mb4_unicode_ci NOT NULL,
  `medicines` varchar(191) COLLATE utf8mb4_unicode_ci NOT NULL,
  `note` text COLLATE utf8mb4_unicode_ci,
  `created_at` timestamp NULL DEFAULT NULL,
  `updated_at` timestamp NULL DEFAULT NULL,
  PRIMARY KEY (`id`),
  KEY `patient_personal_histories_patient_id_foreign` (`patient_id`),
  CONSTRAINT `patient_personal_histories_patient_id_foreign` FOREIGN KEY (`patient_id`) REFERENCES `patients` (`id`) ON DELETE CASCADE ON UPDATE CASCADE
) ENGINE=InnoDB DEFAULT CHARSET=utf8mb4 COLLATE=utf8mb4_unicode_ci;

INSERT INTO `patient_personal_histories` (`id`, `patient_id`, `disease`, `diagnosis_date`, `medicines`, `note`, `created_at`, `updated_at`) VALUES
(9,	35,	'Corona virus',	'22/01/2020',	'pandol,extra,jobs,people,believe',	'Thanks for your 💙💙',	'2022-01-12 13:24:32',	'2022-01-12 13:24:59'),
(11,	53,	'fhati',	'12/01/2022',	'takwe7,curam,fucidin',	NULL,	'2022-01-13 15:39:57',	'2022-01-13 15:39:57'),
(12,	53,	'yfwrwtkxhx',	'12/01/2022',	'hkxyxh,jxjhxgjxhkxkh,ihxihxhxhx',	'khxhkxhkxhlx',	'2022-01-13 15:42:15',	'2022-01-13 15:42:15'),
(13,	57,	'ألم في الفخذ من الجنب ينتقل من الفخذ اليمين للشمال ووجع في الركب',	'14/01/2022',	'folic,acid,menaq',	NULL,	'2022-01-14 10:57:25',	'2022-01-14 10:57:25'),
(14,	77,	'Bbbv',	'15/01/2022',	'yhbv,jbh',	NULL,	'2022-01-15 13:22:18',	'2022-01-15 13:22:18'),
(15,	83,	'He',	'12/01/2022',	'test',	'Test',	'2022-01-15 14:20:15',	'2022-01-15 14:20:15'),
(16,	114,	'headache',	'16/01/2022',	'jhgf,hrgjn,hy',	'fghhg',	'2022-01-16 00:54:46',	'2022-01-16 00:54:46'),
(17,	118,	'صداع',	'10/01/2022',	'نااةو,نااةو,منال,تالا,تناغم,هموت',	'بس',	'2022-01-16 05:06:56',	'2022-01-16 05:06:56'),
(18,	121,	'yy',	'16/01/2022',	'good,duty,background',	'huinn have a Great big world of Warcraft account s the the the day and I will be the first time in the future of the day and I will be the day Android app and wanted to let you know that I have a great day Android app and wanted to let you know that I I will be the first time in the future of the day and I will be the first time in the future of the day and I will be the first time in the future of the day and I will be the first time in the future of the day and I will be the',	'2022-01-16 07:33:07',	'2022-01-16 07:33:59'),
(19,	137,	'غدة درقية',	'16/01/2022',	'التروكسين',	NULL,	'2022-01-16 20:49:16',	'2022-01-16 20:49:16'),
(20,	156,	'ffjfjc',	'18/01/2022',	'mmmmmmmmffj,fcjfjcc',	'ffjffh',	'2022-01-18 10:53:28',	'2022-01-18 10:53:28');

DROP TABLE IF EXISTS `patient_travel_histories`;
CREATE TABLE `patient_travel_histories` (
  `id` bigint(20) unsigned NOT NULL AUTO_INCREMENT,
  `patient_id` bigint(20) unsigned NOT NULL,
  `destination` varchar(191) COLLATE utf8mb4_unicode_ci NOT NULL,
  `date` varchar(191) COLLATE utf8mb4_unicode_ci NOT NULL,
  `note` varchar(191) COLLATE utf8mb4_unicode_ci DEFAULT NULL,
  `created_at` timestamp NULL DEFAULT NULL,
  `updated_at` timestamp NULL DEFAULT NULL,
  PRIMARY KEY (`id`),
  KEY `patient_travel_histories_patient_id_foreign` (`patient_id`),
  CONSTRAINT `patient_travel_histories_patient_id_foreign` FOREIGN KEY (`patient_id`) REFERENCES `patients` (`id`) ON DELETE CASCADE ON UPDATE CASCADE
) ENGINE=InnoDB DEFAULT CHARSET=utf8mb4 COLLATE=utf8mb4_unicode_ci;

INSERT INTO `patient_travel_histories` (`id`, `patient_id`, `destination`, `date`, `note`, `created_at`, `updated_at`) VALUES
(6,	53,	'bab el louk',	'13/01/2022',	'high depression',	'2022-01-13 15:36:02',	'2022-01-13 15:36:02'),
(7,	54,	'Fsishstava',	'13/01/2022',	'Chsjshsh',	'2022-01-13 16:13:35',	'2022-01-13 16:13:35');

DROP TABLE IF EXISTS `permissions`;
CREATE TABLE `permissions` (
  `id` int(10) unsigned NOT NULL AUTO_INCREMENT,
  `name` varchar(191) COLLATE utf8mb4_unicode_ci NOT NULL,
  `display_name` varchar(191) COLLATE utf8mb4_unicode_ci DEFAULT NULL,
  `description` varchar(191) COLLATE utf8mb4_unicode_ci DEFAULT NULL,
  `created_at` timestamp NULL DEFAULT NULL,
  `updated_at` timestamp NULL DEFAULT NULL,
  PRIMARY KEY (`id`),
  UNIQUE KEY `permissions_name_unique` (`name`)
) ENGINE=InnoDB DEFAULT CHARSET=utf8mb4 COLLATE=utf8mb4_unicode_ci;

INSERT INTO `permissions` (`id`, `name`, `display_name`, `description`, `created_at`, `updated_at`) VALUES
(1,	'create-users',	'Create Users',	'Create Users',	'2022-01-03 17:47:10',	'2022-01-03 17:47:10'),
(2,	'read-users',	'Read Users',	'Read Users',	'2022-01-03 17:47:10',	'2022-01-03 17:47:10'),
(3,	'update-users',	'Update Users',	'Update Users',	'2022-01-03 17:47:10',	'2022-01-03 17:47:10'),
(4,	'delete-users',	'Delete Users',	'Delete Users',	'2022-01-03 17:47:10',	'2022-01-03 17:47:10'),
(5,	'create-roles',	'Create Roles',	'Create Roles',	'2022-01-03 17:47:10',	'2022-01-03 17:47:10'),
(6,	'read-roles',	'Read Roles',	'Read Roles',	'2022-01-03 17:47:10',	'2022-01-03 17:47:10'),
(7,	'update-roles',	'Update Roles',	'Update Roles',	'2022-01-03 17:47:10',	'2022-01-03 17:47:10'),
(8,	'delete-roles',	'Delete Roles',	'Delete Roles',	'2022-01-03 17:47:10',	'2022-01-03 17:47:10'),
(9,	'create-doctors',	'Create Doctors',	'Create Doctors',	'2022-01-03 17:47:10',	'2022-01-03 17:47:10'),
(10,	'read-doctors',	'Read Doctors',	'Read Doctors',	'2022-01-03 17:47:10',	'2022-01-03 17:47:10'),
(11,	'update-doctors',	'Update Doctors',	'Update Doctors',	'2022-01-03 17:47:10',	'2022-01-03 17:47:10'),
(12,	'delete-doctors',	'Delete Doctors',	'Delete Doctors',	'2022-01-03 17:47:10',	'2022-01-03 17:47:10'),
(13,	'create-patients',	'Create Patients',	'Create Patients',	'2022-01-03 17:47:10',	'2022-01-03 17:47:10'),
(14,	'read-patients',	'Read Patients',	'Read Patients',	'2022-01-03 17:47:10',	'2022-01-03 17:47:10'),
(15,	'update-patients',	'Update Patients',	'Update Patients',	'2022-01-03 17:47:10',	'2022-01-03 17:47:10'),
(16,	'delete-patients',	'Delete Patients',	'Delete Patients',	'2022-01-03 17:47:10',	'2022-01-03 17:47:10'),
(17,	'create-firstaids',	'Create Firstaids',	'Create Firstaids',	'2022-01-03 17:47:10',	'2022-01-03 17:47:10'),
(18,	'read-firstaids',	'Read Firstaids',	'Read Firstaids',	'2022-01-03 17:47:10',	'2022-01-03 17:47:10'),
(19,	'update-firstaids',	'Update Firstaids',	'Update Firstaids',	'2022-01-03 17:47:10',	'2022-01-03 17:47:10'),
(20,	'delete-firstaids',	'Delete Firstaids',	'Delete Firstaids',	'2022-01-03 17:47:10',	'2022-01-03 17:47:10'),
(21,	'create-firstaidchildren',	'Create Firstaidchildren',	'Create Firstaidchildren',	'2022-01-03 17:47:10',	'2022-01-03 17:47:10'),
(22,	'read-firstaidchildren',	'Read Firstaidchildren',	'Read Firstaidchildren',	'2022-01-03 17:47:10',	'2022-01-03 17:47:10'),
(23,	'update-firstaidchildren',	'Update Firstaidchildren',	'Update Firstaidchildren',	'2022-01-03 17:47:10',	'2022-01-03 17:47:10'),
(24,	'delete-firstaidchildren',	'Delete Firstaidchildren',	'Delete Firstaidchildren',	'2022-01-03 17:47:10',	'2022-01-03 17:47:10'),
(25,	'create-emergencs',	'Create Emergencs',	'Create Emergencs',	'2022-01-03 17:47:10',	'2022-01-03 17:47:10'),
(26,	'read-emergencs',	'Read Emergencs',	'Read Emergencs',	'2022-01-03 17:47:10',	'2022-01-03 17:47:10'),
(27,	'update-emergencs',	'Update Emergencs',	'Update Emergencs',	'2022-01-03 17:47:10',	'2022-01-03 17:47:10'),
(28,	'delete-emergencs',	'Delete Emergencs',	'Delete Emergencs',	'2022-01-03 17:47:10',	'2022-01-03 17:47:10'),
(29,	'create-emergencchildren',	'Create Emergencchildren',	'Create Emergencchildren',	'2022-01-03 17:47:10',	'2022-01-03 17:47:10'),
(30,	'read-emergencchildren',	'Read Emergencchildren',	'Read Emergencchildren',	'2022-01-03 17:47:10',	'2022-01-03 17:47:10'),
(31,	'update-emergencchildren',	'Update Emergencchildren',	'Update Emergencchildren',	'2022-01-03 17:47:10',	'2022-01-03 17:47:10'),
(32,	'delete-emergencchildren',	'Delete Emergencchildren',	'Delete Emergencchildren',	'2022-01-03 17:47:10',	'2022-01-03 17:47:10'),
(33,	'create-logoutdoctors',	'Create Logoutdoctors',	'Create Logoutdoctors',	'2022-01-03 17:47:10',	'2022-01-03 17:47:10'),
(34,	'read-logoutdoctors',	'Read Logoutdoctors',	'Read Logoutdoctors',	'2022-01-03 17:47:10',	'2022-01-03 17:47:10'),
(35,	'update-logoutdoctors',	'Update Logoutdoctors',	'Update Logoutdoctors',	'2022-01-03 17:47:10',	'2022-01-03 17:47:10'),
(36,	'delete-logoutdoctors',	'Delete Logoutdoctors',	'Delete Logoutdoctors',	'2022-01-03 17:47:10',	'2022-01-03 17:47:10'),
(37,	'create-logoutpatients',	'Create Logoutpatients',	'Create Logoutpatients',	'2022-01-03 17:47:10',	'2022-01-03 17:47:10'),
(38,	'read-logoutpatients',	'Read Logoutpatients',	'Read Logoutpatients',	'2022-01-03 17:47:10',	'2022-01-03 17:47:10'),
(39,	'update-logoutpatients',	'Update Logoutpatients',	'Update Logoutpatients',	'2022-01-03 17:47:10',	'2022-01-03 17:47:10'),
(40,	'delete-logoutpatients',	'Delete Logoutpatients',	'Delete Logoutpatients',	'2022-01-03 17:47:10',	'2022-01-03 17:47:10');

DROP TABLE IF EXISTS `permission_role`;
CREATE TABLE `permission_role` (
  `permission_id` int(10) unsigned NOT NULL,
  `role_id` int(10) unsigned NOT NULL,
  PRIMARY KEY (`permission_id`,`role_id`),
  KEY `permission_role_role_id_foreign` (`role_id`),
  CONSTRAINT `permission_role_permission_id_foreign` FOREIGN KEY (`permission_id`) REFERENCES `permissions` (`id`) ON DELETE CASCADE ON UPDATE CASCADE,
  CONSTRAINT `permission_role_role_id_foreign` FOREIGN KEY (`role_id`) REFERENCES `roles` (`id`) ON DELETE CASCADE ON UPDATE CASCADE
) ENGINE=InnoDB DEFAULT CHARSET=utf8mb4 COLLATE=utf8mb4_unicode_ci;

INSERT INTO `permission_role` (`permission_id`, `role_id`) VALUES
(1,	1),
(2,	1),
(3,	1),
(4,	1),
(5,	1),
(6,	1),
(7,	1),
(8,	1),
(9,	1),
(10,	1),
(11,	1),
(12,	1),
(13,	1),
(14,	1),
(15,	1),
(16,	1),
(17,	1),
(17,	2),
(18,	1),
(18,	2),
(19,	1),
(19,	2),
(20,	1),
(20,	2),
(21,	1),
(21,	2),
(22,	1),
(22,	2),
(23,	1),
(23,	2),
(24,	1),
(24,	2),
(25,	1),
(25,	2),
(26,	1),
(26,	2),
(27,	1),
(27,	2),
(28,	1),
(28,	2),
(29,	1),
(29,	2),
(30,	1),
(30,	2),
(31,	1),
(31,	2),
(32,	1),
(32,	2),
(33,	1),
(34,	1),
(35,	1),
(36,	1),
(37,	1),
(38,	1),
(39,	1),
(40,	1);

DROP TABLE IF EXISTS `permission_user`;
CREATE TABLE `permission_user` (
  `permission_id` int(10) unsigned NOT NULL,
  `user_id` int(10) unsigned NOT NULL,
  `user_type` varchar(191) COLLATE utf8mb4_unicode_ci NOT NULL,
  PRIMARY KEY (`user_id`,`permission_id`,`user_type`),
  KEY `permission_user_permission_id_foreign` (`permission_id`),
  CONSTRAINT `permission_user_permission_id_foreign` FOREIGN KEY (`permission_id`) REFERENCES `permissions` (`id`) ON DELETE CASCADE ON UPDATE CASCADE
) ENGINE=InnoDB DEFAULT CHARSET=utf8mb4 COLLATE=utf8mb4_unicode_ci;


DROP TABLE IF EXISTS `roles`;
CREATE TABLE `roles` (
  `id` int(10) unsigned NOT NULL AUTO_INCREMENT,
  `name` varchar(191) COLLATE utf8mb4_unicode_ci NOT NULL,
  `display_name` varchar(191) COLLATE utf8mb4_unicode_ci DEFAULT NULL,
  `description` varchar(191) COLLATE utf8mb4_unicode_ci DEFAULT NULL,
  `created_at` timestamp NULL DEFAULT NULL,
  `updated_at` timestamp NULL DEFAULT NULL,
  PRIMARY KEY (`id`),
  UNIQUE KEY `roles_name_unique` (`name`)
) ENGINE=InnoDB DEFAULT CHARSET=utf8mb4 COLLATE=utf8mb4_unicode_ci;

INSERT INTO `roles` (`id`, `name`, `display_name`, `description`, `created_at`, `updated_at`) VALUES
(1,	'super',	'Super',	'Super',	'2022-01-03 17:47:10',	'2022-01-03 17:47:10'),
(2,	'user',	'User',	'user',	'2022-01-06 19:45:17',	'2022-01-06 19:45:17');

DROP TABLE IF EXISTS `role_user`;
CREATE TABLE `role_user` (
  `role_id` int(10) unsigned NOT NULL,
  `user_id` int(10) unsigned NOT NULL,
  `user_type` varchar(191) COLLATE utf8mb4_unicode_ci NOT NULL,
  PRIMARY KEY (`user_id`,`role_id`,`user_type`),
  KEY `role_user_role_id_foreign` (`role_id`),
  CONSTRAINT `role_user_role_id_foreign` FOREIGN KEY (`role_id`) REFERENCES `roles` (`id`) ON DELETE CASCADE ON UPDATE CASCADE
) ENGINE=InnoDB DEFAULT CHARSET=utf8mb4 COLLATE=utf8mb4_unicode_ci;

INSERT INTO `role_user` (`role_id`, `user_id`, `user_type`) VALUES
(1,	1,	'App\\User'),
(2,	3,	'App\\User');

DROP TABLE IF EXISTS `specials`;
CREATE TABLE `specials` (
  `id` bigint(20) unsigned NOT NULL AUTO_INCREMENT,
  `name` varchar(191) COLLATE utf8mb4_unicode_ci NOT NULL,
  `created_at` timestamp NULL DEFAULT NULL,
  `updated_at` timestamp NULL DEFAULT NULL,
  PRIMARY KEY (`id`)
) ENGINE=InnoDB DEFAULT CHARSET=utf8mb4 COLLATE=utf8mb4_unicode_ci;


DROP TABLE IF EXISTS `users`;
CREATE TABLE `users` (
  `id` bigint(20) unsigned NOT NULL AUTO_INCREMENT,
  `name` varchar(191) COLLATE utf8mb4_unicode_ci NOT NULL,
  `email` varchar(191) COLLATE utf8mb4_unicode_ci NOT NULL,
  `phone` varchar(191) COLLATE utf8mb4_unicode_ci DEFAULT NULL,
  `address` varchar(191) COLLATE utf8mb4_unicode_ci DEFAULT NULL,
  `email_verified_at` timestamp NULL DEFAULT NULL,
  `password` varchar(191) COLLATE utf8mb4_unicode_ci NOT NULL,
  `image` varchar(191) COLLATE utf8mb4_unicode_ci DEFAULT NULL,
  `remember_token` varchar(100) COLLATE utf8mb4_unicode_ci DEFAULT NULL,
  `created_at` timestamp NULL DEFAULT NULL,
  `updated_at` timestamp NULL DEFAULT NULL,
  PRIMARY KEY (`id`),
  UNIQUE KEY `users_email_unique` (`email`),
  UNIQUE KEY `users_phone_unique` (`phone`)
) ENGINE=InnoDB DEFAULT CHARSET=utf8mb4 COLLATE=utf8mb4_unicode_ci;

INSERT INTO `users` (`id`, `name`, `email`, `phone`, `address`, `email_verified_at`, `password`, `image`, `remember_token`, `created_at`, `updated_at`) VALUES
(1,	'Super',	'super@eg.com',	NULL,	NULL,	NULL,	'$2y$10$x7eoUjA7p8bO.eNW17q4x.Q/QHswE8Xk369L6MZY8ETdujfDlJM6y',	NULL,	NULL,	'2022-01-03 17:47:10',	'2022-01-03 17:47:10'),
(3,	'mohammed',	'mohammed@gmail.com',	'01242648954',	'Cairo',	NULL,	'$2y$10$1YQwPnQ.stHw4seWV/As0Oq6Fzl69bR6pby0nZ6yW31ojs6c0vm2q',	'6544751641498345.png',	NULL,	'2022-01-06 19:44:25',	'2022-01-06 19:45:45');

-- 2022-01-20 18:30:20
